run	BC1	BC2	BC3	BC4	BC5
795	1379.7917235574	1323.5974159971	4687.7401258408	5058.5132287513	4296.3132196497
796	1379.8402940985	1322.8794328367	4687.5720979199	5058.3660959512	4295.4469900800
797	1379.8325069529	1322.2209342699	4687.4064686603	5058.2826142634	4294.6686750055
798	1379.7701391446	1321.6205645420	4687.2430829094	5058.2585653608	4293.9751519498
799	1379.6549676979	1321.0769678981	4687.0817855150	5058.2897309163	4293.3632984366
800	1379.4887696368	1320.5887885833	4686.9224213246	5058.3718926029	4292.8299919893
801	1379.2733219856	1320.1546708428	4686.7648351858	5058.5008320935	4292.3721101317
802	1379.0104017684	1319.7732589218	4686.6088719462	5058.6723310609	4291.9865303873
803	1378.7017860094	1319.4431970653	4686.4543764534	5058.8821711782	4291.6701302796
804	1378.3492517327	1319.1631295185	4686.3011935550	5059.1261341181	4291.4197873323
805	1377.9545759625	1318.9317005267	4686.1491680985	5059.4000015537	4291.2323790689
806	1377.5195357230	1318.7475543348	4685.9981449316	5059.6994734536	4291.1047830130
807	1377.0459080384	1318.6093351882	4685.8479689019	5060.0199229694	4291.0338766883
808	1376.5354699327	1318.5156873318	4685.6984848569	5060.3566415486	4291.0165376182
809	1375.9899984302	1318.4652550109	4685.5495376443	5060.7049206386	4291.0496433264
810	1375.4112705550	1318.4566824707	4685.4009721116	5061.0600516866	4291.1300713365
811	1374.8010633313	1318.4886139562	4685.2526331065	5061.4173261403	4291.2546991721
812	1374.1611537833	1318.5596937126	4685.1043654765	5061.7720354468	4291.4204043566
813	1373.4933189351	1318.6685659851	4684.9560140692	5062.1194710538	4291.6240644138
814	1372.7993358108	1318.8138750187	4684.8074237322	5062.4549244085	4291.8625568672
815	1372.0809814348	1318.9942650587	4684.6583796507	5062.7742226429	4292.1327592404
816	1371.3400328310	1319.2083803503	4684.5084283604	5063.0753356276	4292.4315490569
817	1370.5782670237	1319.4548651384	4684.3570567345	5063.3567689177	4292.7558038404
818	1369.7974610370	1319.7323636684	4684.2037516461	5063.6170280682	4293.1024011145
819	1368.9993918952	1320.0395201853	4684.0479999686	5063.8546186342	4293.4682184026
820	1368.1858366223	1320.3749789343	4683.8892885752	5064.0680461709	4293.8501332285
821	1367.3585722425	1320.7373841605	4683.7271043390	5064.2558162333	4294.2450231157
822	1366.5193757801	1321.1253801091	4683.5609341334	5064.4164343766	4294.6497655878
823	1365.6700242591	1321.5376110252	4683.3902648315	5064.5484061558	4295.0612381683
824	1364.8122947037	1321.9727211540	4683.2145833067	5064.6502371260	4295.4763183809
825	1363.9479641381	1322.4293547407	4683.0333764320	5064.7204328424	4295.8918837491
826	1363.0788095865	1322.9061560303	4682.8461310808	5064.7574988600	4296.3048117966
827	1362.2066080730	1323.4017692680	4682.6523341263	5064.7599407339	4296.7119800469
828	1361.3331366218	1323.9148386990	4682.4514724417	5064.7262640193	4297.1102660235
829	1360.4601722570	1324.4440085684	4682.2430329003	5064.6549742712	4297.4965472501
830	1359.5894920028	1324.9879231214	4682.0265023752	5064.5445770447	4297.8677012503
831	1358.7228728834	1325.5452266031	4681.8013677397	5064.3935778949	4298.2206055477
832	1357.8620919229	1326.1145632586	4681.5671158671	5064.2004823770	4298.5521376658
833	1357.0089261455	1326.6945773332	4681.3232336306	5063.9637960460	4298.8591751282
834	1356.1651525754	1327.2839130719	4681.0692079033	5063.6820244570	4299.1385954585
835	1355.3325482368	1327.8812147199	4680.8045255586	5063.3536731651	4299.3872761803
836	1354.5128901537	1328.4851265223	4680.5286734697	5062.9772477254	4299.6020948171
837	1353.7079553504	1329.0942927243	4680.2411385098	5062.5512536930	4299.7799288927
838	1352.9195208510	1329.7073575711	4679.9414075521	5062.0741966231	4299.9176559304
839	1352.1493636796	1330.3229653078	4679.6289674698	5061.5445820706	4300.0121534540
840	1351.3992608606	1330.9397601795	4679.3033051363	5060.9609155908	4300.0602989870
841	1350.6709894179	1331.5563864314	4678.9639074247	5060.3217027386	4300.0589700531
842	1349.9663263759	1332.1714883086	4678.6102612082	5059.6254490693	4300.0050441757
843	1349.2870487585	1332.7837100563	4678.2418533601	5058.8706601379	4299.8953988784
844	1348.6349335901	1333.3916959196	4677.8579272636	5058.0572296107	4299.7274055303
845	1348.0117578948	1333.9940901437	4677.4567523416	5057.1906035994	4299.5004108813
846	1347.4192986966	1334.5895369737	4677.0363545272	5056.2776163268	4299.2142555272
847	1346.8593330199	1335.1766806548	4676.5947597533	5055.3251020157	4298.8687800633
848	1346.3336378888	1335.7541654321	4676.1299939527	5054.3398948890	4298.4638250852
849	1345.8439903273	1336.3206355507	4675.6400830585	5053.3288291694	4297.9992311883
850	1345.3921673598	1336.8747352559	4675.1230530036	5052.2987390800	4297.4748389682
851	1344.9799460103	1337.4151087927	4674.5769297210	5051.2564588434	4296.8904890204
852	1344.6091033030	1337.9404004063	4673.9997391436	5050.2088226826	4296.2460219403
853	1344.2814162622	1338.4492543419	4673.3895072043	5049.1626648203	4295.5412783236
854	1343.9986619118	1338.9403148446	4672.7442598361	5048.1248194795	4294.7760987656
855	1343.7626172762	1339.4122261595	4672.0620229720	5047.1021208829	4293.9503238618
856	1343.5750593795	1339.8636325318	4671.3408225449	5046.1014032535	4293.0637942079
857	1343.4377652458	1340.2931782067	4670.5786844877	5045.1295008140	4292.1163503992
858	1343.3525118993	1340.6995074293	4669.7736347335	5044.1932477873	4291.1078330313
859	1343.3210763641	1341.0812644446	4668.9236992150	5043.2994783962	4290.0380826997
860	1343.3452356645	1341.4370934980	4668.0269038654	5042.4550268636	4288.9069399999
861	1343.4267668246	1341.7656388345	4667.0812746175	5041.6667274124	4287.7142455274
862	1343.5674468686	1342.0655446993	4666.0848374043	5040.9414142653	4286.4598398776
863	1343.7673981255	1342.3354553375	4665.0356181587	5040.2859216452	4285.1435636462
864	1344.0201241446	1342.5740149943	4663.9316428137	5039.7070837749	4283.7652574286
865	1344.3174737797	1342.7798679148	4662.7709373023	5039.2117348773	4282.3247618202
866	1484.6122436523	1342.9516583441	4661.5515275573	5038.8067091753	4280.8219174167
867	1481.0650310516	1343.0880305275	4660.2724529565	5038.4969093913	4279.2463958247
868	1476.1443786621	1343.1876287100	4658.9368066563	5038.2795122466	4277.5471926966
869	1472.1140995026	1343.2490971369	4657.5486952579	5038.1497629618	4275.6631346955
870	1470.6891460419	1343.2710800532	4656.1122253627	5038.1029067580	4273.5330484851
871	1473.0356407166	1343.2522217041	4654.6315035716	5038.1341888559	4271.0957607287
872	1479.7708644867	1343.1911663348	4653.1106364861	5038.2388544764	4268.2900980897
873	1490.9632949829	1343.0865581903	4651.5537307073	5038.4121488402	4265.0548872316
874	1506.1325073242	1342.9370415159	4649.9648928363	5038.6493171684	4261.3289548178
875	1347.9520169071	1342.7412605568	4648.3482294745	5038.9456046816	4257.0511275118
876	1348.2022506864	1342.4978595579	4646.7078472230	5039.2962566007	4252.1602319769
877	1348.4008070341	1342.2054827645	4645.0478526830	5039.6965181465	4246.5950948767
878	1348.5470983232	1341.8627744218	4643.3723524558	5040.1416345400	4240.2945428744
879	1348.6420496302	1341.4683787749	4641.6854531425	5040.6268510019	4233.1974026336
880	1348.6865860318	1341.0209400688	4639.9912613443	5041.1474127531	4225.2425008177
881	1348.6816326048	1340.5191025489	4638.2946243496	5041.6985650144	4216.4448169453
882	1348.6281144256	1268.3737277241	4636.6033521948	5042.2755530066	4207.1239419551
883	1348.5278354547	1267.9464940167	4634.9259956033	5042.8736219506	4197.6756196412
884	1348.3861151862	1267.5112966149	4633.2711052988	5043.4880170673	4188.4955937977
885	1348.2091519982	1267.0705268576	4631.6472320047	5044.1139835774	4179.9796082184
886	1348.0031442683	1266.6265760841	4630.0629264445	5044.7467667018	4172.5234066974
887	1347.7742903746	1266.1818356332	4628.5267393417	5045.3816116614	4166.5227330287
888	1347.5287886949	1265.7386968440	4627.0472214199	5046.0137636769	4162.2475630454
889	1347.2728376071	1265.2995510556	4625.6329234025	5046.6384679693	4159.4648007364
890	1347.0126354891	1264.8667896070	4624.2923960131	5047.2509697593	4157.8155821299
891	1346.7543807186	1264.4428038373	4623.0341899752	5047.8465142677	4156.9410432541
892	1346.5042716737	1264.0299850854	4621.8668560122	5048.4203467156	4156.4823201370
893	1346.2685067322	1263.6307246904	4620.7967415000	5048.9683699584	4156.1399905626
894	1346.0532842719	1263.2474139915	4619.8213804233	5049.4891173916	4155.8523993383
895	1345.8633888317	1262.8824443275	4618.9361034192	5049.9817800451	4155.6173330273
896	1345.6979495942	1262.5382070376	4618.1362411245	5050.4455489490	4155.4325781928
897	1345.5546819029	1262.2170934608	4617.4171241764	5050.8796151334	4155.2959213980
898	1345.4313011014	1261.9214949361	4616.7740832118	5051.2831696285	4155.2051492063
899	1345.3255225331	1261.6538028026	4616.2024488678	5051.6554034642	4155.1580481808
900	1345.2350615417	1261.4164083993	4615.6975517813	5051.9955076708	4155.1524048847
901	1345.1576334707	1261.2117030653	4615.2547225893	5052.3026732782	4155.1860058812
902	1345.0909536636	1261.0420781395	4614.8692919290	5052.5760913166	4155.2566377337
903	1345.0327374639	1260.9099249611	4614.5365904372	5052.8149528160	4155.3620870053
904	1344.9807002152	1260.8176348691	4614.2519487509	5053.0184488067	4155.5001402592
905	1344.9325572611	1260.7675992025	4614.0106975073	5053.1857703185	4155.6685840587
906	1344.8860239450	1260.7622093003	4613.8081673433	5053.3161083817	4155.8652049670
907	1344.8388156106	1260.8038565017	4613.6396888958	5053.4086540263	4156.0877895473
908	1344.7886476012	1260.8949321456	4613.5005928020	5053.4625982824	4156.3341243629
909	1344.7332352606	1261.0378275710	4613.3862096988	5053.4771321800	4156.6019959769
910	1344.6702939322	1261.2349341171	4613.2918702232	5053.4514467494	4156.8891909527
911	1344.5975389596	1261.4886431229	4613.2129050122	5053.3847330206	4157.1934958533
912	1344.5126856862	1261.8013459274	4613.1446447029	5053.2761820236	4157.5126972422
913	1344.4134494557	1262.1754338696	4613.0824199322	5053.1249847885	4157.8445816824
914	1344.2975456116	1262.6132982886	4613.0215613371	5052.9303323455	4158.1869357372
915	1344.1626894974	1263.1173305234	4612.9573995547	5052.6914157246	4158.5375459698
916	1344.0065964567	1263.6899219131	4612.8852652220	5052.4074259560	4158.8941989436
917	1343.8269818330	1264.3334637967	4612.8004889760	5052.0775540696	4159.2546812216
918	1343.6215609698	1265.0503475133	4612.6984014536	5051.7009910957	4159.6167793671
919	1343.3880492107	1265.8429644018	4612.5743332919	5051.2769280642	4159.9782799434
920	1343.1241618992	1266.7137058014	4612.4236151280	5050.8045560053	4160.3369695136
921	1342.8276143789	1267.6649630510	4612.2415775987	5050.2830659491	4160.6906346410
922	1342.4961219932	1268.6991274898	4612.0235513411	5049.7116489256	4161.0370618889
923	1342.1274000858	1269.8185904567	4611.7648669922	5049.0894959650	4161.3740378204
924	1341.7191640002	1271.0257432908	4611.4608551891	5048.4157980973	4161.6993489988
925	1341.2691290799	1272.3229773312	4611.1068465687	5047.6897463526	4162.0107819873
926	1340.7750106685	1273.7126839168	4610.6981717680	5046.9105317610	4162.3061233491
927	1340.2345241094	1275.1972543868	4610.2301614241	5046.0773453526	4162.5831596474
928	1339.6453847463	1276.7790800801	4609.6981461739	5045.1893781575	4162.8396774456
929	1339.0053079226	1278.4605523358	4609.0974566545	5044.2458212058	4163.0734633068
930	1338.3120089819	1280.2440624929	4608.4234235029	5043.2458655275	4163.2823037941
931	0.0000000000	0.0000000000	4733.5871750624	5093.2402800674	4329.0944213502
932	0.0000000000	0.0000000000	4732.4780299193	5093.7668327404	4326.3629103585
933	0.0000000000	0.0000000000	4731.4143303034	5094.2837288587	4323.7073655678
934	0.0000000000	0.0000000000	4730.3953313360	5094.7910458643	4321.1267496092
935	0.0000000000	0.0000000000	4729.4202881382	5095.2888611994	4318.6200251142
936	0.0000000000	0.0000000000	4728.4884558313	5095.7772523058	4316.1861547142
937	0.0000000000	0.0000000000	4727.5990895365	5096.2562966257	4313.8241010404
938	0.0000000000	0.0000000000	4726.7514443752	5096.7260716009	4311.5328267242
939	0.0000000000	0.0000000000	4725.9447754684	5097.1866546735	4309.3112943971
940	0.0000000000	0.0000000000	4725.1783379375	5097.6381232856	4307.1584666902
941	0.0000000000	0.0000000000	4724.4513869036	5098.0805548790	4305.0733062351
942	0.0000000000	0.0000000000	4723.7631774881	5098.5140268959	4303.0547756630
943	0.0000000000	0.0000000000	4723.1129648122	5098.9386167782	4301.1018376053
944	0.0000000000	0.0000000000	4722.5000039970	5099.3544019680	4299.2134546933
945	0.0000000000	0.0000000000	4721.9235501639	5099.7614599071	4297.3885895584
946	0.0000000000	0.0000000000	4721.3828584341	5100.1598680377	4295.6262048320
947	0.0000000000	0.0000000000	4720.8771839288	5100.5497038018	4293.9252631454
948	0.0000000000	0.0000000000	4720.4057817692	5100.9310446413	4292.2847271300
949	0.0000000000	0.0000000000	4719.9679070767	5101.3039679983	4290.7035594171
950	0.0000000000	0.0000000000	4719.5628149723	5101.6685513147	4289.1807226380
951	0.0000000000	0.0000000000	4719.1897605775	5102.0248720326	4287.7151794242
952	0.0000000000	0.0000000000	4718.8479990133	5102.3730075940	4286.3058924069
953	0.0000000000	0.0000000000	4718.5367854011	5102.7130354408	4284.9518242175
954	0.0000000000	0.0000000000	4718.2553748621	5103.0450330151	4283.6519374875
955	0.0000000000	0.0000000000	4718.0030225175	5103.3690777590	4282.4051948481
956	0.0000000000	0.0000000000	4717.7789834886	5103.6852471143	4281.2105589306
957	0.0000000000	0.0000000000	4717.5825128965	5103.9936185231	4280.0669923665
958	0.0000000000	0.0000000000	4717.4128658626	5104.2942694274	4278.9734577871
959	0.0000000000	0.0000000000	4717.2692975081	5104.5872772692	4277.9289178238
960	0.0000000000	0.0000000000	4717.1510629542	5104.8727194906	4276.9323351078
961	0.0000000000	0.0000000000	4717.0574173221	5105.1506735334	4275.9826722706
962	0.0000000000	0.0000000000	4716.9876157331	5105.4212168398	4275.0788919435
963	2010.6404797978	1733.5064554367	4716.9409133084	5105.6844268518	4274.2199567578
964	2021.1391121622	1738.2528112935	4716.9165651693	5105.9403810112	4273.4048293450
965	2028.3027036594	1742.5866266091	4716.9138264371	5106.1891567602	4272.6324723363
966	2032.5439384630	1746.5239989497	4716.9319522328	5106.4308315408	4271.9018483632
967	2034.2755007461	1750.0810258819	4716.9701976778	5106.6654827949	4271.2119200569
968	2033.9100746822	1753.2738049718	4717.0278178934	5106.8931879646	4270.5616500488
969	2031.8603444447	1756.1184337859	4717.1040680007	5107.1140244918	4269.9500009704
970	2028.5389942069	1758.6310098905	4717.1982031210	5107.3280698186	4269.3759354528
971	2024.3587081421	1760.8276308520	4717.3094783755	5107.5354013870	4268.8384161275
972	2019.7321704237	1762.7243942367	4717.4371488855	5107.7360966389	4268.3364056259
973	2015.0720652251	1764.3373976110	4717.5804697722	5107.9302330165	4267.8688665793
974	2010.7910767196	1765.6827385413	4717.7386961569	5108.1178879616	4267.4347616190
975	2007.2417189715	1766.7765145938	4717.9110831607	5108.2991389163	4267.0330533764
976	2004.5358256086	1767.6348233350	4718.0968859050	5108.4740633227	4266.6627044829
977	2002.7250601495	1768.2737623312	4718.2953595109	5108.6427386226	4266.3226775697
978	2001.8610861131	1768.7094291488	4718.5057590997	5108.8052422582	4266.0119352683
979	2001.9955670180	1768.9579213540	4718.7273397927	5108.9616516713	4265.7294402101
980	2003.1801663830	1769.0353365134	4718.9593567110	5109.1120443041	4265.4741550262
981	2005.4665477267	1768.9577721931	4719.2010649759	5109.2564975985	4265.2450423482
982	2008.9063745679	1768.7413259596	4719.4517197087	5109.3950889966	4265.0410648074
983	2013.4805466129	1768.4020953793	4719.7105760306	5109.5278959403	4264.8611850351
984	2018.8869083185	1767.9561780184	4719.9768890628	5109.6549958716	4264.7043656627
985	2024.7525403291	1767.4196714434	4720.2499139266	5109.7764662326	4264.5695693215
986	2030.7045232892	1766.8086732206	4720.5289057432	5109.8923844653	4264.4557586429
987	2036.3699378432	1766.1392809163	4720.8131196338	5110.0028280116	4264.3618962582
988	2041.3758646355	1765.4275920969	4721.1018107197	5110.1078743136	4264.2869447988
989	2045.3493843106	1764.6897043288	4721.3942341221	5110.2076008132	4264.2298668960
990	2048.0128372191	1763.9417151783	4721.6896449622	5110.3020849525	4264.1896251813
991	2049.4696025374	1763.1997222117	4721.9872983614	5110.3914041735	4264.1651822859
992	2049.9183191478	1762.4798229955	4722.2864494408	5110.4756359182	4264.1555008411
993	2049.5576259328	1761.7981150960	4722.5863533217	5110.5548576286	4264.1595434785
994	2048.5861617751	1761.1706960794	4722.8862651253	5110.6291467467	4264.1762728292
995	2047.2025655570	1760.6136635123	4723.1854399728	5110.6985807145	4264.2046515247
996	2045.6054761610	1760.1431149609	4723.4831329855	5110.7632369740	4264.2436421964
997	2043.9935324698	1759.7751479916	4723.7785992846	5110.8231929672	4264.2922074755
998	2042.5653733657	1759.5258601707	4724.0710939914	5110.8785261362	4264.3493099934
999	2041.4829877176	1759.4113490647	4724.3598722271	5110.9293139228	4264.4139123815
1000	2040.7617643400	1759.4477122398	4724.6441891129	5110.9756337692	4264.4849772711
1001	2040.3804420334	1759.6510472624	4724.9232997701	5111.0175631173	4264.5614672936
1002	2040.3177595987	1760.0374516988	4725.1964593199	5111.0551794092	4264.6423450803
1003	2040.5524558365	1760.6180287866	4725.4629228836	5111.0885600868	4264.7265732626
1004	2041.0632695476	1761.3839044471	4725.7219455823	5111.1177825922	4264.8131144719
1005	2041.8289395326	1762.3212102731	4725.9727825374	5111.1429243673	4264.9009313394
1006	2042.8282045924	1763.4160778571	4726.2146888701	5111.1640628542	4264.9889864966
1007	2044.0398035275	1764.6546387917	4726.4469197015	5111.1812754949	4265.0762425748
1008	2045.4424751388	1766.0230246696	4726.6687301530	5111.1946397313	4265.1616622053
1009	2047.0149582269	1767.5073670833	4726.8793753458	5111.2042330055	4265.2442080196
1010	2048.7359915926	1769.0937976254	4727.0781104011	5111.2101327595	4265.3228426489
1011	2050.5843140366	1770.7684478885	4727.2641904401	5111.2124164353	4265.3965287246
1012	2052.5386643596	1772.5174494652	4727.4368705842	5111.2111614749	4265.4642288781
1013	2054.5777813623	1774.3269339482	4727.5954059545	5111.2064453203	4265.5249057407
1014	2056.6804038455	1776.1830329300	4727.7390516722	5111.1983454135	4265.5775219437
1015	2058.8252706098	1778.0718780032	4727.8670628587	5111.1869391965	4265.6210401186
1016	2060.9911204560	1779.9796007605	4727.9786946351	5111.1723041113	4265.6544228967
1017	2063.1587321596	1781.8923327944	4728.0732021226	5111.1545175999	4265.6766329093
1018	2065.3170443960	1783.7962056975	4728.1498404427	5111.1336571044	4265.6866327878
1019	2067.4570358151	1785.6773510625	4728.2078647163	5111.1098000667	4265.6833851635
1020	2069.5696850672	1787.5219004819	4728.2465300649	5111.0830239288	4265.6658526678
1021	2071.6459708023	1789.3159855483	4728.2650916096	5111.0534061328	4265.6329979321
1022	2073.6768716704	1791.0457378544	4728.2628044717	5111.0210241206	4265.5837835876
1023	2075.6533663218	1792.6972889926	4728.2389237724	5110.9859553343	4265.5171722658
1024	2077.5664334064	1794.2567705558	4728.1927046329	5110.9482772159	4265.4321265980
1025	2079.4070515745	1795.7103141363	4728.1234021746	5110.9080672073	4265.3276092156
1026	2081.1661994760	1797.0440513269	4728.0302715185	5110.8654027506	4265.2025827499
1027	2082.8348557612	1798.2441137202	4727.9125677861	5110.8203612877	4265.0560098322
1028	2084.4039990801	1799.2966329087	4727.7695460984	5110.7730202608	4264.8868530939
1029	2085.8646080828	1800.1877404850	4727.6004615768	5110.7234571117	4264.6940751665
1030	2087.2076614194	1800.9035680417	4727.4045693425	5110.6717492825	4264.4766386811
1031	2088.4241377400	1801.4302471715	4727.1811245166	5110.6179742152	4264.2335062692
1032	2089.5050156947	1801.7539094670	4726.9293822206	5110.5622093519	4263.9636405622
1033	2090.4412739337	1801.8606865207	4726.6485975755	5110.5045321344	4263.6660041913
1034	2091.2238911069	1801.7367099252	4726.3380257027	5110.4450200048	4263.3395597880
1035	2091.8464586058	1801.3681112732	4725.9969217233	5110.3837504052	4262.9832699835
1036	2092.3130187864	1800.7410221572	4725.6245407587	5110.3208007775	4262.5960974093
1037	2092.6302267459	1799.8491997008	4725.2201379300	5110.2562485637	4262.1770046967
1038	2092.8047375817	1798.7169031517	4724.7829683584	5110.1901712058	4261.7249544770
1039	2092.8432063910	1797.3760172883	4724.3122871653	5110.1226461459	4261.2389093817
1040	2092.7522882711	1795.8584268891	4723.8073494719	5110.0537508260	4260.7178320419
1041	2092.5386383193	1794.1960167328	4723.2674103994	5109.9835626880	4260.1606850892
1042	2092.2089116328	1792.4206715979	4722.6917250690	5109.9121591739	4259.5664311549
1043	2091.7697633090	1790.5642762629	4722.0795486019	5109.8396177258	4258.9340328703
1044	2091.2278484450	1788.6587155064	4721.4301361195	5109.7660157857	4258.2624528667
1045	2090.5898221383	1786.7358741069	4720.7427427430	5109.6914307955	4257.5506537756
1046	2089.8623394860	1784.8276368430	4720.0166235935	5109.6159401974	4256.7975982282
1047	2089.0520555854	1782.9658884932	4719.2510337924	5109.5396214332	4256.0022488559
1048	2088.1656255339	1781.1825138360	4718.4452284608	5109.4625519450	4255.1635682902
1049	2087.2097044286	1779.5093976501	4717.5984627201	5109.3848091748	4254.2805191622
1050	2086.1909473669	1777.9784247139	4716.7099916913	5109.3064705645	4253.3520641035
1051	2085.1160094461	1776.6214798060	4715.7790704959	5109.2276135563	4252.3771657453
1052	2083.9915457634	1775.4704477050	4714.8049542550	5109.1483155922	4251.3547867190
1053	2082.8242114160	1774.5516380500	4713.7886796900	5109.0686086460	4250.2857176407
1054	2081.6206615013	1773.8690599233	4712.7384099232	5108.9883428199	4249.1780610660
1055	2080.3875511166	1773.4211472676	4711.6640896769	5108.9073227478	4248.0417475350
1056	2079.1315353591	1773.2063340257	4710.5756636735	5108.8253530638	4246.8867075881
1057	2077.8592693261	1773.2230541404	4709.4830766354	5108.7422384020	4245.7228717655
1058	2076.5774081149	1773.4697415545	4708.3962732850	5108.6577833964	4244.5601706075
1059	2075.2926068227	1773.9448302109	4707.3251983446	5108.5717926809	4243.4085346543
1060	2074.0115205469	1774.6467540523	4706.2797965367	5108.4840708896	4242.2778944462
1061	2072.7408043846	1775.5739470215	4705.2700125836	5108.3944226566	4241.1781805235
1062	2071.4871134333	1776.7248430614	4704.3057912078	5108.3026526159	4240.1193234265
1063	2070.2592395644	1778.0978761147	4703.3970771316	5108.2085654014	4239.1112536953
1064	2069.0745217466	1779.6914801243	4702.5538150773	5108.1119656473	4238.1639018703
1065	2067.9524357231	1781.4787861974	4701.7859497674	5108.0126579876	4237.2871984918
1066	2066.9124572367	1783.3317140989	4701.1034259243	5107.9104470562	4236.4910741000
1067	2065.9740620306	1785.0968807582	4700.5161882703	5107.8051374873	4235.7854592351
1068	2065.1567258478	1786.6209031046	4700.0341815279	5107.6965339148	4235.1802844375
1069	2064.4799244312	1787.7503980675	4699.6673504193	5107.5844409728	4234.6854802474
1070	2063.9631335239	1788.3319825762	4699.4256396671	5107.4686632953	4234.3109772050
1071	2063.6258288689	1788.2122735600	4699.3189939935	5107.3490055163	4234.0667058507
1072	2063.4874862092	1787.2378879485	4699.3530828737	5107.2252722699	4233.9625967247
1073	2063.5675812878	1785.2554426708	4699.5164747938	5107.0972681901	4234.0085803672
1074	2063.8855898478	1782.1115546563	4699.7934629926	5106.9647979109	4234.2101254452
1075	2064.4609876321	1777.7972624204	4700.1683407089	5106.8276660664	4234.5548531315
1076	2065.3132503839	1772.8812908220	4700.6254011814	5106.6856772905	4235.0259227257
1077	2066.4618538460	1768.0767863062	4701.1489376491	5106.5386362173	4235.6064935273
1078	2067.9262737616	1764.0968953179	4701.7232433506	5106.3863474809	4236.2797248358
1079	2069.7259858736	1761.6547643022	4702.3326115248	5106.2286157152	4237.0287759507
1080	2071.8600057873	1761.4635397039	4702.9613354106	5106.0652455543	4237.8368061717
1081	2074.2455085570	1764.0432671526	4703.5937082466	5105.8960416323	4238.6869747981
1082	2076.7792090994	1769.1415890164	4704.2140232718	5105.7208085831	4239.5624411296
1083	2079.3578223309	1776.3130468478	4704.8065737249	5105.5393510407	4240.4463644656
1084	2081.8780631683	1785.1121821995	4705.3556528447	5105.3514736393	4241.3219041057
1085	2084.2366465280	1795.0935366239	4705.8455538701	5105.1569810128	4242.1722193493
1086	2086.3302873266	1805.8116516737	4706.2634746986	5104.9556777953	4242.9804694961
1087	0.0000000000	0.0000000000	0.0000000000	0.0000000000	0.0000000000
1088	2089.3096009070	1827.6763298598	4706.8815465549	5104.5318581233	4244.4278032720
1089	0.0000000000	0.0000000000	0.0000000000	0.0000000000	0.0000000000
1090	2089.9897232420	1847.1425491785	4707.2207332877	5104.0784516955	4245.6511377035
1091	2089.2093749840	1854.8625906440	4707.2900477118	5103.8401650332	4246.1824376168
1092	2087.5443736644	1860.6466420503	4707.2948044298	5103.5938955841	4246.6620966359
1093	2084.8914341998	1864.0492449502	4707.2367246332	5103.3394479821	4247.0915677416
1094	2081.2048119937	1864.6249408961	4707.1175295138	5103.0766268613	4247.4723039144
1095	2076.6689243969	1862.1188350138	4706.9389402630	5102.8052368558	4247.8057581350
1096	2071.5257292475	1857.0382867219	4706.7026780725	5102.5250825995	4248.0933833841
1097	2066.0171843831	1850.0812190121	4706.4104641339	5102.2359687265	4248.3366326422
1098	2060.3852476418	1841.9455548759	4706.0640196387	5101.9376998708	4248.5369588901
1099	2054.8718768612	1833.3292173052	4705.6650657786	5101.6300806664	4248.6958151084
1100	2049.7190298794	1824.9301292916	4705.2153237451	5101.3129157474	4248.8146542777
1101	2045.1686645340	1817.4462138269	4704.7165147299	5100.9860097478	4248.8949293787
1102	2041.4627386631	1811.4249544031	4704.1703599245	5100.6491673017	4248.9380933920
1103	2038.8432101043	1806.8120765141	4703.5785805205	5100.3021930429	4248.9455992983
1104	2037.5520366956	1803.4028661542	4702.9428977095	5099.9448916057	4248.9189000782
1105	2037.8311762749	1800.9926093175	4702.2650326832	5099.5770676240	4248.8594487123
1106	2039.7961118216	1799.3765919985	4701.5467066331	5099.1985257318	4248.7686981814
1107	2043.0564268826	1798.3501001912	4700.7896407507	5098.8090705632	4248.6481014660
1108	2047.0952301463	1797.7084198901	4699.9955562278	5098.4085067521	4248.4991115468
1109	2051.3956303011	1797.2468370893	4699.1661742558	5097.9966389328	4248.3231814044
1110	2055.4407360355	1796.8061578978	4698.3032160265	5097.5732717390	4248.1217640195
1111	2058.7136560378	1796.4092688839	4697.4084027313	5097.1382098050	4247.8963123728
1112	2060.8110689252	1796.1245767303	4696.4834555619	5096.6912577646	4247.6482794448
1113	2061.7839330283	1796.0204881200	4695.5300957098	5096.2322202520	4247.3791182163
1114	2061.7967766068	1796.1654097359	4694.5500443667	5095.7609019012	4247.0902816678
1115	2061.0141279199	1796.6096931097	4693.5450227242	5095.2771073461	4246.7832227800
1116	2059.6005152271	1797.3314691689	4692.5167519737	5094.7806412209	4246.4593945336
1117	2057.7204667877	1798.2908136897	4691.4669533071	5094.2713081596	4246.1202499092
1118	2055.5385108612	1799.4478024486	4690.3973479157	5093.7489127961	4245.7672418875
1119	2053.2191757069	1800.7625112218	4689.3096569913	5093.2132597646	4245.4018234490
1120	2050.8999137712	1802.1950157857	4688.2056017254	5092.6641536990	4245.0254475745
1121	2048.6098742486	1803.7053919166	4687.0869033096	5092.1013992333	4244.6395672446
1122	2046.3511305205	1805.2537153907	4685.9552829355	5091.5248010017	4244.2456354399
1123	2044.1257559682	1806.8000619845	4684.8124617947	5090.9341636381	4243.8451051411
1124	2041.9358239732	1808.3045074742	4683.6601610788	5090.3292917765	4243.4394293288
1125	2039.7834079169	1809.7271276362	4682.5001019794	5089.7099900510	4243.0300609837
1126	2037.6705811807	1811.0279982468	4681.3340056881	5089.0760630957	4242.6184530864
1127	2035.5994171459	1812.1671950823	4680.1635933964	5088.4273155445	4242.2060586175
1128	2033.5719891941	1813.1047939191	4678.9905862960	5087.7635520315	4241.7943305578
1129	2031.5903707066	1813.8008705334	4677.8167055785	5087.0845771906	4241.3847218878
1130	2029.6566350648	1814.2155007016	4676.6444743768	5086.3901956560	4240.9786855882
1131	2027.7728556501	1814.3087602000	4675.4796235896	5085.6802120617	4240.5776746397
1132	2025.9411058439	1814.0407248049	4674.3286860569	5084.9544310416	4240.1831420228
1133	2024.1634590277	1813.3831695339	4673.1981946186	5084.2135363062	4239.7966610490
1134	2022.4419885829	1812.3546663694	4672.0946821149	5083.4617278714	4239.4202863520
1135	2020.7787678908	1810.9854865350	4671.0246813857	5082.7040848294	4239.0561928965
1136	2019.1758703329	1809.3059012544	4669.9947252710	5081.9456862725	4238.7065556470
1137	2017.6353692905	1807.3461817513	4669.0113466109	5081.1916112929	4238.3735495682
1138	2016.1593381451	1805.1365992492	4668.0810782453	5080.4469389829	4238.0593496245
1139	2014.7498502781	1802.7074249718	4667.2104530143	5079.7167484347	4237.7661307805
1140	2013.4089790709	1800.0889301428	4666.4060037579	5079.0061187406	4237.4960680008
1141	2012.1387979049	1797.3113859858	4665.6742633161	5078.3201289928	4237.2513362500
1142	2010.9413801615	1794.4050637244	4665.0217645290	5077.6638582836	4237.0341104927
1143	2009.8187992221	1791.4002345823	4664.4550402364	5077.0423857052	4236.8465656933
1144	2008.7731284682	1788.3271697832	4663.9806232785	5076.4607903499	4236.6908768165
1145	2007.8064412811	1785.2161405506	4663.6050464953	5075.9241513100	4236.5692188269
1146	2006.9208110422	1782.0974181082	4663.3348427267	5075.4375476776	4236.4837666889
1147	2006.1163362265	1779.0012736797	4663.1765448128	5075.0060585451	4236.4366953672
1148	2005.3852156837	1775.9579784887	4663.1366855936	5074.6347630046	4236.4301798263
1149	2004.7176733566	1772.9978037588	4663.2217979091	5074.3287401485	4236.4663950309
1150	2004.1039331885	1770.1510207138	4663.4384145994	5074.0930690690	4236.5475159454
1151	2003.5342191223	1767.4479005772	4663.7930685044	5073.9328288583	4236.6757175344
1152	2002.9987551013	1764.9187145726	4664.2922924641	5073.8530986087	4236.8531747626
1153	2002.4877650685	1762.5937339238	4664.9426193186	5073.8589574124	4237.0820625944
1154	2001.9914729670	1760.5032298543	4665.7505819079	5073.9554843618	4237.3645559944
1155	2001.5001027398	1758.6774735879	4666.7227130720	5074.1477585490	4237.7028299272
1156	2001.0024827218	1757.1467363481	4667.8655456509	5074.4408590663	4238.0990593574
1157	2000.4818588141	1755.9412893586	4669.1856124846	5074.8398650059	4238.5554192496
1158	1999.9200813099	1755.0914038430	4670.6894464132	5075.3498554602	4239.0740845682
1159	1999.2990005019	1754.6466990674	4672.3835802766	5075.9759095213	4239.6572302779
1160	1998.6004666832	1754.7341864669	4674.2745469148	5076.7231062815	4240.3070313433
1161	1997.8063301467	1755.5002255191	4676.3688791680	5077.5965248331	4241.0256627288
1162	1996.8984411853	1757.0911757016	4678.6731098760	5078.6012442682	4241.8152993991
1163	1995.8586500920	1759.6533964919	4681.1911542259	5079.7423436793	4242.6781163187
1164	1994.6688071598	1763.3332473677	4683.9164567926	5080.9539047093	4243.7670616139
1165	1993.3107626815	1768.2770878064	4686.8398444979	5081.8860192052	4245.8381760572
1166	1991.7663669502	1774.6312772857	4689.9521442638	5082.1177815647	4249.7982735829
1167	1990.0174702587	1782.3817322190	4693.2441830120	5081.2282861854	4256.5541681252
1168	1988.0459229000	1790.8725967634	4696.6930471132	5078.7966274652	4267.0126736184
1169	1985.8335751671	1799.2875720119	4700.2208607320	5075.2793619386	4281.5709437045
1170	1983.3622773529	1806.8103590574	4703.7360074821	5074.6428946881	4298.5874908558
1171	1980.6138797504	1812.6246589929	4707.1468709770	5081.7310929331	4315.9111672525
1172	1977.5702326525	1816.1354956575	4710.3618348300	5101.3878238928	4331.3908250748
1173	1974.2131863521	1817.6331838743	4713.2892826548	5134.4766135755	4344.0680789787
1174	1971.0254829671	1817.6293612124	4715.8468706231	5165.9396231444	4357.7555935237
1175	1970.4934319146	1816.6356652410	4717.9893451399	5181.0583716387	4373.2065214651
1176	1974.8602827444	1815.0947436990	4719.6807251687	5182.3931744447	4374.1649184375
1177	1983.3934782351	1813.1732850050	4720.8850296727	5176.8240460358	4340.1225657952
1178	1994.2330346284	1810.9689877469	4721.5662776154	5169.9230154976	4266.7994974733
1179	2003.9850687877	1808.5795505131	4721.7052625271	5162.0301703647	4203.7423076881
1180	2009.6587532436	1806.1026718917	4721.3498762064	5152.4819216607	4169.6070074230
1181	2011.4093825754	1803.6360504709	4720.5647850187	5141.8319159182	4160.8710150479
1182	2010.1787818745	1801.2773848388	4719.4146553295	5130.9381085463	4171.2387132902
1183	2006.9087762321	1799.1243735837	4717.9641535044	5120.6584549545	4194.4144848772
1184	0.0000000000	0.0000000000	0.0000000000	0.0000000000	0.0000000000
1185	0.0000000000	0.0000000000	0.0000000000	0.0000000000	0.0000000000
1186	0.0000000000	0.0000000000	0.0000000000	0.0000000000	0.0000000000
1187	1989.9629674209	1794.5228440966	4710.4517521544	5102.8404865753	4289.2859592185
1188	1988.4232734746	1794.8635835491	4708.4693851321	5107.9292773783	4284.1512612959
1189	1989.4131382661	1795.9961689077	4706.5746441668	5115.3500205412	4266.5514702245
1190	1993.6579895130	1797.9722472878	4704.8205008224	5122.5307375968	4242.6915058745
1191	2001.8832549328	1800.6592599140	4703.2131474561	5127.4222535113	4218.6191861376
1192	2013.8877680297	1803.8785965383	4701.7470816233	5130.0666069836	4199.7539209932
1193	2025.7639854540	1807.4516469124	4700.4168008796	5131.0286401459	4191.3580184428
1194	2032.6777696425	1811.1998007882	4699.2168027804	5130.8731951304	4196.2977061268
1195	2029.7949830320	1814.9444479176	4698.1415848812	5130.1651140690	4207.8548902433
1196	2284.1363270802	1818.5069780525	4697.1856447375	5129.3758336082	4218.4711003413
1197	2293.8137127020	1821.7087809447	4696.3434799047	5128.6031684513	4226.8106808175
1198	0.0000000000	0.0000000000	0.0000000000	0.0000000000	0.0000000000
1199	0.0000000000	0.0000000000	0.0000000000	0.0000000000	0.0000000000
1200	0.0000000000	0.0000000000	0.0000000000	0.0000000000	0.0000000000
1201	2316.5710663127	2513.3336044678	4694.0025247931	5125.7668452107	4241.8036686725
1202	0.0000000000	0.0000000000	0.0000000000	0.0000000000	0.0000000000
1203	0.0000000000	0.0000000000	0.0000000000	0.0000000000	0.0000000000
1204	2320.1369990156	2520.1839159967	4693.1718294434	5124.0301151254	4239.9261558475
1205	2319.3724305470	2522.4683476305	4693.0417790959	5123.5491042272	4237.9744312525
1206	2317.8245721445	2524.7509361389	4692.9759820587	5123.1243915898	4235.7265100116
1207	2315.6094136587	2527.0302773093	4692.9689358874	5122.7603864308	4233.4024402331
1208	2312.8429449401	2529.3049669292	4693.0151381374	5122.4614979676	4231.2222700255
1209	2309.6411558392	2531.5736007862	4693.1090863641	5122.2306171803	4229.3653802608
1210	2306.1200362066	2533.8347746676	4693.2452781231	5122.0645620999	4227.8484828642
1211	2302.3955758928	2536.0870843609	4693.4182109699	5121.9586325203	4226.6476225248
1212	2298.5837647483	2538.3291256537	4693.6223824600	5121.9081282350	4225.7388439314
1213	2294.8005926236	2540.5594943335	4693.8522901488	5121.9083490379	4225.0981917728
1214	2291.1620493694	2542.7767861876	4694.1024315918	5121.9545947227	4224.7017107381
1215	2287.7841248361	2544.9795970037	4694.3673043445	5122.0421650832	4224.5254455160
1216	2284.7828088743	2547.1665225691	4694.6414059624	5122.1663599130	4224.5454407955
1217	2282.2740913345	2549.3361586713	4694.9192340009	5122.3224790059	4224.7377412654
1218	2280.3739620673	2551.4871010979	4695.1952860157	5122.5058221556	4225.0783916146
1219	2279.1693426142	2553.6179456363	4695.4640595621	5122.7116891559	4225.5434365320
1220	2278.6308812811	2555.7272880741	4695.7200521956	5122.9353798005	4226.1089207065
1221	2278.7001580652	2557.8137241986	4695.9577614717	5123.1721938832	4226.7508888270
1222	2279.3187529632	2559.8758497973	4696.1716849459	5123.4174311976	4227.4453855823
1223	2280.4282459723	2561.9122606578	4696.3563201737	5123.6663915375	4228.1684556614
1224	2281.9702170894	2563.9215525676	4696.5061647106	5123.9143746967	4228.8961437532
1225	2283.8862463115	2565.9023213140	4696.6169212470	5124.1566804689	4229.6044945464
1226	2286.1179136355	2567.8531626847	4696.6891130132	5124.3886086478	4230.2695527300
1227	2288.6067990585	2569.7726724670	4696.7244683745	5124.6062630401	4230.8718214427
1228	2291.2944825774	2571.6594464484	4696.7247156962	5124.8089635045	4231.4096376219
1229	2294.1225441893	2573.5120804166	4696.6915833435	5124.9968339126	4231.8857966549
1230	2297.0325638910	2575.3291701588	4696.6267996818	5125.1699981361	4232.3030939291
1231	2299.9661216797	2577.1093114626	4696.5320930762	5125.3285800466	4232.6643248316
1232	2302.8647975522	2578.8511001155	4696.4091918920	5125.4727035157	4232.9722847498
1233	2305.6701715056	2580.5531319050	4696.2598244946	5125.6024924151	4233.2297690709
1234	2308.3238235369	2582.2140026185	4696.0857192492	5125.7180706164	4233.4395731822
1235	2310.7673336429	2583.8323080436	4695.8886045210	5125.8195619912	4233.6044924710
1236	2312.9539964830	2585.4066439676	4695.6702086753	5125.9070904113	4233.7273223246
1237	2314.8839653653	2586.9356061782	4695.4322600775	5125.9807797481	4233.8108581301
1238	2316.5691082602	2588.4177904627	4695.1764870927	5126.0407538734	4233.8578952750
1239	2318.0212931381	2589.8517926087	4694.9046180862	5126.0871366589	4233.8712291464
1240	2319.2523879693	2591.2362084036	4694.6183814234	5126.1200519760	4233.8536551317
1241	2320.2742607244	2592.5696336350	4694.3195054694	5126.1396236965	4233.8079686181
1242	2321.0987793735	2593.8506640902	4694.0097185896	5126.1459756920	4233.7369649929
1243	2321.7378118873	2595.0778955569	4693.6907491492	5126.1392318342	4233.6434396434
1244	2322.2032262359	2596.2499238224	4693.3643255135	5126.1195159946	4233.5301879567
1245	2322.5068903899	2597.3653446742	4693.0321760478	5126.0869520450	4233.4000053204
1246	2322.6606723196	2598.4227538999	4692.6960291172	5126.0416638569	4233.2556871215
1247	2322.6764399955	2599.4207472869	4692.3576130872	5125.9837753020	4233.1000287473
1248	2322.5660613878	2600.3579206227	4692.0186563230	5125.9134102519	4232.9358255852
1249	2322.3414044670	2601.2333393062	4691.6808871898	5125.8306925783	4232.7658730224
1250	2322.0143372035	2602.0479471820	4691.3460340529	5125.7357461528	4232.5929664462
1251	2321.5967275677	2602.8031577061	4691.0158252776	5125.6286948471	4232.4199012438
1252	2321.1004435300	2603.5003843345	4690.6919892291	5125.5096625327	4232.2494728026
1253	2320.5373530607	2604.1410405232	4690.3762542728	5125.3787730813	4232.0844765098
1254	2319.9193241303	2604.7265397283	4690.0703487738	5125.2361503646	4231.9277077526
1255	2319.2582247091	2605.2582954058	4689.7760010976	5125.0819182542	4231.7819619184
1256	2318.5659227675	2605.7377210116	4689.4949396092	5124.9162006216	4231.6500343944
1257	2317.8542862760	2606.1662300019	4689.2288926741	5124.7391213387	4231.5347205680
1258	2317.1351832049	2606.5452358325	4688.9795886574	5124.5508042769	4231.4388158263
1259	2316.4204815246	2606.8761519596	4688.7487559245	5124.3513733080	4231.3651155566
1260	2315.7220492055	2607.1603918392	4688.5381228405	5124.1409523036	4231.3164151463
1261	2315.0517542179	2607.3993689272	4688.3494177709	5123.9196651353	4231.2955099825
1262	2314.4214645324	2607.5944966796	4688.1843690808	5123.6876356747	4231.3051954527
1263	2313.8430481192	2607.7471885526	4688.0447051356	5123.4449877935	4231.3482669439
1264	2313.3283729488	2607.8588580021	4687.9316458320	5123.1918453633	4231.4275198436
1265	2312.8893069915	2607.9309184841	4687.8443771934	5122.9283322557	4231.5457495390
1266	2312.5377182178	2607.9647834546	4687.7815767748	5122.6547209771	4231.7049360978
1267	2312.2854745980	2607.9618663697	4687.7419221309	5122.3718785718	4231.9037983095
1268	2312.1444441026	2607.9235806854	4687.7240908167	5122.0808207189	4232.1402396441
1269	2312.1264947019	2607.8513398576	4687.7267603871	5121.7825630975	4232.4121635716
1270	2312.2434943662	2607.7465573424	4687.7486083971	5121.4781213866	4232.7174735620
1271	2312.5073110661	2607.6106465959	4687.7883124014	5121.1685112653	4233.0540730851
1272	2312.9257588535	2607.4450210740	4687.8445499550	5120.8547484127	4233.4198656111
1273	2313.4904361069	2607.2510942327	4687.9159986128	5120.5378485078	4233.8127546098
1274	2314.1888872863	2607.0302795281	4688.0013359298	5120.2188272296	4234.2306435513
1275	2315.0086568520	2606.7839904161	4688.0992394607	5119.8987002573	4234.6714359055
1276	2315.9372892641	2606.5136403529	4688.2083867606	5119.5784832699	4235.1330351423
1277	2316.9623289825	2606.2206427944	4688.3274553842	5119.2591919465	4235.6133447318
1278	2318.0713204675	2605.9064111965	4688.4551228866	5118.9418419661	4236.1102681440
1279	2319.2518081791	2605.5723590155	4688.5900668225	5118.6274490077	4236.6217088487
1280	2320.4913365775	2605.2198997071	4688.7309647470	5118.3170287505	4237.1455703160
1281	2321.7774501228	2604.8504467276	4688.8764942149	5118.0115968735	4237.6797560158
1282	2323.0976932750	2604.4654135328	4689.0253327811	5117.7121690557	4238.2221694182
1283	2324.4396104943	2604.0662135788	4689.1761580005	5117.4197609763	4238.7707139930
1284	2325.7907462407	2603.6542603217	4689.3276474281	5117.1353883143	4239.3232932102
1285	2327.1386449745	2603.2309672173	4689.4784786186	5116.8600667487	4239.8778105399
1286	2328.4708511557	2602.7977477219	4689.6273291271	5116.5948119585	4240.4321694520
1287	2329.7749092443	2602.3560152912	4689.7728765084	5116.3406396230	4240.9842734165
1288	2331.0383637006	2601.9071833815	4689.9137983174	5116.0985654211	4241.5320259033
1289	2332.2487589846	2601.4526654486	4690.0487721090	5115.8696050318	4242.0733303824
1290	2333.3936395565	2600.9938749487	4690.1764754381	5115.6547741343	4242.6060903238
1291	2334.4605498762	2600.5322253376	4690.2955858597	5115.4550884076	4243.1282091974
1292	2335.4370344040	2600.0691300715	4690.4047809286	5115.2715635308	4243.6375904733
1293	2336.3106376000	2599.6060026064	4690.5027381997	5115.1052151828	4244.1321376214
1294	2337.0689039243	2599.1442563982	4690.5881352279	5114.9570590429	4244.6097541116
1295	2337.6993778369	2598.6853049030	4690.6596495682	5114.8281107900	4245.0683434140
1296	2338.1896037979	2598.2305615768	4690.7159587754	5114.7193861032	4245.5058089985
1297	2338.5271262676	2597.7814398757	4690.7557404044	5114.6319006616	4245.9200543351
1298	2338.6994897060	2597.3393532555	4690.7776720102	5114.5666701442	4246.3089828937
1299	2338.6942385731	2596.9057151724	4690.7804311475	5114.5247102300	4246.6704981443
1300	2338.4989173292	2596.4819390824	4690.7626953715	5114.5070365983	4247.0025035570
1301	2338.1010704343	2596.0691033589	4690.7231422368	5114.5146649279	4247.3029026016
1302	2337.4882423485	2595.6669460457	4690.6604492985	5114.5486108980	4247.5695987482
1303	2336.6479775319	2595.2748701039	4690.5732941114	5114.6098901876	4247.8004954667
1304	2335.5678204447	2594.8922784947	4690.4603542304	5114.6995184758	4247.9934962271
1305	2334.2353155469	2594.5185741791	4690.3203072105	5114.8185114416	4248.1465044993
1306	2332.6380072987	2594.1531601185	4690.1518306065	5114.9678847642	4248.2574237533
1307	2330.7634401601	2593.7954392739	4689.9536019734	5115.1486541225	4248.3241574592
1308	2328.5991585913	2593.4448146066	4689.7242988660	5115.3618351957	4248.3446090868
1309	2326.1327070524	2593.1006890776	4689.4625988392	5115.6084436627	4248.3166821062
1310	2323.3516300035	2592.7624656481	4689.1671794480	5115.8894952027	4248.2382799873
1311	2320.2434719046	2592.4295472793	4688.8386227363	5116.2060054947	4248.1073062001
1312	2316.7957772160	2592.1013369324	4688.4851287042	5116.5575582879	4247.9236028972
1313	2312.9960903977	2591.7772375685	4688.1168018411	5116.9380096124	4247.6947669618
1314	2308.8531519375	2591.4566521488	4687.7437466361	5117.3397835682	4247.4303339597
1315	2304.4604864347	2591.1389836345	4687.3760675786	5117.7553042555	4247.1398394570
1316	2299.9328145158	2590.8236349866	4687.0238691576	5118.1769957745	4246.8328190193
1317	2295.3848568079	2590.5100091664	4686.6972558625	5118.5972822252	4246.5188082126
1318	2290.9313339377	2590.1975091351	4686.4063321826	5119.0085877079	4246.2073426027
1319	2286.6869665319	2589.8855378537	4686.1612026069	5119.4033363227	4245.9079577556
1320	2282.7664752176	2589.5734982835	4685.9719716249	5119.7739521698	4245.6301892369
1321	2279.2845806214	2589.2607933856	4685.8487437257	5120.1128593492	4245.3835726127
1322	2276.3560033702	2588.9468261212	4685.8016233985	5120.4124819612	4245.1776434488
1323	2274.0954640908	2588.6309994515	4685.8407151326	5120.6652441058	4245.0219373110
1324	2272.6176834101	2588.3127163375	4685.9761234173	5120.8635698833	4244.9259897652
1325	2272.0373819549	2587.9913797405	4686.2137751592	5120.9998833937	4244.8993363772
1326	2272.4315960050	2587.6663926217	4686.5428869347	5121.0686618080	4244.9480121130
1327	2273.7266244526	2587.3371579421	4686.9484977377	5121.0725945805	4245.0640495385
1328	2275.8110818431	2587.0030786630	4687.4156465621	5121.0164242362	4245.2359806197
1329	2278.5735827218	2586.6635577455	4687.9293724018	5120.9048933001	4245.4523373226
1330	2281.9027416338	2586.3179981507	4688.4747142506	5120.7427442972	4245.7016516131
1331	2285.6871731245	2585.9658028400	4689.0367111024	5120.5347197525	4245.9724554574
1332	2289.8154917392	2585.6063747743	4689.6004019511	5120.2855621912	4246.2532808212
1333	2294.1763120231	2585.2391169149	4690.1508257904	5120.0000141381	4246.5326596707
1334	2298.6582485215	2584.8634322229	4690.6730216145	5119.6828181184	4246.7991239719
1335	2303.1499157798	2584.4787236595	4691.1520284169	5119.3387166571	4247.0412056906
1336	2307.5399283431	2584.0843941858	4691.5728851918	5118.9724522792	4247.2474367930
1337	2311.7169007568	2583.6798467631	4691.9206309328	5118.5887675097	4247.4063492449
1338	2315.5894985772	2583.2644843524	4692.1834696500	5118.1924048736	4247.5064750125
1339	2319.1465914055	2582.8377099150	4692.3622654171	5117.7881068961	4247.5363460616
1340	2322.3970998537	2582.3989264119	4692.4610473242	5117.3798514713	4247.4870388381
1341	2325.3499445340	2581.9475368045	4692.4838444610	5116.9685579703	4247.3598077079
1342	2328.0140460587	2581.4829440537	4692.4346859175	5116.5543811334	4247.1584515164
1343	2330.3983250398	2581.0045511209	4692.3176007835	5116.1374757010	4246.8867691092
1344	2332.5117020895	2580.5117609670	4692.1366181490	5115.7179964134	4246.5485593319
1345	2334.3630978200	2580.0039765534	4691.8957671039	5115.2960980108	4246.1476210302
1346	2335.9614328435	2579.4806008412	4691.5990767381	5114.8719352336	4245.6877530496
1347	2337.3156277722	2578.9410367915	4691.2505761413	5114.4456628220	4245.1727542357
1348	2338.4346032181	2578.3846873655	4690.8542944037	5114.0174355165	4244.6064234341
1349	2339.3272797934	2577.8109555244	4690.4142606150	5113.5874080573	4243.9925594904
1350	2340.0025781104	2577.2192442292	4689.9345038651	5113.1557351847	4243.3349612502
1351	2340.4694187812	2576.6089564413	4689.4190532439	5112.7225716390	4242.6374275590
1352	2340.7367224180	2575.9794951217	4688.8719378414	5112.2880721605	4241.9037572626
1353	2340.8134096328	2575.3302632316	4688.2971867474	5111.8523914897	4241.1377492064
1354	2340.7084010380	2574.6606637322	4687.6988290519	5111.4156843666	4240.3432022361
1355	2340.4306172456	2573.9700995846	4687.0808938446	5110.9781055317	4239.5239151972
1356	2339.9889788678	2573.2579737500	4686.4474102156	5110.5398097253	4238.6836869354
1357	2339.3924065168	2572.5236891895	4685.8024072546	5110.1009516877	4237.8263162962
1358	2338.6498208047	2571.7666488644	4685.1499140517	5109.6616861592	4236.9556021252
1359	2337.7701423438	2570.9862557357	4684.4939596967	5109.2221678801	4236.0753432681
1360	2336.7622917461	2570.1819127647	4683.8385732794	5108.7825515908	4235.1893385704
1361	2335.6351896239	2569.3530229125	4683.1877838898	5108.3429920314	4234.3013868777
1362	2334.3977565893	2568.4989891403	4682.5456206179	5107.9036439424	4233.4152870356
1363	2333.0589132545	2567.6192144092	4681.9161125534	5107.4646620640	4232.5348378897
1364	2331.6275802317	2566.7131016804	4681.3032887863	5107.0262011366	4231.6638382857
1365	2330.1126781329	2565.7800539150	4680.7111784064	5106.5884159005	4230.8060870690
1366	2328.5231275704	2564.8194740742	4680.1438105037	5106.1514610959	4229.9653830852
1367	2326.8678491563	2563.8307651193	4679.6052141681	5105.7154914632	4229.1455251801
1368	2325.1557635029	2562.8133300112	4679.0994184894	5105.2806617428	4228.3503121991
1369	2323.3941872146	2561.7665717113	4678.6304525576	5104.8471266748	4227.5835429879
1370	2321.5840208653	2560.6898931806	4678.2023454626	5104.4150409997	4226.8490163920
1371	2319.7245610215	2559.5826973804	4677.8179790801	5103.9845594576	4226.1505312571
1372	2317.8151042493	2558.4443872717	4677.4756464301	5103.5558367891	4225.4918864287
1373	2315.8549471151	2557.2743658158	4677.1724933184	5103.1290277342	4224.8768807524
1374	2313.8433861852	2556.0720359738	4676.9056655507	5102.7042870335	4224.3083266756
1375	2311.7797180258	2554.8368007068	4676.6723089329	5102.2817694271	4223.7850910520
1376	2309.6632392034	2553.5680629761	4676.4695692707	5101.8616296553	4223.3050543374
1377	2307.4932462841	2552.2660966910	4676.2945923700	5101.4440224586	4222.8660969872
1378	2305.2690358343	2550.9346595535	4676.1445240365	5101.0291025772	4222.4660994572
1379	2302.9899044203	2549.5783802137	4676.0165100761	5100.6170247514	4222.1029422028
1380	2300.6551486084	2548.2018873218	4675.9076962946	5100.2079437215	4221.7745056796
1381	2298.2640649649	2546.8098095281	4675.8152284977	5099.8020142278	4221.4786703433
1382	2295.8159500561	2545.4067754826	4675.7362524913	5099.3993910107	4221.2133166495
1383	2293.3101004482	2543.9974138357	4675.6679140812	5099.0002288104	4220.9763250536
1384	2290.7458127077	2542.5863532374	4675.6073590732	5098.6046823673	4220.7655760114
1385	2288.1223834008	2541.1782223379	4675.5517332730	5098.2129064217	4220.5789499784
1386	2285.4391090938	2539.7776497875	4675.4981824865	5097.8250557138	4220.4143274102
1387	2282.6952863529	2538.3892642362	4675.4438525196	5097.4412849840	4220.2695887623
1388	2279.8902117446	2537.0176943343	4675.3858891779	5097.0617489727	4220.1426144905
1389	2277.0231818351	2535.6675687320	4675.3214382673	5096.6866024200	4220.0312850502
1390	2274.0934931907	2534.3435160795	4675.2476455935	5096.3160000664	4219.9334808970
1391	2271.1004423777	2533.0501650268	4675.1616569625	5095.9500966521	4219.8470824866
1392	2268.0433259624	2531.7921442243	4675.0606181800	5095.5890469174	4219.7699702745
1393	2264.9214405112	2530.5740823220	4674.9416750518	5095.2330056027	4219.7000247163
1394	2261.7340825902	2529.4006079702	4674.8019733837	5094.8821274482	4219.6351262676
1395	2258.4805487659	2528.2763498190	4674.6386589815	5094.5365671944	4219.5731553840
1396	2255.1601356045	2527.2059365186	4674.4488776510	5094.1964795814	4219.5119925211
1397	2251.7752053066	2526.1939967193	4674.2297751980	5093.8620193496	4219.4495181345
1398	2248.3403826104	2525.2451590711	4673.9784974284	5093.5333412393	4219.3836126797
1399	2244.8733578882	2524.3640522243	4673.6921901478	5093.2105999908	4219.3121566124
1400	2241.3918215126	2523.5553048290	4673.3679991622	5092.8939503444	4219.2330303881
1401	2237.9134638557	2522.8235455354	4673.0041442541	5092.5835470405	4219.1441144625
1402	2234.4559752902	2522.1734029938	4672.6031411133	5092.2795448193	4219.0432892911
1403	2231.0370461884	2521.6095058542	4672.1685794064	5091.9820984212	4218.9284353294
1404	2227.6743669228	2521.1364827669	4671.7040488000	5091.6914472720	4218.7980476354
1405	2224.3856278657	2520.7589623820	4671.2131389608	5091.4081695401	4218.6530796756
1406	2221.1885193895	2520.4815733497	4670.6994395552	5091.1329280793	4218.4950995190
1407	2218.1007318667	2520.3089443202	4670.1665402499	5090.8663857435	4218.3256752344
1408	2215.1399556698	2520.2457039438	4669.6180307114	5090.6092053867	4218.1463748906
1409	2212.3238811710	2520.2964808704	4669.0575006065	5090.3620498627	4217.9587665566
1410	2209.6701987428	2520.4659037504	4668.4885396015	5090.1255820253	4217.7644183013
1411	2207.1965987577	2520.7586012340	4667.9147373633	5089.9004647286	4217.5648981934
1412	2204.9207715881	2521.1792019712	4667.3396835583	5089.6873608263	4217.3617743018
1413	2202.8604076063	2521.7323346123	4666.7669678531	5089.4869331724	4217.1566146955
1414	2201.0331971848	2522.4203975345	4666.2001799144	5089.2998446208	4216.9509874433
1415	2199.4568306960	2523.2368680231	4665.6429094087	5089.1267580253	4216.7464606140
1416	2198.1489985124	2524.1729930904	4665.0987460026	5088.9683362398	4216.5446022766
1417	2197.1273910063	2525.2200197486	4664.5712793627	5088.8252421182	4216.3469804998
1418	2196.4096985501	2526.3691950102	4664.0640991556	5088.6981385144	4216.1551633527
1419	2196.0136115163	2527.6117658873	4663.5807950480	5088.5876882824	4215.9707189040
1420	2195.9568202773	2528.9389793924	4663.1249567063	5088.4945542759	4215.7952152226
1421	2196.2570152054	2530.3420825377	4662.7001737972	5088.4193993489	4215.6302203774
1422	2196.9318866732	2531.8123223356	4662.3100359872	5088.3628863552	4215.4773024372
1423	2197.9864828272	2533.3409457983	4661.9581329431	5088.3256781488	4215.3380294710
1424	2199.3752829107	2534.9191999382	4661.6480543313	5088.3084375836	4215.2139695476
1425	2201.0401239412	2536.5383317676	4661.3833898185	5088.3118275134	4215.1066907358
1426	2202.9228429361	2538.1895882987	4661.1677290712	5088.3365107920	4215.0177611046
1427	2204.9652769130	2539.8642165440	4661.0046617560	5088.3831502735	4214.9487487228
1428	2207.1092628893	2541.5534635157	4660.8963443172	5088.4524088117	4214.9012216592
1429	2209.2966378824	2543.2485762261	4660.8392003094	5088.5449492605	4214.8767479828
1430	2211.4692389099	2544.9408016875	4660.8282200647	5088.6614344738	4214.8768957624
1431	2213.5689029892	2546.6213869123	4660.8583939154	5088.8014221665	4214.9032330669
1432	2215.5374671378	2548.2815789127	4660.9247121937	5088.9600494983	4214.9573279652
1433	2217.3167683731	2549.9126247011	4661.0221652318	5089.1313484900	4215.0407485260
1434	2218.8486437127	2551.5057712897	4661.1457433619	5089.3093511621	4215.1550628184
1435	2220.0749301741	2553.0522656910	4661.2904369163	5089.4880895355	4215.3018389111
1436	2220.9374647746	2554.5433549171	4661.4512362272	5089.6615956309	4215.4826448731
1437	2221.3780845318	2555.9702859805	4661.6231316268	5089.8239014690	4215.6990487732
1438	2221.3386264631	2557.3243058934	4661.8011134472	5089.9690390704	4215.9526186802
1439	2220.7609275860	2558.5966616681	4661.9801720208	5090.0910404560	4216.2449226631
1440	2219.5868249180	2559.7786003169	4662.1552976797	5090.1839376465	4216.5775287907
1441	2217.7581554766	2560.8613688522	4662.3214807562	5090.2417626625	4216.9520051319
1442	2215.2167562792	2561.8525653629	4662.4737115824	5090.2585475248	4217.3699197556
1443	2211.9044643434	2562.8251922446	4662.6069804906	5090.2283242541	4217.8328407306
1444	2207.8174312806	2563.8686029695	4662.7162778130	5090.1451248712	4218.3423361257
1445	2203.1690670794	2565.0721510099	4662.7965938819	5090.0029813967	4218.8999740100
1446	2198.2270963223	2566.5251898379	4662.8429190293	5089.7959258514	4219.5073224522
1447	2193.2592435918	2568.3170729259	4662.8502435876	5089.5179902560	4220.1659495211
1448	2188.5332334704	2570.5371537460	4662.8135578890	5089.1632066312	4220.8774232858
1449	2184.3167905407	2573.2747857705	4662.7278522657	5088.7256069977	4221.6433118150
1450	2180.8776393853	2576.6193224716	4662.5881170499	5088.1992233764	4222.4651831776
1451	2178.4835045866	2580.6601173215	4662.3933657909	5087.5780877877	4223.3446054425
1452	2177.4021107272	2585.4865237925	4662.1587049065	5086.8562322526	4224.2831466786
1453	2177.9011823897	2591.1878953567	4661.9032640316	5086.0590866346	4225.2814333554
1454	2180.2484441566	2597.8535854865	4661.6461728011	5085.3376721685	4226.3363255458
1455	2184.6300963626	2605.1507763592	4661.4065608499	5084.8744079321	4227.4437417231
1456	2190.9062423511	2611.0579649722	4661.2035578129	5084.8517130031	4228.5996003609
1457	2198.8554612176	2613.1314770283	4661.0562933250	5085.4520064592	4229.7998199326
1458	2208.2563320576	2609.9002122797	4660.9838970210	5086.8577073782	4231.0403189117
1459	2218.8874339667	2603.7833666775	4661.0054985359	5089.1983180480	4232.3170157716
1460	2230.5273460405	2598.1727102225	4661.1402275046	5092.3916735970	4233.6258289859
1461	2242.9546473744	2595.8193133704	4661.4072135619	5096.3026923638	4234.9626770280
1462	2255.9479170640	2596.9114483967	4661.8208504022	5100.7962926871	4236.3234783715
1463	2269.2857342048	2600.9966880321	4662.3765879575	5105.7373929055	4237.7041514896
1464	2282.7466778924	2607.6226050071	4663.0651402191	5110.9909113575	4239.1006148560
1465	2296.1093272223	2616.3367720523	4663.8772211784	5116.4217663819	4240.5087869441
1466	2309.1522612900	2626.6867618982	4664.8035448270	5121.8948763172	4241.9245862274
1467	2321.6540591911	2638.2201472754	4665.8348251560	5127.2751595020	4243.3439311794
1468	2333.3933000212	2650.4845009144	4666.9617761571	5132.4275342750	4244.7627402735
1469	2344.1485628756	2663.0273955459	4668.1751118215	5137.2169189748	4246.1769319832
1470	2353.6984268501	2675.3964039003	4756.8600000000	5141.5082319399	4247.5824247820
1471	2361.8693554845	2687.1390987083	4777.8100000000	5145.1937590453	4248.9748838697
1472	2368.6793500969	2697.8030527004	4769.9000000000	5148.2752563105	4250.3489613520
1473	2374.1942964497	2706.9358386072	4762.1800000000	5150.7818472915	4251.6990560607
1474	2378.4800803054	2714.1794422671	4675.2125497930	5152.7426555440	4253.0195668278
1475	2381.6025874263	2719.5535019499	4676.7491872571	5154.1868046240	4254.3048924854
1476	2383.6277035750	2723.1720690334	4678.3072073243	5155.1434180872	4255.5494318652
1477	2384.6213145139	2725.1491948954	4679.8773239861	5155.6416194895	4256.7475837994
1478	2384.6493060054	2725.5989309134	4681.4502512338	5155.7105323868	4257.8937471198
1479	2383.7775638119	2724.6353284654	4683.0167030590	5155.3792803349	4258.9823206584
1480	2382.0719736959	2722.3724389289	4684.5673934529	5154.6769868897	4260.0077032472
1481	2379.5984214199	2718.9243136816	4686.0930364071	5153.6327756070	4260.9642937181
1482	2376.4227927463	2714.4050041015	4687.5843459128	5152.2757700426	4261.8464909030
1483	2372.6109734375	2708.9285615660	4689.0320359615	5150.6350937525	4262.6486936340
1484	2368.2288492560	2702.6090374530	4690.4268205447	5148.7398702925	4263.3653007430
1485	2363.3423059642	2695.5604831402	4691.7594136536	5146.6192232184	4263.9907110619
1486	2358.0172293246	2687.8969500054	4693.0205292797	5144.3022760860	4264.5193234228
1487	2352.3195050996	2679.7324894261	4694.2008814144	5141.8181524513	4264.9455366575
1488	2346.3150190516	2671.1811527802	4695.2911840492	5139.1959758701	4265.2637495980
1489	2340.0696569431	2662.3569914454	4696.2821511753	5136.4648698982	4265.4683610763
1490	2333.6493045365	2653.3740567994	4697.1644967842	5133.6539580914	4265.5537699243
1491	2327.1198475944	2644.3464002200	4697.9289348674	5130.7923640057	4265.5143749740
1492	2320.5471718790	2635.3880730848	4698.5661794162	5127.9092111969	4265.3445750573
1493	2313.9971631529	2626.6131267715	4699.0669444220	5125.0336232208	4265.0387690063
1494	2307.5357071785	2618.1356126580	4699.4219438762	5122.1947236333	4264.5913556528
1495	2301.2286897183	2610.0695821218	4699.6218917702	5119.4216359902	4263.9967338288
1496	2295.1419965346	2602.5290865408	4699.6575020954	5116.7434838475	4263.2493023663
1497	2289.3415133900	2595.6281772927	4699.5194888433	5114.1893907608	4262.3434600972
1498	2283.8931260469	2589.4809057551	4699.1985660052	5111.7884802861	4261.2736058534
1499	2278.8627202677	2584.2013233059	4698.6854475725	5109.5698759793	4260.0341384671
1500	2274.3161818148	2579.9034813227	4697.9708475367	5107.5627013961	4258.6194567700
1501	2270.3193964508	2576.7014311832	4697.0454798891	5105.7873278749	4257.0338167674
1502	2266.9382499380	2574.7092242653	4695.9000586211	5104.2291178837	4255.3209031578
1503	2264.2386280389	2574.0409119465	4694.5353621740	5102.8646816727	4253.5342578127
1504	2262.2864165159	2574.8105456046	4692.9924267880	5101.6706294923	4251.7274226039
1505	2261.1145903718	2577.0657357290	4691.3223531534	5100.6235715930	4249.9539394030
1506	2260.6244815705	2580.5883292553	4689.5762419603	5099.7001182252	4248.2673500816
1507	2260.6845113163	2585.0937322306	4687.8051938988	5098.8800595215	4246.7110459126
1508	2261.1631008134	2590.2973507023	4686.0603096591	5098.1559051443	4245.2878157725
1509	2261.9286712660	2595.9145907176	4684.3843577399	5097.5233446384	4243.9902979392
1510	2262.8496438784	2601.6608583237	4682.7867778739	5096.9780675484	4242.8111306906
1511	2263.7944398547	2607.2515595679	4681.2686776025	5096.5157634192	4241.7429523044
1512	2264.6314803994	2612.4491846524	4679.8311644670	5096.1321217955	4240.7784010585
1513	2265.2291867165	2617.2045604004	4678.4753460088	5095.8228322219	4239.9101152305
1514	2265.4559800103	2621.5155977898	4677.2023297690	5095.5835842433	4239.1307330984
1515	2265.2121199902	2625.3802077989	4676.0132232891	5095.4100674043	4238.4328929398
1516	2264.5252203859	2628.7963014056	4674.9091341104	5095.2979712497	4237.8092330327
1517	2263.4547334321	2631.7617895881	4673.8911697741	5095.2429853242	4237.2523916548
1518	2262.0601113636	2634.2745833246	4672.9604378217	5095.2407991725	4236.7550070839
1519	2260.4008064153	2636.3325935930	4672.1180457944	5095.2871023395	4236.3097175978
1520	2258.5362708219	2637.9337313716	4671.3651012335	5095.3775843698	4235.9091614743
1521	2256.5259568183	2639.0759076384	4670.7027116804	5095.5079348081	4235.5459769912
1522	2254.4293166391	2639.7570333716	4670.1319846763	5095.6738431992	4235.2128024263
1523	2252.3058025193	2639.9798658142	4669.6540277627	5095.8709990878	4234.9022760574
1524	2250.2148666936	2639.7665472700	4669.2699484807	5096.0950920187	4234.6070361623
1525	2248.2159613968	2639.1440663075	4668.9808543718	5096.3418115366	4234.3197210188
1526	2246.3685388637	2638.1394114954	4668.7878529773	5096.6068471861	4234.0329689047
1527	2244.7320513290	2636.7795714024	4668.6920518384	5096.8858885122	4233.7394180977
1528	2243.3659510277	2635.0915345971	4668.6945584965	5097.1756582807	4233.4330411918
1529	2242.3296901944	2633.1022896481	4668.7964804929	5097.4770121431	4233.1131480449
1530	2241.6827210640	2630.8388251242	4668.9975588520	5097.7918389722	4232.7803828309
1531	2241.4844958713	2628.3281295939	4669.2920685304	5098.1220276404	4232.4353897239
1532	2241.7944668510	2625.5971916259	4669.6729179679	5098.4694670207	4232.0788128979
1533	2242.6720862380	2622.6729997889	4670.1330156041	5098.8360459856	4231.7112965268
1534	2244.1768062670	2619.5825426516	4670.6652698788	5099.2236534080	4231.3334847847
1535	2246.3431783423	2616.3528087825	4671.2625892316	5099.6341781603	4230.9460218455
1536	2249.1061505461	2613.0107867503	4671.9178821023	5100.0695091155	4230.5495518833
1537	2252.3757701298	2609.5834651237	4672.6240569305	5100.5315351461	4230.1447190720
1538	2256.0620843451	2606.0978324714	4673.3740221560	5101.0221451249	4229.7321675856
1539	2260.0751404435	2602.5808773620	4674.1606862185	5101.5432279245	4229.3125415981
1540	2264.3249856767	2599.0595883641	4674.9769575577	5102.0966724178	4228.8864852836
1541	2268.7216672961	2595.5609540464	4675.8157446133	5102.6843674772	4228.4546428160
1542	2273.1752325535	2592.1119629776	4676.6699558250	5103.3082019757	4228.0176583692
1543	2277.5957287003	2588.7396037262	4677.5324996326	5103.9700647857	4227.5761761174
1544	2281.8932029881	2585.4708648611	4678.3962844756	5104.6718447802	4227.1308402345
1545	2285.9777026685	2582.3327349507	4679.2542187938	5105.4154308317	4226.6822948944
1546	2289.7592749931	2579.3522025638	4680.0992110270	5106.2027118129	4226.2311842713
1547	2293.1479672134	2576.5562562691	4680.9241696148	5107.0355765966	4225.7781525390
1548	2296.0538265811	2573.9718846351	4681.7220029970	5107.9159140555	4225.3238438716
1549	2298.3869003477	2571.6264917744	4682.4856196132	5108.8456130621	4224.8689024430
1550	2300.0572357647	2569.5491439752	4683.2079279032	5109.8224097162	4224.4139724273
1551	2300.9748800839	2567.7693230695	4683.8818363067	5110.8274290246	4223.9596979985
1552	2301.0498805566	2566.3165108894	4684.4949785437	5111.8376432209	4223.5067233305
1553	2300.1922844346	2565.2201892669	4685.0138894560	5112.8300245390	4223.0556925973
1554	2298.3455818072	2564.5098400340	4685.3998291658	5113.7815452126	4222.6072499730
1555	2295.5870341150	2564.2002697694	4685.6140577953	5114.6691774753	4222.1620396315
1556	2292.0273456365	2564.2475840375	4685.6178354665	5115.4698935610	4221.7207057468
1557	2287.7772206501	2564.5932131494	4685.3825586950	5116.1606657034	4221.2838924930
1558	2282.9473634342	2565.1785874162	4684.9201695699	5116.7184661362	4220.8522440439
1559	2277.6484782673	2565.9451371490	4684.2527465735	5117.1202670931	4220.4264045737
1560	2271.9912694278	2566.8342926587	4683.4023681883	5117.3430408078	4220.0070182563
1561	2266.0864411942	2567.7874842564	4682.3911128966	5117.3637595142	4219.5947292656
1562	2260.0446978450	2568.7461422532	4681.2410591809	5117.1593954458	4219.1901817758
1563	2253.9767436584	2569.6516969602	4679.9742855235	5116.7146524472	4218.7940199607
1564	2247.9932829130	2570.4563062271	4678.6128704069	5116.0451608051	4218.4068879944
1565	2242.2050198873	2571.1550380580	4677.1788923135	5115.1742824170	4218.0294300509
1566	2236.7226588596	2571.7536879960	4675.6944297257	5114.1253791804	4217.6622903041
1567	2231.6569041085	2572.2580515840	4674.1795460324	5112.9218129928	4217.3061129281
1568	2227.1184599122	2572.6739243649	4672.6462442479	5111.5869457517	4216.9615420969
1569	2223.1908435481	2573.0071018816	4671.1045122932	5110.1441393544	4216.6292219844
1570	2219.8488242883	2573.2633796771	4669.5643380893	5108.6167556986	4216.3097967646
1571	2217.0399844038	2573.4485532942	4668.0357095570	5107.0281566817	4216.0039106116
1572	2214.7119061654	2573.5684182759	4666.5286146173	5105.4017042012	4215.7122076993
1573	2212.8121718442	2573.6287701652	4665.0530411910	5103.7607601545	4215.4353322018
1574	2211.2883637111	2573.6354045048	4663.6189771991	5102.1286864392	4215.1739282929
1575	2210.0880640370	2573.5941168378	4662.2364105625	5100.5288449527	4214.9286401468
1576	2209.1588550928	2573.5107027072	4660.9153292020	5098.9845975925	4214.7001119374
1577	2208.4483191494	2573.3909576557	4659.6657210387	5097.5193062560	4214.4889878386
1578	2207.9040384779	2573.2406772263	4658.4975739934	5096.1563328409	4214.2959120246
1579	2207.4735953492	2573.0656569621	4657.4208759870	5094.9144275914	4214.1213391064
1580	2207.1045720342	2572.8716924057	4656.4456149404	5093.7938941401	4213.9649654437
1581	2206.7445508037	2572.6645791003	4655.5817787746	5092.7904244663	4213.8262978334
1582	2206.3411139289	2572.4501125888	4654.8368110872	5091.8997105494	4213.7048430724
1583	2205.8418436805	2572.2340884139	4654.2079781830	5091.1174443689	4213.6001079574
1584	2205.2045111750	2572.0219148642	4653.6900020436	5090.4393179041	4213.5115992853
1585	2204.4276429101	2571.8174512094	4653.2776046506	5089.8610231344	4213.4388238530
1586	2203.5199542291	2571.6241694651	4652.9655079855	5089.3782520392	4213.3812884572
1587	2202.4901604751	2571.4455416465	4652.7484340299	5088.9866965979	4213.3384998950
1588	2201.3469769913	2571.2850397689	4652.6211047653	5088.6820487900	4213.3099649630
1589	2200.0991191209	2571.1461358478	4652.5782421734	5088.4600005947	4213.2951904581
1590	2198.7553022072	2571.0323018985	4652.6145682356	5088.3162439916	4213.2936831772
1591	2197.3242415932	2570.9470099363	4652.7248049337	5088.2464709599	4213.3049499172
1592	2195.8146526223	2570.8937319766	4652.9036742490	5088.2463734792	4213.3284974748
1593	2194.2352506376	2570.8759400347	4653.1458981633	5088.3116435287	4213.3638326469
1594	2192.5947509823	2570.8971061260	4653.4461986580	5088.4379730879	4213.4104622304
1595	2190.9018689996	2570.9607022659	4653.7992977148	5088.6210541362	4213.4678930221
1596	2189.1653200327	2571.0702004696	4654.1999173151	5088.8565786530	4213.5356318188
1597	2187.3938194247	2571.2290727526	4654.6427794407	5089.1402386177	4213.6131854175
1598	2185.5960825190	2571.4407911302	4655.1226060729	5089.4677260097	4213.7000606148
1599	2183.7808246587	2571.7088276178	4655.6341191935	5089.8347328083	4213.7957642078
1600	2181.9567611869	2572.0366542306	4656.1720407840	5090.2369509930	4213.8998029931
1601	2180.1326074469	2572.4277429841	4656.7310928258	5090.6700725431	4214.0116837678
1602	2178.3170787819	2572.8855658936	4657.3059973007	5091.1297894382	4214.1309133285
1603	2176.5188905350	2573.4135949745	4657.8914761902	5091.6117936575	4214.2569984723
1604	2174.7467580495	2574.0153022420	4658.4822514758	5092.1117771804	4214.3894459958
1605	2173.0093966686	2574.6941597117	4659.0730451391	5092.6254319864	4214.5277626959
1606	2171.3155217355	2575.4536393987	4659.6585791617	5093.1484500549	4214.6714553696
1607	2169.6738485932	2576.2972133185	4660.2335755252	5093.6765233651	4214.8200308136
1608	2168.0930925852	2577.2283534864	4660.7927562111	5094.2053438967	4214.9729958248
1609	2166.5819690545	2578.2505319178	4661.3308432009	5094.7306036289	4215.1298572000
1610	2165.1491933443	2579.3672206280	4661.8425584763	5095.2479945411	4215.2901217360
1611	2163.8034807978	2580.5818916324	4662.3226240188	5095.7532086128	4215.4532962298
1612	2162.5535467583	2581.8980169463	4662.7657618100	5096.2419378232	4215.6188874782
1613	2161.4081065690	2583.3190685850	4663.1666938315	5096.7098741520	4215.7864022779
1614	2160.3758755729	2584.8485185640	4663.5201420648	5097.1527095783	4215.9548779801
1615	2159.4655691134	2586.4898388986	4663.8208284914	5097.5661360817	4216.1214741529
1616	2158.6859025336	2588.2465016041	4664.0634750930	5097.9458456415	4216.2828809184
1617	2158.0455911767	2590.1219786959	4664.2428038512	5098.2875302371	4216.4357883989
1618	2157.5533503859	2592.1224780233	4664.3535367474	5098.5868818479	4216.5768867167
1619	2157.2178955044	2594.2651507714	4664.3903957633	5098.8395924533	4216.7028659939
1620	2157.0479418754	2596.5698839594	4664.3481028804	5099.0413540327	4216.8104163530
1621	2157.0522048422	2599.0565646064	4664.2213800804	5099.1878585655	4216.8962279161
1622	2157.2393997478	2601.7450797315	4664.0049493447	5099.2747980312	4216.9569908055
1623	2157.6182419355	2604.6553163539	4663.6935326549	5099.2978644090	4216.9893951434
1624	2159.3027276036	2607.5493603351	4663.2818519926	5099.2576942292	4216.9909437821
1625	2167.8279763706	2609.1580929065	4662.7671686196	5099.1747022251	4216.9623904941
1626	2189.8343887102	2607.9545941421	4662.1569009183	5099.0742476806	4216.9053017820
1627	2229.2322343277	2602.9459219192	4661.4610065514	5098.9816898800	4216.8212441481
1628	2279.0112598558	2595.2750453292	4660.6894431816	5098.9223881073	4216.7117840950
1629	2328.3899474842	2586.6189112669	4659.8521684717	5098.9217016464	4216.5784881252
1630	2362.4222447052	2578.3702071846	4658.9591400842	5099.0049897816	4216.4229227412
1631	2365.1209653367	2570.7845827659	4658.0203156818	5099.1976117968	4216.2466544455
1632	2329.0350977175	2563.8334282518	4657.0456529273	5099.5249269761	4216.0512497406
1633	2280.8583282695	2557.4881338833	4656.0451094832	5100.0122946037	4215.8382751289
1634	2249.1667521409	2551.7200899016	4655.0286430124	5100.6539572728	4215.6092971131
1635	2235.9214013022	2546.5006865477	4654.0062111774	5101.3196908141	4215.3658821956
1636	2236.4295419295	2541.8013140628	4652.9877716409	5101.8481543674	4215.1095968789
1637	2245.9984401988	2537.5933626878	4651.9832820657	5102.0780070728	4214.8420076655
1638	2259.9353622861	2533.8482226640	4651.0027001143	5101.8479080701	4214.5646810579
1639	2273.5475743674	2530.5372842323	4650.0559834496	5100.9965164993	4214.2791835586
1640	2282.1423426188	2527.6319376339	4649.1530897341	5099.4343021487	4213.9870816701
1641	2281.0269332162	2525.1035731099	4648.3039766305	5097.3589774011	4213.6899418949
1642	2265.5086123358	2522.9235809013	4647.5186018016	5095.0400652877	4213.3893307355
1643	2230.8946461534	2521.0633512492	4646.8069229099	5092.7470888396	4213.0868146944
1644	2177.2834510232	2519.4942743947	4646.1788976183	5090.7495710881	4212.7839602741
1645	2123.9380440111	2518.1877405790	4645.6444835892	5089.2623202825	4212.4841123475
1646	2094.9125923610	2517.1151400430	4645.2113315410	5088.2812855450	4212.1977292690
1647	2107.3478538623	2516.2478630278	4644.8778644132	5087.7477012159	4211.9370477634
1648	2150.7309484854	2515.5572997746	4644.6401982012	5087.6028016355	4211.7143045553
1649	2206.6132126247	2515.0148405244	4644.4944489000	5087.7878211442	4211.5417363697
1650	2252.4564861876	2514.5918755184	4644.4367325049	5088.2439940823	4211.4315799312
1651	2271.0454305285	2514.2597949975	4644.4631650109	5088.9125547902	4211.3960719647
1652	2270.5454892756	2513.9899892030	4644.5698624134	5089.7347376081	4211.4474491949
1653	2263.2605885560	2513.7538483758	4644.7529407075	5090.6517768763	4211.5979483465
1654	2252.6678022181	2513.5275271297	4645.0085158884	5091.6049069353	4211.8598061445
1655	2240.0374910412	2513.3062375690	4645.3327039512	5092.5353621254	4212.2452593134
1656	2226.6400158043	2513.0899561706	4645.7216208911	5093.3946286004	4212.7627963832
1657	2213.7457372864	2512.8786594116	4646.1713827033	5094.1751997689	4213.4059131038
1658	2202.6250162666	2512.6723237688	4646.6781053830	5094.8798208530	4214.1643570300
1659	2194.5482135238	2512.4709257193	4647.2379049253	5095.5112370749	4215.0278757170
1660	2190.7856898373	2512.2744417399	4647.8468973255	5096.0721936566	4215.9862167197
1661	2192.6078059860	2512.0828483076	4648.5011985787	5096.5654358203	4217.0291275930
1662	2201.2849227490	2511.8961218994	4649.1969246801	5096.9937087881	4218.1463558919
1663	0.0000000000	2511.7142389921	4649.9301916248	5097.3597577821	4219.3276491714
1664	0.0000000000	2511.5371760629	4650.6971154081	5097.6663280244	4220.5627549864
1665	0.0000000000	2511.3649095886	4651.4938120251	5097.9161647372	4221.8414208919
1666	0.0000000000	2511.1974160461	4652.3163974711	5098.1120131426	4223.1533944429
1667	0.0000000000	2511.0346719125	4653.1609877411	5098.2566184626	4224.4884231944
1668	0.0000000000	2510.8766536646	4654.0236988304	5098.3527259195	4225.8362547012
1669	0.0000000000	2510.7233377794	4654.9006467341	5098.4030807354	4227.1866365185
1670	0.0000000000	2510.5747007339	4655.7879474474	5098.4104281323	4228.5293162010
1671	0.0000000000	2510.4307190051	4656.6817169656	5098.3775133324	4229.8540413039
1672	0.0000000000	2510.2913690698	4657.5780712837	5098.3070815578	4231.1505593821
1673	0.0000000000	2510.1566274050	4658.4731263970	5098.2018780306	4232.4086179905
1674	0.0000000000	2510.0264704877	4659.3629983006	5098.0646479730	4233.6179646842
1675	0.0000000000	2509.9008747948	4660.2438029897	5097.8981366071	4234.7683470180
1676	0.0000000000	2509.7798168033	4661.1116564595	5097.7050891549	4235.8495125470
1677	0.0000000000	2509.6632729901	4661.9626747052	5097.4882508386	4236.8512088260
1678	0.0000000000	2509.5512198323	4662.7929737219	5097.2503668804	4237.7631834102
1679	0.0000000000	2509.4436338066	4663.5986695049	5096.9941825024	4238.5751838544
1680	0.0000000000	2509.3404913901	4664.3758780493	5096.7224429266	4239.2769577137
1681	0.0000000000	2509.2417690597	4665.1207153502	5096.4378933752	4239.8582525429
1682	0.0000000000	2509.1474432925	4665.8292974029	5096.1432790704	4240.3088158971
1683	0.0000000000	2509.0574905652	4666.4977402026	5095.8413452341	4240.6183953312
1684	0.0000000000	2508.9718873550	4667.1221597443	5095.5348370887	4240.7767384003
1685	0.0000000000	2508.8906101387	4667.6986720234	5095.2264998561	4240.7735926591
1686	2131.3590533900	2508.8136353932	4668.2233930349	5094.9190787585	4240.5987056628
1687	2128.2447181467	2508.7409395956	4668.6924387741	5094.6153190181	4240.2418249663
1688	2125.2550168650	2508.6724992228	4669.1019252362	5094.3179658569	4239.6926981246
1689	2122.3881801705	2508.6082907517	4669.4479684162	5094.0297644970	4238.9410726925
1690	2119.6424386886	2508.5482906593	4669.7266843094	5093.7534601607	4237.9766962252
1691	2117.0160230451	2508.4924754226	4669.9341889110	5093.4917980699	4236.7893162775
1692	2114.5071638655	2508.4408215184	4670.0665982162	5093.2475234469	4235.3686804045
1693	2112.1140917754	2508.3933054238	4670.1200282201	5093.0233815137	4233.7045361611
1694	2109.8350374003	2508.3499036157	4670.0905949178	5092.8221174926	4231.7866311022
1695	2107.6682313658	2508.3105925710	4669.9744143047	5092.6464766055	4229.6047127829
1696	2105.6119042975	2508.2753487668	4669.7676023758	5092.4984176217	4227.1594145740
1697	2103.6642868211	2508.2441486798	4669.4662751264	5092.3767534990	4224.4949131101
1698	2101.8236095620	2508.2169687872	4669.0688101353	5092.2795107422	4221.6662708418
1699	2100.0881031458	2508.1937855658	4668.5826313163	5092.2047158563	4218.7285502197
1700	2098.4559981982	2508.1745754926	4668.0174241667	5092.1503953459	4215.7368136942
1701	2096.9255253447	2508.1593150446	4667.3828741842	5092.1145757160	4212.7461237159
1702	2095.4949152110	2508.1479806986	4666.6886668661	5092.0952834715	4209.8115427353
1703	2094.1623984224	2508.1405489317	4665.9444877099	5092.0905451171	4206.9881332030
1704	2092.9262056048	2508.1369962208	4665.1600222131	5092.0983871578	4204.3309575696
1705	2091.7845673836	2508.1372990429	4664.3449558730	5092.1168360984	4201.8950782855
1706	2090.7357143844	2508.1414338749	4663.5089741872	5092.1439184437	4199.7355578013
1707	2089.7778772328	2508.1493771937	4662.6617626531	5092.1776606986	4197.8935266855
1708	2088.9092865544	2508.1611054763	4661.8130067681	5092.2160893680	4196.3543879786
1709	2088.1281729748	2508.1765951997	4660.9723920298	5092.2572309567	4195.0896128392
1710	2087.4327671195	2508.1958228408	4660.1496039355	5092.2991119696	4194.0706724256
1711	2086.8212996141	2508.2187648766	4659.3543279827	5092.3397589115	4193.2690378964
1712	2086.2920010843	2508.2453977839	4658.5962496689	5092.3771982872	4192.6561804100
1713	2085.8431021555	2508.2756980398	4657.8850544915	5092.4094566017	4192.2035711249
1714	2085.4728334534	2508.3096421213	4657.2304279480	5092.4345603597	4191.8826811997
1715	2085.1794256035	2508.3472065052	4656.6420555359	5092.4505360662	4191.6649817927
1716	2084.9611092315	2508.3883676685	4656.1296227525	5092.4554102260	4191.5219440625
1717	2084.8161149629	2508.4331020882	4655.7028150954	5092.4476282895	4191.4294439542
1718	2084.7426734233	2508.4813862412	4655.3672426899	5092.4273114894	4191.3809765595
1719	2084.7390152383	2508.5331966044	4655.1122141735	5092.3950000042	4191.3744417568
1720	2084.8033710334	2508.5885096549	4654.9229628115	5092.3512340122	4191.4077394244
1721	2084.9339714342	2508.6473018696	4654.7847218691	5092.2965536917	4191.4787694408
1722	2085.1290470664	2508.7095497253	4654.6827246118	5092.2314992211	4191.5854316842
1723	2085.3868285555	2508.7752296992	4654.6022043049	5092.1566107787	4191.7256260332
1724	2085.7055465270	2508.8443182680	4654.5283942138	5092.0724285429	4191.8972523659
1725	2086.0834316066	2508.9167919089	4654.4465276037	5091.9794926920	4192.0982105609
1726	2086.5187144199	2508.9926270986	4654.3418377400	5091.8783434044	4192.3264004964
1727	2087.0096255924	2509.0718003142	4654.1995578880	5091.7695208584	4192.5797220509
1728	2087.5543957496	2509.1542880327	4654.0049213131	5091.6535652324	4192.8560751027
1729	2088.1512555173	2509.2400667309	4653.7431612807	5091.5310167047	4193.1533595301
1730	2088.7984355209	2509.3291128859	4653.3995110560	5091.4024154536	4193.4694752116
1731	2089.4941663861	2509.4214029745	4652.9592039044	5091.2683016575	4193.8023220256
1732	2090.2366787384	2509.5169134738	4652.4074730913	5091.1292154948	4194.1497998503
1733	2091.0242032034	2509.6156208606	4651.7295518819	5090.9856971439	4194.5098085642
1734	2091.8549704067	2509.7175016120	4650.9106735417	5090.8382867829	4194.8802480456
1735	2092.7272109738	2509.8225322049	4649.9360713359	5090.6875245904	4195.2590181730
1736	2093.6391555304	2509.9306891161	4648.7909785298	5090.5339507446	4195.6440188245
1737	2094.5890347021	2510.0419488228	4647.4606283890	5090.3781054239	4196.0331498788
1738	2095.5750791143	2510.1562878018	4645.9413763097	5090.2205288067	4196.4243112140
1739	2096.5955193928	2510.2736825301	4644.2740662131	5090.0617610712	4196.8154027087
1740	2097.6485861630	2510.3941094846	4642.5106641512	5089.9023423959	4197.2043242410
1741	2098.7325100506	2510.5175451424	4640.7031361763	5089.7428129591	4197.5889756895
1742	2099.8455216811	2510.6439659802	4638.9034483405	5089.5837129391	4197.9672569325
1743	2100.9858516801	2510.7733484752	4637.1635666960	5089.4255825143	4198.3370678483
1744	2102.1517306732	2510.9056691041	4635.5354572948	5089.2689618631	4198.6963083154
1745	2103.3413892860	2511.0409043441	4634.0710861892	5089.1143911637	4199.0428782121
1746	2104.5530581441	2511.1790306720	4632.8224194314	5088.9624105945	4199.3746774167
1747	2105.7849678730	2511.3200245648	4631.8414230734	5088.8135603340	4199.6896058077
1748	2107.0353490984	2511.4638624995	4631.1800631674	5088.6683805603	4199.9855632633
1749	2108.3024324457	2511.6105209530	4630.8903057657	5088.5274114520	4200.2604496621
1750	2109.5844485406	2511.7599764022	4631.0077820725	5088.3911931872	4200.5121648823
1751	2110.8796280087	2511.9122053240	4631.5027839015	5088.2602659444	4200.7386088023
1752	2112.1862014755	2512.0671841956	4632.3292682183	5088.1351699020	4200.9376813005
1753	2113.5023995667	2512.2248894937	4633.4411919888	5088.0164452382	4201.1072822553
1754	2114.8264529077	2512.3852976954	4634.7925121787	5087.9046321314	4201.2453115449
1755	2116.1565921243	2512.5483852776	4636.3371857537	5087.8002707600	4201.3496690479
1756	2117.4910478419	2512.7141287172	4638.0291696796	5087.7039013022	4201.4182546426
1757	2118.8280506862	2512.8825044913	4639.8224209222	5087.6160639366	4201.4489682072
1758	2120.1658312827	2513.0534890767	4641.6708964473	5087.5372988413	4201.4397096203
1759	2121.5026202570	2513.2270589504	4643.5285532205	5087.4681461948	4201.3883787602
1760	2122.8366482347	2513.4031905893	4645.3493482077	5087.4091461754	4201.2928755052
1761	2124.1661458414	2513.5818604705	4647.0872383747	5087.3608389615	4201.1510997337
1762	2125.4893437027	2513.7630450708	4648.6961806871	5087.3237647314	4200.9609513241
1763	2126.8044724440	2513.9467208673	4650.1301321108	5087.2984636634	4200.7203301547
1764	2128.1097626911	2514.1328643368	4651.3430496115	5087.2854759359	4200.4271361040
1765	2129.4034450695	2514.3214519563	4652.2888901549	5087.2852661685	4200.0814459063
1766	2130.6837502048	2514.5124602027	4652.9353517955	5087.2979967462	4199.6920437200
1767	2131.9489087225	2514.7058655531	4653.3050969422	5087.3237544951	4199.2698905595
1768	2133.1971512483	2514.9016444843	4653.4345290925	5087.3626262415	4198.8259474394
1769	2134.4267084077	2515.0997734734	4653.3600517440	5087.4146988116	4198.3711753739
1770	2135.6358108263	2515.3002289972	4653.1180683942	5087.4800590315	4197.9165353776
1771	2136.8226891297	2515.5029875327	4652.7449825406	5087.5587937274	4197.4729884649
1772	2137.9855739434	2515.7080255569	4652.2771976809	5087.6509897257	4197.0514956502
1773	2139.1226958931	2515.9153195467	4651.7511173125	5087.7567338524	4196.6630179480
1774	2140.2322856044	2516.1248459791	4651.2031449330	5087.8761129337	4196.3185163726
1775	2141.3125737027	2516.3365813310	4650.6696840399	5088.0092137960	4196.0289519385
1776	2142.3617908137	2516.5505020794	4650.1871381308	5088.1561232653	4195.8052856602
1777	2143.3781675630	2516.7665847012	4649.7919107032	5088.3169281679	4195.6562353947
1778	2144.3599345761	2516.9848056733	4649.5136090760	5088.4917153300	4195.5815463697
1779	2145.3056791188	2517.2051414728	4649.3546558529	5088.6805715778	4195.5787206555
1780	2146.2154150166	2517.4275685766	4649.3106774593	5088.8835837375	4195.6452603224
1781	2147.0895127357	2517.6520634616	4649.3773003202	5089.1008386353	4195.7786674409
1782	2147.9283427416	2517.8786026048	4649.5501508607	5089.3324230974	4195.9764440811
1783	2148.7322755004	2518.1071624831	4649.8248555061	5089.5784239499	4196.2360923135
1784	2149.5016814779	2518.3377195734	4650.1970406815	5089.8389280192	4196.5551142084
1785	2150.2369311399	2518.5702503528	4650.6623328120	5090.1140221314	4196.9310118360
1786	2150.9383949522	2518.8047312982	4651.2163583228	5090.4037931127	4197.3612872668
1787	2151.6064433807	2519.0411388865	4651.8547436390	5090.7083277894	4197.8434425710
1788	2152.2414468913	2519.2794495947	4652.5731151859	5091.0277129875	4198.3749798189
1789	2152.8437759497	2519.5196398997	4653.3670993884	5091.3620355334	4198.9534010810
1790	2153.4138010219	2519.7616862786	4654.2323226719	5091.7113822532	4199.5762084275
1791	2153.9518925736	2520.0055652081	4655.1644114614	5092.0758399731	4200.2409039288
1792	2154.4584210708	2520.2512531653	4656.1589921821	5092.4554955194	4200.9449896551
1793	2154.9337569792	2520.4987266272	4657.2116912591	5092.8504357182	4201.6859676769
1794	2155.3782707648	2520.7479620707	4658.3181351177	5093.2607473958	4202.4613400643
1795	2155.7923328933	2520.9989359726	4659.4739501829	5093.6865173782	4203.2686088879
1796	2156.1763138307	2521.2516248101	4660.6747628799	5094.1278324919	4204.1052762178
1797	2156.5305840426	2521.5060050601	4661.9161996338	5094.5847795629	4204.9688441245
1798	2156.8555139951	2521.7620531994	4663.1938868699	5095.0574454174	4205.8568146782
1799	2157.1514741539	2522.0197457050	4664.5034510133	5095.5459168817	4206.7666899493
1800	2157.4188349850	2522.2790590540	4665.8405184890	5096.0502807820	4207.6959720081
1801	2157.6579669540	2522.5399697232	4667.2007157223	5096.5706239444	4208.6421629249
1802	2157.8692405269	2522.8024541896	4668.5796691384	5097.1070331952	4209.6027647700
1803	2158.0530261696	2523.0664889301	4669.9730051623	5097.6595953606	4210.5752796139
1804	2158.2096943478	2523.3320504217	4671.3763502192	5098.2283972667	4211.5572095268
1805	2158.3396155274	2523.5991151414	4672.7853307343	5098.8135257398	4212.5460565790
1806	2158.4431601743	2523.8676595661	4674.1955731327	5099.4150676061	4213.5393228408
1807	2158.5206987543	2524.1376601727	4675.6027038396	5100.0331096918	4214.5345103827
1808	2158.5726017333	2524.4090934383	4677.0023492802	5100.6677388231	4215.5291212749
1809	2158.5992395770	2524.6819358396	4678.3901358795	5101.3190418262	4216.5206575877
1810	2158.6009827514	2524.9561638538	4679.7616900627	5101.9871055272	4217.5066213915
1811	2158.5782017223	2525.2317539578	4681.1126382551	5102.6720167525	4218.4845147566
1812	2158.5312669556	2525.5086826284	4682.4386068817	5103.3738623282	4219.4518397534
1813	2158.4605489170	2525.7869263427	4683.7352223676	5104.0927290805	4220.4060984521
1814	2158.3664180724	2526.0664615776	4684.9981111381	5104.8287038355	4221.3447929231
1815	2158.2492448877	2526.3472648101	4686.2228996183	5105.5818734196	4222.2654252367
1816	2158.1093998287	2526.6293125171	4687.4052142334	5106.3523246590	4223.1654974632
1817	2157.9472533613	2526.9125811755	4688.5406814084	5107.1401443797	4224.0425116730
1818	2157.7631759513	2527.1970472623	4689.6249275686	5107.9454194080	4224.8939699364
1819	2157.5575380645	2527.4826872545	4690.6535791391	5108.7682365702	4225.7173743237
1820	2157.3307101669	2527.7694776290	4691.6222625451	5109.6086826924	4226.5102269053
1821	2157.0830627242	2528.0573948628	4692.5266042117	5110.4668446009	4227.2700297515
1822	2156.8149662023	2528.3464154328	4693.3622305640	5111.3428091218	4227.9942849325
1823	2156.5267910670	2528.6365158160	4694.1247680272	5112.2366630813	4228.6804945188
1824	2156.2189077842	2528.9276724893	4694.8098430265	5113.1484933057	4229.3261605807
1825	2155.8916868197	2529.2198619296	4695.4130819870	5114.0783866211	4229.9287851884
1826	2155.5454986394	2529.5130606140	4695.9301113339	5115.0264298537	4230.4858704124
1827	2155.1807137091	2529.8072450193	4696.3565574923	5115.9927098299	4230.9949183229
1828	2154.7977024947	2530.1023916225	4696.6880468873	5116.9773133756	4231.4534309903
1829	2154.3968354620	2530.3984769006	4696.9202059442	5117.9803273173	4231.8589104849
1830	2153.9784830769	2530.6954773306	4697.0486610881	5119.0018384810	4232.2088588770
1831	2153.5430158051	2530.9933693893	4697.0690387441	5120.0419336929	4232.5007782369
1832	2153.0908041126	2531.2921295537	4696.9769653373	5121.1006997794	4232.7321706350
1833	2152.6222184652	2531.5917343008	4696.7680672930	5122.1730447307	4232.9011985348
1834	2152.1376293287	2531.8921601076	4696.4397142414	5123.2331611945	4233.0086659721
1835	2151.6374071690	2532.1933834509	4695.9962486330	5124.2500629824	4233.0560373759
1836	2151.1219224520	2532.4953808077	4695.4437561237	5125.1927639062	4233.0447771752
1837	2150.5915456434	2532.7981286550	4694.7883223689	5126.0302777776	4232.9763497991
1838	2150.0466472091	2533.1005042700	4694.0360330246	5126.7316184083	4232.8522196765
1839	2149.4875976150	2533.3969881302	4693.1929737463	5127.2657996101	4232.6738512365
1840	2148.9147673269	2533.6809615136	4692.2652301897	5127.6018351947	4232.4427089081
1841	2148.3285268106	2533.9458056982	4691.2588880106	5127.7087389738	4232.1602571203
1842	2147.7292465321	2534.1849019618	4690.1800328646	5127.5555247591	4231.8279603021
1843	2147.1172969571	2534.3916315824	4689.0347504074	5127.1112063625	4231.4472828825
1844	2146.4930485515	2534.5593758377	4687.8291262948	5126.3447975955	4231.0196892905
1845	2145.8568717812	2534.6815160058	4686.5692461823	5125.2253122700	4230.5466439551
1846	2145.2091371119	2534.7514333645	4685.2611957258	5123.7217641977	4230.0296113054
1847	2144.5502150095	2534.7625091916	4683.9110605809	5121.8212927669	4229.4700557703
1848	2143.8804759400	2534.7081247653	4682.5249264033	5119.5835396721	4228.8694417789
1849	2143.2002903690	2534.5816613632	4681.1088788486	5117.0862721844	4228.2292337602
1850	2142.5100287625	2534.3765002633	4679.6690035727	5114.4072575749	4227.5508961431
1851	2141.8100615864	2534.0860227435	4678.2113862311	5111.6242631147	4226.8358933568
1852	2141.1007593063	2533.7036100818	4676.7421124796	5108.8150560750	4226.0856898301
1853	2140.3824923883	2533.2226435559	4675.2672679739	5106.0574037267	4225.3017499922
1854	2139.6556312982	2532.6365044439	4673.7929383696	5103.4290733410	4224.4855382719
1855	2138.9205465017	2531.9385740235	4672.3252093225	5101.0078321891	4223.6385190984
1856	2138.1776084648	2531.1222335728	4670.8701664883	5098.8551646951	4222.7621569007
1857	2137.4271876532	2530.1808643695	4669.4338955226	5096.9674238959	4221.8579161077
1858	2136.6696545329	2529.1078476917	4668.0224820811	5095.3246799815	4220.9272611485
1859	2135.9053795697	2527.8965648171	4666.6420118195	5093.9070031418	4219.9716564520
1860	2135.1347332294	2526.5446501627	4665.2985703936	5092.6944635669	4218.9925664473
1861	2134.3580859778	2525.0667507015	4663.9982434590	5091.6671314467	4217.9914555634
1862	2133.5758082809	2523.4817665453	4662.7471166714	5090.8050769713	4216.9697882293
1863	2132.7882706044	2521.8085978061	4661.5512756865	5090.0883703305	4215.9290288741
1864	2131.9958434142	2520.0661445958	4660.4168061600	5089.4970817145	4214.8706419266
1865	2131.1988971762	2518.2733070263	4659.3497937476	5089.0112813131	4213.7960918160
1866	2130.3978023562	2516.4489852095	4658.3563241050	5088.6110393164	4212.7068429713
1867	2129.5929294200	2514.6120792575	4657.4424828878	5088.2788504270	4211.6046858601
1868	2128.7846488335	2512.7814892821	4656.6123530518	5088.0069073976	4210.4927151055
1869	2127.9733310625	2510.9761153952	4655.8620067522	5087.7898274938	4209.3743513692
1870	2127.1593465729	2509.2148577088	4655.1855134445	5087.6222279811	4208.2530153127
1871	2126.3430658305	2507.5166163347	4654.5769425838	5087.4987261248	4207.1321275977
1872	2125.5248593012	2505.9002913850	4654.0303636256	5087.4139391905	4206.0151088860
1873	2124.7050974508	2504.3847829716	4653.5398460250	5087.3624844436	4204.9053798393
1874	2123.8841507452	2502.9889912063	4653.0994592375	5087.3389791495	4203.8063611191
1875	2123.0623896502	2501.7318162011	4652.7032727183	5087.3380405738	4202.7214733872
1876	2122.2401846316	2500.6277511766	4652.3453559227	5087.3542859819	4201.6541373053
1877	2121.4179061553	2499.6736617872	4652.0197783060	5087.3823326392	4200.6077735350
1878	2120.5959246872	2498.8620067963	4651.7206093236	5087.4167978112	4199.5858027381
1879	2119.7746106930	2498.1852449670	4651.4419184307	5087.4522987633	4198.5916455761
1880	2118.9543346387	2497.6358350625	4651.1777750827	5087.4834527611	4197.6287227108
1881	2118.1354669901	2497.2062358460	4650.9222487348	5087.5048770700	4196.7004548038
1882	2117.3183782130	2496.8889060807	4650.6694088424	5087.5111889554	4195.8102625169
1883	2116.5034387732	2496.6763045299	4650.4133248608	5087.4970056828	4194.9615665117
1884	2115.6910191367	2496.5608899566	4650.1480662453	5087.4569445176	4194.1577874498
1885	2114.8814897692	2496.5351211242	4649.8677024511	5087.3856227254	4193.4023459930
1886	2114.0752211367	2496.5914567957	4649.5663029336	5087.2776575715	4192.6986628030
1887	2113.2725837049	2496.7223557345	4649.2379371482	5087.1276663215	4192.0501585414
1888	2112.4739479396	2496.9202767036	4648.8766745500	5086.9302662407	4191.4602538698
1889	2111.6796843069	2497.1776784663	4648.4765845944	5086.6800745947	4190.9323694501
1890	2110.8901632724	2497.4870197858	4648.0317367368	5086.3717086489	4190.4699259438
1891	2110.1057553020	2497.8407594253	4647.5362004324	5085.9997856688	4190.0763440126
1892	2109.3268308617	2498.2313561479	4646.9840451365	5085.5589229198	4189.7550443182
1893	2108.5537604171	2498.6512687169	4646.3693403045	5085.0437376674	4189.5094475223
1894	2107.7869144342	2499.0929558955	4645.6861553916	5084.4488471770	4189.3429742866
1895	2107.0266633789	2499.5488764469	4644.9285598531	5083.7688687142	4189.2590452727
1896	2106.2733777169	2500.0114891342	4644.0949613715	5083.0030388424	4189.2595632342
1897	2105.5274279141	2500.4732527206	4643.2011205375	5082.1690713180	4189.3403592913
1898	2104.7891844364	2500.9266259694	4642.2671361689	5081.2892991952	4189.4957466566
1899	2104.0590177495	2501.3640676438	4641.3131070835	5080.3860555285	4189.7200385421
1900	2103.3372983194	2501.7780365069	4640.3591320992	5079.4816733722	4190.0075481603
1901	2102.6243966119	2502.1609913219	4639.4253100338	5078.5984857807	4190.3525887233
1902	2101.9206830928	2502.5053908521	4638.5317397052	5077.7588258083	4190.7494734434
1903	2101.2265282280	2502.8036938606	4637.6985199311	5076.9850265093	4191.1925155329
1904	2100.5423024834	2503.0483591106	4636.9457495294	5076.2994209383	4191.6760282040
1905	2099.8683763247	2503.2318453654	4636.2935273180	5075.7243421494	4192.1943246690
1906	2099.2051202178	2503.3466113881	4635.7619521146	5075.2821231972	4192.7417181402
1907	2098.5529046286	2503.3851159418	4635.3711227371	5074.9950971358	4193.3125218299
1908	2097.9121000229	2503.3398177900	4635.1411380033	5074.8855970198	4193.9010489502
1909	2097.2830768665	2503.2050412978	4635.0920967310	5074.9759559034	4194.5016127136
1910	2096.6662056254	2502.9825732395	4635.2362453901	5075.2745477775	4195.1085263321
1911	2096.0618567653	2502.6760659916	4635.5544210584	5075.7339103786	4195.7161030182
1912	2095.4704007521	2502.2891719305	4636.0196084656	5076.2926223800	4196.3186559840
1913	2094.8922080516	2501.8255434326	4636.6047923416	5076.8892624545	4196.9104984419
1914	2094.3276491297	2501.2888328743	4637.2829574161	5077.4624092753	4197.4859436041
1915	2093.7770944522	2500.6826926321	4638.0270884189	5077.9506415154	4198.0393046828
1916	2093.2409144850	2500.0107750823	4638.8108712403	5078.3070619239	4198.5648948904
1917	2092.7194796939	2499.2767326014	4639.6107964121	5078.5428695536	4199.0570274390
1918	2092.2131605448	2498.4842175658	4640.4040556266	5078.6837875336	4199.5100155410
1919	2091.7223275035	2497.6368823520	4641.1678405763	5078.7555389926	4199.9181724087
1920	2091.2473510358	2496.7383793363	4641.8793429534	5078.7838470596	4200.2758112542
1921	2090.7886016077	2495.7923608952	4642.5198730990	5078.7904694608	4200.5783979482
1922	2090.3464496849	2494.8024794050	4643.0872159494	5078.7813023113	4200.8260089944
1923	2089.9212657333	2493.7723872423	4643.5832750895	5078.7582763238	4201.0198735548
1924	2089.5134202187	2492.7057367835	4644.0099541043	5078.7233222106	4201.1612207914
1925	2089.1232836070	2491.6061804049	4644.3691565789	5078.6783706844	4201.2512798663
1926	2088.7512263640	2490.4773704830	4644.6627860981	5078.6253524575	4201.2912799414
1927	2088.3976189556	2489.3229593943	4644.8927462470	5078.5661982427	4201.2824501789
1928	2088.0628318477	2488.1465995150	4645.0609406105	5078.5028387523	4201.2260197407
1929	2087.7471350104	2486.9519432217	4645.1692727737	5078.4372046988	4201.1232177889
1930	2087.4503964319	2485.7426428908	4645.2196463216	5078.3712267949	4200.9752734855
1931	2087.1723836047	2484.5223508987	4645.2139648390	5078.3068357529	4200.7834159925
1932	2086.9128640214	2483.2947196219	4645.1541319110	5078.2459622855	4200.5488744719
1933	2086.6716051744	2482.0634014366	4645.0420511226	5078.1905371050	4200.2728780858
1934	2086.4483745563	2480.8320487195	4644.8796260588	5078.1424909241	4199.9566559962
1935	2086.2429396595	2479.6043138468	4644.6687603045	5078.1037544552	4199.6014373651
1936	2086.0550679767	2478.3838491950	4644.4113574448	5078.0762584109	4199.2084513546
1937	2085.8845270002	2477.1743071406	4644.1093210645	5078.0619335037	4198.7789271266
1938	2085.7310842228	2475.9793400600	4643.7645547488	5078.0627104460	4198.3140938432
1939	2085.5945071368	2474.8026003295	4643.3777575243	5078.0780096142	4197.8151806665
1940	2085.4745632347	2473.6477403256	4642.9448101841	5078.0972100398	4197.2834167584
1941	2085.3710200092	2472.5184124248	4642.4603889633	5078.1071804179	4196.7200312809
1942	2085.2836449527	2471.4182690034	4641.9191700967	5078.0947894438	4196.1262533962
1943	2085.2122055578	2470.3509624378	4641.3158298193	5078.0469058127	4195.5033122662
1944	2085.1564693169	2469.3201451046	4640.6450443660	5077.9503982199	4194.8524370530
1945	2085.1162037227	2468.3294693801	4639.9014899717	5077.7921353606	4194.1748569185
1946	2085.0911762675	2467.3825876407	4639.0798428713	5077.5589859300	4193.4718010248
1947	2085.0811544439	2466.4831522629	4638.1747792998	5077.2378186234	4192.7444985340
1948	0.0000000000	0.0000000000	0.0000000000	0.0000000000	0.0000000000
1949	2085.1051976618	2464.8412300976	4636.0931076830	5076.2789051631	4191.2220704089
1950	2085.1387976883	2464.1060480630	4634.9112720719	5075.6200401338	4190.4307899663
1951	2085.1864733164	2463.4329218957	4633.6572447153	5074.8514944139	4189.6285007800
1952	2085.2479920388	2462.8255039720	4632.3582216342	5073.9909991030	4188.8247532177
1953	2085.3231213480	2462.2874466684	4631.0413988496	5073.0562853008	4188.0290976466
1954	2085.4116287364	2461.8224023613	4629.7339723823	5072.0650841068	4187.2510844343
1955	2085.5132816966	2461.4340234272	4628.4631382532	5071.0351266209	4186.5002639483
1956	2085.6278477211	2461.1259622424	4627.2560924834	5069.9841439426	4185.7861865560
1957	2085.7550943024	2460.9018711834	4626.1400310938	5068.9298671716	4185.1184026249
1958	2085.8947889331	2460.7654026266	4625.1421501053	5067.8900274075	4184.5064625225
1959	2086.0466991057	2460.7202089485	4624.2896455387	5066.8823557501	4183.9599166163
1960	2086.2105923126	2460.7699425254	4623.6097134152	5065.9245832989	4183.4883152737
1961	2086.3862360465	2460.9182557338	4623.1223134806	5065.0344411537	4183.1007920026
1962	2086.5733977998	2461.1688009500	4622.8184603817	5064.2296604141	4182.8048128727
1963	2086.7718450650	2461.5252305506	4622.6819324899	5063.5279721798	4182.6074270944
1964	2086.9813453348	2461.9911969120	4622.6965081769	5062.9471075503	4182.5156838777
1965	2087.2016661015	2462.5703524105	4622.8459658145	5062.5047976255	4182.5366324328
1966	2087.4325748577	2463.2663494226	4623.1140837742	5062.2187735050	4182.6773219699
1967	2087.6738390959	2464.0828403246	4623.4846404278	5062.1067662883	4182.9448016992
1968	2087.9252263087	2465.0212314798	4623.9414141468	5062.1865070752	4183.3461208309
1969	2088.1865039886	2466.0739451975	4624.4681833029	5062.4757269653	4183.8883285751
1970	2088.4574396281	2467.2311577739	4625.0487262677	5062.9921570584	4184.5784741421
1971	2088.7378007197	2468.4830455052	4625.6668214130	5063.7535284540	4185.4236067421
1972	2089.0273547559	2469.8197846874	4626.3062471103	5064.7775722518	4186.4307755851
1973	2089.3258692292	2471.2315516168	4626.9510823498	5066.0676353241	4187.5980439975
1974	2089.6331116323	2472.7085225895	4627.5866085952	5067.5695276333	4188.8875317695
1975	2089.9488494575	2474.2408739015	4628.1984079288	5069.2146749148	4190.2523728074
1976	2090.2728501974	2475.8187818492	4628.7720624328	5070.9345029035	4191.6457010174
1977	2090.6048813446	2477.4324227285	4629.2931541894	5072.6604373346	4193.0206503060
1978	2090.9447103915	2479.0719728356	4629.7472652807	5074.3239039432	4194.3303545793
1979	2091.2921048307	2480.7276084667	4630.1199777892	5075.8563284646	4195.5279477437
1980	2091.6468321547	2482.3895059179	4630.3968737969	5077.1891366337	4196.5665637055
1981	2092.0086598560	2484.0478414853	4630.5635353861	5078.2537541858	4197.3993363710
1982	2092.3773554272	2485.6927914651	4630.6055446390	5078.9816068560	4197.9793996465
1983	2092.7526863607	2487.3145321535	4630.5084836379	5079.3041203794	4198.2598874382
1984	2093.1344201491	2488.9032398465	4630.2643610037	5079.1757902370	4198.1960740879
1985	2093.5223242848	2490.4490908403	4629.8908915128	5078.6433908933	4197.7517956788
1986	2093.9161662605	2491.9422614311	4629.4122164803	5077.7767665586	4196.8930287296
1987	2094.3157135686	2493.3729279149	4628.8524772213	5076.6457614434	4195.5857497590
1988	2094.7207337017	2494.7312665880	4628.2358150510	5075.3202197579	4193.7959352857
1989	2095.1309941522	2496.0074537464	4627.5863712844	5073.8699857126	4191.5560245076
1990	2095.5462624128	2497.1916656863	4626.9282872368	5072.3649035177	4189.1643073398
1991	2095.9663059758	2498.2740787039	4626.2857042231	5070.8748173836	4186.9855363765
1992	2096.3908923339	2499.2448690952	4625.6827635585	5069.4695715207	4185.3844642123
1993	2096.8197889796	2500.0942131565	4625.1436065582	5068.2190101393	4184.7258434413
1994	2097.2527634053	2500.8145287433	4624.6879569457	5067.1793823538	4185.2648290969
1995	2097.6895831036	2501.4071999494	4624.3178680787	5066.3525568945	4186.8181859673
1996	2098.1300155671	2501.8758524279	4624.0309757231	5065.7268073958	4189.0930812798
1997	2098.5738282882	2502.2241118319	4623.8249156450	5065.2904074921	4191.7966822617
1998	2099.0207887594	2502.4556038148	4623.6973236104	5065.0316308177	4194.6361561402
1999	2099.4706644733	2502.5739540295	4623.6458353855	5064.9387510069	4197.3186701425
2000	2099.9232229224	2502.5827881294	4623.6680867361	5065.0000416942	4199.6045208913
2001	2100.3782315992	2502.4857317676	4623.7617134285	5065.2037765139	4201.4665225918
2002	2100.8354579963	2502.2864105972	4623.9243512285	5065.5382291002	4202.9306188443
2003	2101.2946696061	2501.9884502714	4624.1536359023	5065.9916730877	4204.0227532495
2004	2101.7556339212	2501.5954764435	4624.4472032160	5066.5523821106	4204.7688694079
2005	2102.2181184341	2501.1111147666	4624.8026889354	5067.2086298034	4205.1949109201
2006	2102.6818906373	2500.5389908938	4625.2177288268	5067.9486898003	4205.3268213865
2007	2103.1467180234	2499.8827304784	4625.6899586561	5068.7608357357	4205.1905444077
2008	2103.6123680848	2499.1459591735	4626.2170141894	5069.6333412440	4204.8120235843
2009	2104.0786083141	2498.3323026323	4626.7965311927	5070.5544799595	4204.2172025168
2010	2104.5452062038	2497.4453865080	4627.4261454321	5071.5125255166	4203.4320248057
2011	2105.0119292464	2496.4888364537	4628.1034926737	5072.4957515496	4202.4824340515
2012	2105.4785449344	2495.4662781226	4628.8262086833	5073.4924316930	4201.3943738549
2013	2105.9448207604	2494.3813371679	4629.5919292272	5074.4908395810	4200.1937878164
2014	2106.4105242169	2493.2376392428	4630.3982900713	5075.4792488480	4198.9066195364
2015	2106.8754227964	2492.0388100004	4631.2429269818	5076.4459331285	4197.5588126155
2016	2107.3392839914	2490.7884750940	4632.1228261813	5077.3791660566	4196.1865073087
2017	2107.8018752945	2489.4902601766	4633.0323757196	5078.2672212668	4194.8666304877
2018	2108.2629641981	2488.1477909016	4633.9653141031	5079.0983723935	4193.6863056790
2019	2108.7223181948	2486.7646929219	4634.9153798383	5079.8608930710	4192.7326564088
2020	2109.1797047771	2485.3445918909	4635.8763114317	5080.5430569336	4192.0928062034
2021	2109.6348914375	2483.8911134617	4636.8418473897	5081.1331376157	4191.8538785890
2022	2110.0876456685	2482.4078832875	4637.8057262187	5081.6194087518	4192.1029970920
2023	2110.5377349628	2480.8985270214	4638.7616864253	5081.9901439760	4192.9272852386
2024	2110.9849268126	2479.3666703167	4639.7034665158	5082.2336169228	4194.4138665551
2025	2111.4289887107	2477.8159388264	4640.6248049968	5082.3381012266	4196.6498645677
2026	2111.8696881496	2476.2499582039	4641.5194403746	5082.2918705217	4199.7224028028
2027	2112.3067926216	2474.6723541022	4642.3811111557	5082.0831984424	4203.7186047866
2028	2112.7400696195	2473.0867521745	4643.2035558466	5081.7003586232	4208.7255940455
2029	2113.1692866356	2471.4967780740	4643.9805129538	5081.1316246983	4214.8304941056
2030	2113.5942111625	2469.9060574539	4506.9941089834	5473.3253275881	4500.1972964507
2031	2114.0146106927	2468.3182159673	4507.7799832886	5389.2186967058	4500.6759759236
2032	2114.4302527188	2466.7368792675	4508.5673226857	5310.0215655901	4501.1504115223
2033	2114.8409047332	2465.1656730076	4509.3558000473	5235.5892371333	4501.6205990260
2034	2115.2463342285	2463.6082228408	4510.1450882463	5165.7770142277	4502.0865342136
2035	2115.6463086973	2462.0681544202	4510.9348601554	5100.4401997658	4502.5482128642
2036	2116.0405956319	2460.5490933991	4511.7247886476	5039.4340966398	4503.0056307568
2037	2116.4289625250	2459.0546654305	4512.5145465955	4982.6140077423	4503.4587836704
2038	2116.8111768690	2457.5884961678	4513.3038068720	4929.8352359655	4503.9076673842
2039	2117.1870061566	2456.1542112640	4514.0922423499	4880.9530842019	4504.3522776772
2040	2117.5562178801	2454.7554363724	4514.8795259019	4835.8228553437	4504.7926103283
2041	2117.9185795322	2453.3957971460	4515.6653304009	4794.2998522835	4505.2286611167
2042	2118.2738586053	2452.0789192382	4516.4493287197	4756.2393779136	4505.6604258213
2043	2118.6218225920	2450.8084283020	4517.2311937311	4721.4967351263	4506.0879002213
2044	2118.9622389848	2449.5879499906	4518.0105983078	4689.9272268140	4506.5110800957
2045	2119.2948752761	2448.4211099573	4518.7872153226	4661.3861558692	4506.9299612235
2046	2119.6194989586	2447.3115338551	4519.5607176485	4635.7288251842	4507.3445393837
2047	2119.9358775248	2446.2628473373	4520.3307781580	4612.8105376513	4507.7548103554
2048	2120.2437784671	2445.2786760571	4521.0970697242	4592.4865961630	4508.1607699177
2049	2120.5429692781	2444.3626456676	4521.8592652196	4574.6123036116	4508.5624138495
2050	2120.8332174502	2443.5183818219	4522.6170375172	4559.0429628894	4508.9597379300
2051	2121.1142904762	2442.7495101734	4523.3700594898	4545.6338768890	4509.3527379381
2052	2121.3859558483	2442.0596563750	4524.1180040101	4534.2403485027	4509.7414096530
2053	2121.6479810593	2441.4524460801	4524.8605439510	4524.7176806227	4510.1257488536
2054	2121.9001336015	2440.9315049418	4525.5973521851	4516.9211761416	4510.5057513189
2055	2122.1421809675	2440.5004586132	4526.3281015854	4510.7061379517	4510.8814128282
2056	2122.3738906499	2440.1629327476	4527.0524650247	4505.9278689453	4511.2527291603
2057	2122.5950301411	2439.9225529981	4527.7701153757	4502.4416720149	4511.6196960943
2058	2122.8053669337	2439.7829450180	4528.4807255112	4500.1028500529	4511.9823094093
2059	2123.0046685201	2439.7477344602	4529.1839683040	4498.7667059515	4512.3405648843
2060	0.0000000000	0.0000000000	0.0000000000	0.0000000000	0.0000000000
2061	2123.3697138216	2440.0050082249	4530.5670433528	4498.5236629004	4513.0439854305
2062	2123.5356494648	2440.3047438537	4531.2462213544	4499.3273697354	4513.3891420598
2063	2123.6906948697	2440.7212511191	4531.9167235045	4500.5549660006	4513.7299239653
2064	2123.8349758616	2441.2475136819	4532.5782226760	4502.0617545884	4514.0663269260
2065	2123.9686182655	2441.8743868043	4533.2303917415	4503.7030383912	4514.3983467209
2066	2124.0917479066	2442.5927257486	4533.8729035739	4505.3341203014	4514.7259791292
2067	2124.2044906100	2443.3933857770	4534.5054310461	4506.8103032113	4515.0492199298
2068	2124.3069722008	2444.2672221516	4535.1276470307	4507.9868900132	4515.3680649018
2069	2124.3993185042	2445.2050901347	4535.7392244007	4508.7191835997	4515.6825098242
2070	2124.4816553453	2446.1978449886	4536.3398360287	4508.8624868630	4515.9925504761
2071	2124.5541085492	2447.2363419754	4536.9291547877	4508.3179355233	4516.2981826365
2072	2124.6168039410	2448.3114363573	4537.5068535503	4507.1699966110	4516.5994020845
2073	2124.6698673458	2449.4139833967	4538.0726051895	4505.5489699845	4516.8962045991
2074	2124.7134245889	2450.5348383557	4538.6260825779	4503.5851555021	4517.1885859594
2075	2124.7476014953	2451.6648564965	4539.1669585884	4501.4088530220	4517.4765419443
2076	2124.7725238902	2452.7948930814	4539.6949060938	4499.1503624025	4517.7600683330
2077	2124.7883175986	2453.9158033725	4540.2095979669	4496.9399835019	4518.0391609044
2078	2124.7951084457	2455.0184426322	4540.7107070805	4494.9080161784	4518.3138154377
2079	2124.7930222567	2456.0936661226	4541.1979063073	4493.1847602903	4518.5840277118
2080	2124.7821848566	2457.1323291059	4541.6708685202	4491.9005156960	4518.8497935058
2081	2124.7627220706	2458.1252868444	4542.1292665920	4491.1855822535	4519.1111085988
2082	2124.7347597238	2459.0633946003	4542.5727733955	4491.1702598214	4519.3679687698
2083	2124.6984236414	2459.9375076358	4543.0010984141	4491.9382904650	4519.6203697978
2084	2124.6538396484	2460.7384812131	4543.4140975738	4493.3871850793	4519.8683074618
2085	2124.6011335700	2461.4571705945	4543.8116634114	4495.3678967664	4520.1117775410
2086	2124.5404312314	2462.0844310421	4544.1936884634	4497.7313786286	4520.3507758144
2087	2124.4718584576	2462.6111178183	4544.5600652667	4500.3285837680	4520.5852980609
2088	2124.3955410738	2463.0280861851	4544.9106863578	4503.0104652867	4520.8153400597
2089	2124.3116049051	2463.3261914050	4545.2454442734	4505.6279762869	4521.0408975898
2090	2124.2201757766	2463.4962887399	4545.5642315502	4508.0320698709	4521.2619664302
2091	2124.1213795135	2463.5321738450	4545.8669407249	4510.0736991407	4521.4785423600
2092	2124.0153419409	2463.4394039461	4546.1534643342	4511.6038171985	4521.6906211582
2093	2123.9021888839	2463.2264766617	4546.4236949148	4512.4733771466	4521.8981986038
2094	2123.7820461676	2462.9018896104	4546.6775250032	4512.5923174192	4522.1012704760
2095	2123.6550396173	2462.4741404107	4546.9148471363	4512.1065177793	4522.2998325537
2096	2123.5212950579	2461.9517266813	4547.1355538506	4511.2208433219	4522.4938806160
2097	2123.3809383146	2461.3431460407	4547.3395376829	4510.1401591421	4522.6834104419
2098	2123.2340952127	2460.6568961075	4547.5266911699	4509.0693303351	4522.8684178105
2099	2123.0808915770	2459.9014745003	4547.6969068481	4508.2132219958	4523.0488985007
2100	2122.9214532329	2459.0853788376	4547.8500772543	4507.7281078515	4523.2248482918
2101	2122.7559060055	2458.2171067380	4547.9860949252	4507.5758961579	4523.3962629627
2102	2122.5843757198	2457.3051558201	4548.1048523975	4507.6699038029	4523.5631382924
2103	2122.4069882010	2456.3580237024	4548.2062422077	4507.9234476745	4523.7254700599
2104	2122.2238692742	2455.3842080035	4548.2901568927	4508.2498446605	4523.8832540444
2105	2122.0351447646	2454.3922063420	4548.3564889890	4508.5769135210	4524.0364860249
2106	2121.8409404972	2453.3905163365	4548.4052636568	4508.8904805048	4524.1851617804
2107	2121.6413822973	2452.3876356055	4548.4370365494	4509.1908737327	4524.3292770899
2108	2121.4365959899	2451.3920617677	4548.4524959437	4509.4784213258	4524.4688277326
2109	2121.2267074001	2450.4122924415	4548.4523301164	4509.7534514050	4524.6038094874
2110	2121.0118423532	2449.4568252455	4548.4372273445	4510.0162920911	4524.7342181333
2111	2120.7921266741	2448.5341577984	4548.4078759048	4510.2672715053	4524.8600494495
2112	2120.5676861881	2447.6527877186	4548.3649640739	4510.5067177683	4524.9812992150
2113	2120.3386467203	2446.8212126248	4548.3091801288	4510.7349590012	4525.0979632087
2114	2120.1051340957	2446.0479301356	4548.2412123463	4510.9523233248	4525.2100372099
2115	2119.8672741396	2445.3414378694	4548.1617490032	4511.1591388602	4525.3175169974
2116	2119.6251926770	2444.7102334450	4548.0714783762	4511.3557337283	4525.4203983503
2117	2119.3790155332	2444.1628144807	4547.9710887423	4511.5424360500	4525.5186770478
2118	2119.1288685331	2443.7076785954	4547.8612683782	4511.7195739462	4525.6123488687
2119	2118.8748775019	2443.3533234073	4547.7427055607	4511.8874755379	4525.7014095923
2120	2118.6171682649	2443.1082465353	4547.6160885666	4512.0464689460	4525.7858549974
2121	2118.3558666470	2442.9809455978	4547.4821056729	4512.1968822915	4525.8656808632
2122	2118.0910984734	2442.9776265988	4547.3414451562	4512.3390436953	4525.9408829687
2123	2117.8229895693	2443.0953290837	4547.1947952934	4512.4732812784	4526.0114570929
2124	2117.5516657597	2443.3288009835	4547.0428443613	4512.5999231617	4526.0773990149
2125	2117.2772528699	2443.6727902290	4546.8862806368	4512.7192974661	4526.1387045137
2126	2116.9998767249	2444.1220447510	4546.7257923965	4512.8317323126	4526.1953693684
2127	2116.7196631498	2444.6713124804	4546.5620679175	4512.9375558221	4526.2473893580
2128	2116.4367379698	2445.3153413481	4546.3957954763	4513.0370961156	4526.2947602615
2129	2116.1512270101	2446.0488792849	4546.2276633500	4513.1306813139	4526.3374778581
2130	2115.8632560956	2446.8666742218	4546.0583598153	4513.2186395381	4526.3755379267
2131	2115.5729510517	2447.7634740894	4545.8885731489	4513.3012989091	4526.4089362463
2132	2115.2804377033	2448.7340268188	4545.7189916278	4513.3789875479	4526.4376685961
2133	2114.9858418756	2449.7730803408	4545.5503035287	4513.4520335753	4526.4617307550
2134	2114.6892893938	2450.8753825862	4545.3831971285	4513.5207651123	4526.4811185022
2135	2114.3909060830	2452.0356814859	4545.2183607039	4513.5855102798	4526.4958276166
2136	2114.0908177683	2453.2487249707	4545.0564825318	4513.6465971989	4526.5058538772
2137	2113.7891502748	2454.5092609716	4544.8982508890	4513.7043539904	4526.5111930633
2138	2113.4860294277	2455.8120374193	4544.7443540523	4513.7591087752	4526.5118409537
2139	2113.1815810521	2457.1518022448	4544.5954802985	4513.8111896744	4526.5077933275
2140	2112.8759309730	2458.5233033789	4544.4523179044	4513.8609248088	4526.4990459637
2141	2112.5692050158	2459.9212887524	4544.3155551469	4513.9086422994	4526.4855946415
2142	2112.2615290053	2461.3405062963	4544.1858803028	4513.9546702672	4526.4674351399
2143	2111.9530287669	2462.7757039413	4544.0639816488	4513.9993368330	4526.4445632378
2144	2111.6438301256	2464.2216296184	4543.9505474618	4514.0429701179	4526.4169747143
2145	2111.3340589066	2465.6730312584	4543.8462660187	4514.0858982427	4526.3846653485
2146	2111.0238409350	2467.1246567922	4543.7518255961	4514.1284493285	4526.3476309195
2147	2110.7133020358	2468.5712541505	4543.6679144710	4514.1709514961	4526.3058672062
2148	2110.4025680343	2470.0075712644	4543.5952209201	4514.2137328664	4526.2593699877
2149	2110.0917647555	2471.4283560646	4543.5344332203	4514.2571215605	4526.2081350431
2150	2109.7810180247	2472.8283564820	4543.4862396483	4514.3014456993	4526.1521581513
2151	2109.4704536668	2474.2023204475	4543.4513284810	4514.3470334036	4526.0914350915
2152	2109.1601975071	2475.5449958919	4543.4303879953	4514.3942127946	4526.0259616426
2153	2108.8503753707	2476.8511307461	4543.4241064678	4514.4433119930	4525.9557335838
2154	2108.5411130827	2478.1154729409	4543.4331721755	4514.4946591198	4525.8807466940
2155	2108.2325364682	2479.3327704072	4543.4582733951	4514.5485822961	4525.8009967523
2156	2107.9247713524	2480.4982314433	4543.5000984035	4514.6054096426	4525.7164795378
2157	2107.6179435603	2481.6089058167	4543.5593354775	4514.6650623495	4525.6272056302
2158	2107.3121592914	2482.6623036623	4543.6366728938	4514.7258338831	4525.5332448120
2159	2107.0074462416	2483.6559351151	4543.7320471902	4514.7856107789	4525.4346816666
2160	2106.7038124812	2484.5873103100	4543.8423879473	4514.8422795723	4525.3316007773
2161	2106.4012660805	2485.4539393820	4543.9638730070	4514.8937267989	4525.2240867274
2162	2106.0998151098	2486.2533324659	4544.0926802107	4514.9378389940	4525.1122241001
2163	2105.7994676392	2486.9829996968	4544.2249874001	4514.9725026931	4524.9960974788
2164	2105.5002317391	2487.6404512096	4544.3569724169	4514.9956044317	4524.8757914467
2165	2105.2021154797	2488.2231971392	4544.4848131026	4515.0050307453	4524.7513905871
2166	2104.9051269312	2488.7287476205	4544.6046872989	4514.9986681693	4524.6229794834
2167	2104.6092741639	2489.1546127885	4544.7127728475	4514.9744032392	4524.4906427189
2168	2104.3145652481	2489.4983027781	4544.8052475899	4514.9301224904	4524.3544648767
2169	2104.0210082540	2489.7573277243	4544.8782893678	4514.8637124584	4524.2145305403
2170	2103.7286112519	2489.9291977620	4544.9280760228	4514.7730596786	4524.0709242929
2171	2103.4373823120	2490.0114230261	4544.9507853965	4514.6560506866	4523.9237307178
2172	2103.1473295046	2490.0015136516	4544.9425953306	4514.5105720178	4523.7730343983
2173	2102.8584608999	2489.8969797734	4544.8996836667	4514.3345102076	4523.6189199177
2174	2102.5707845682	2489.6953315264	4544.8182282463	4514.1257517915	4523.4614718593
2175	2102.2843085798	2489.3940790456	4544.6944069113	4513.8821833050	4523.3007748064
2176	2101.9990410048	2488.9907324660	4544.5243975031	4513.6016912835	4523.1369133423
2177	2101.7149899136	2488.4828019224	4544.3043778634	4513.2821622625	4522.9699720503
2178	2101.4321633765	2487.8677975497	4544.0305258339	4512.9214827775	4522.8000355136
2179	2101.1505694636	2487.1432294831	4543.6990192561	4512.5175393639	4522.6271883156
2180	2100.8702162452	2486.3066078573	4543.3060359717	4512.0682185571	4522.4515150395
2181	2100.5911117916	2485.3554428073	4542.8477538223	4511.5841780040	4522.2731002687
2182	2100.3132641730	2484.2872444680	4542.3203506495	4511.1271597962	4522.0920285865
2183	2100.0366814597	2483.0995229744	4541.7448086465	4510.7716771367	4521.9083845761
2184	2099.7613717220	2481.7897884615	4541.2413274121	4510.5922432285	4521.7222528208
2185	2099.4873430301	2480.3571042972	4540.9549108969	4510.6633712746	4521.5337179040
2186	2099.2146034542	2478.8067467825	4541.0305630511	4511.0595744780	4521.3428644089
2187	2098.9431610646	2477.1455454512	4541.6132878252	4511.8553660416	4521.1497769189
2188	2098.6730239316	2475.3803298372	4542.8480891696	4513.1252591685	4520.9545400171
2189	2098.4042001254	2473.5179294744	4544.8799710348	4514.9437670617	4520.7572382870
2190	2098.1366977162	2471.5651738968	4547.7881116099	4517.3854029241	4520.5579563117
2191	2097.8705247744	2469.5288926384	4551.3883860399	4520.5246799587	4520.3567786747
2192	2097.6056893702	2467.4159152329	4555.4308437084	4524.3311330955	4520.1537899591
2193	2097.3421995738	2465.2330712145	4559.6655339993	4528.3543841723	4519.9490747484
2194	2097.0800634556	2462.9871901169	4563.8264804513	4532.0390767540	4519.7427176257
2195	2096.8192890856	2460.6851014741	4567.5836032240	4534.8298544053	4519.5348031745
2196	2096.5598845343	2458.3336348200	4570.5907966318	4536.1713606910	4519.3254159778
2197	2096.3018578718	2455.9396196886	4572.5019549894	4535.5082391759	4519.1146406192
2198	2096.0452171684	2453.5098856138	4572.9709726114	4532.2851334250	4518.9025616818
2199	2095.7899704944	2451.0512621295	4571.7658872954	4526.2700609806	4518.6892637490
2200	2095.5361259201	2448.5705787696	4569.1113107712	4518.5245352966	4518.4748314040
2201	2095.2836915156	2446.0746650681	4565.3459982517	4510.4334438044	4518.2593492302
2202	2095.0326753512	2443.5703505588	4560.8087049499	4503.3816739355	4518.0429018108
2203	2094.7830854972	2441.0644647758	4555.8381860786	4498.4540067611	4517.8255737292
2204	2094.5349300239	2438.5638372529	4550.7731968508	4495.5347979115	4517.6074495685
2205	2094.2882170014	2436.0752975240	4545.9524924792	4494.2082966567	4517.3886139123
2206	2094.0429545002	2433.6056751231	4541.7148281769	4494.0587522667	4517.1691513436
2207	2093.7991505903	2431.1617995841	4538.3254518891	4494.6704140115	4516.9491464458
2208	2093.5568133421	2428.7505004410	4535.7555824904	4495.6839022093	4516.7286838023
2209	2093.3159508258	2426.3786072276	4533.9029315878	4496.9653213699	4516.5078479962
2210	2093.0765711117	2424.0529494779	4532.6652107883	4498.4371470513	4516.2867236110
2211	2092.8386822700	2421.7803567258	4531.9401316990	4500.0218548116	4516.0653952298
2212	2092.6022923710	2419.5676585052	4531.6254059268	4501.6419202087	4515.8439474360
2213	2092.3674094849	2417.4216843500	4531.6187450787	4503.2198188006	4515.6224648129
2214	2092.1340416820	2415.3492637943	4531.8178607617	4504.6780261453	4515.4010319438
2215	2091.9021970326	2413.3572263718	4532.1204645828	4505.9390178007	4515.1797334120
2216	2091.6718836069	2411.4524016166	4532.4242681491	4506.9252693249	4514.9586538007
2217	2091.4431094751	2409.6416190625	4532.6269830675	4507.5592562758	4514.7378776933
2218	2091.2158827075	2407.9317082435	4532.6263209450	4507.7634542114	4514.5174896730
2219	2090.9902113745	2406.3294986935	4532.3199933886	4507.4603386897	4514.2975743232
2220	2090.7661035461	2404.8418199465	4531.6057120054	4506.5723852687	4514.0782162271
2221	2090.5435672927	2403.4755015362	4530.3811884023	4505.0220695063	4513.8594999680
2222	2090.3226106846	2402.2373729968	4528.5441341863	4502.7318669606	4513.6415101293
2223	2090.1032417919	2401.1342638620	4525.9922609644	4499.6242531895	4513.4243312942
2224	2089.8854686850	2400.1730036659	4522.7064269832	4495.6217037509	4513.2080480461
2225	2089.6692994341	2399.3604219424	4519.0000770477	4490.6466942030	4512.9927449681
2226	2089.4547421094	2398.7033482253	4515.2698026023	4484.7576248793	4512.7785066437
2227	2089.2418047813	2398.2060725314	4511.9121950917	4478.5565952162	4512.5654176560
2228	2089.0304955199	2397.8627268090	4509.3238459602	4472.7816294257	4512.3535625885
2229	2088.8208223955	2397.6649034888	4507.8155611798	4468.1707517200	4512.1430260243
2230	2088.6127934784	2397.6041950021	4507.3550048321	4465.4619863110	4511.9338925469
2231	2088.4064168388	2397.6721937797	4507.8240555260	4465.3933574108	4511.7262467394
2232	2088.2017005471	2397.8604922525	4509.1045918705	4468.3482343912	4511.5201731852
2233	2087.9986526733	2398.1606828517	4511.0784924746	4473.2913672629	4511.3157564676
2234	2087.7972812879	2398.5643580081	4513.6212281593	4478.8328511962	4511.1130811698
2235	2087.5975944610	2399.0631101528	4516.5826385940	4483.8241104206	4510.9122318752
2236	2087.3996002629	2399.6485317167	4519.8061556603	4488.0818854014	4510.7132931671
2237	2087.2033067638	2400.3122151309	4523.1352112396	4491.6642456629	4510.5163496287
2238	2087.0087220341	2401.0457528262	4526.4132372135	4494.6292607294	4510.3214858433
2239	2086.8158541440	2401.8407372337	4529.4836654636	4497.0350001253	4510.1287863943
2240	2086.6247111636	2402.6887607844	4532.1899278712	4498.9395333748	4509.9383358649
2241	2086.4353011634	2403.5814159092	4534.3754563180	4500.4009300023	4509.7502188385
2242	2086.2476322135	2404.5102950391	4535.9217469807	4501.4772595321	4509.5645198983
2243	2086.0617123841	2405.4669906052	4536.8625532170	4502.2265914884	4509.3813236276
2244	2085.8775497457	2406.4430950383	4537.2696926798	4502.7069953957	4509.2007146097
2245	2085.6951523683	2407.4302007695	4537.2149830223	4502.9765407781	4509.0227774279
2246	2085.5145283223	2408.4199002297	4536.7702418973	4503.0932971601	4508.8475966655
2247	2085.3356856778	2409.4037858500	4536.0072869577	4503.1070228805	4508.6752569058
2248	2085.1586325053	2410.3734500613	4534.9979358567	4503.0342315366	4508.5058427320
2249	2084.9833768749	2411.3204852945	4533.8140062471	4502.8831255404	4508.3394387276
2250	2084.8099268568	2412.2364839808	4532.5273157819	4502.6619073036	4508.1761294758
2251	2084.6382905214	2413.1130385510	4531.2096821141	4502.3787792382	4508.0159995598
2252	2084.4684759388	2413.9417414361	4529.9329228967	4502.0419437560	4507.8591335630
2253	2084.3004911794	2414.7141850672	4528.7688557825	4501.6596032690	4507.7056160686
2254	2084.1343443134	2415.4219618752	4527.7755394978	4501.2399601891	4507.5555316601
2255	2083.9700434111	2416.0566642910	4526.9559970607	4500.7912169280	4507.4089649205
2256	2083.8075965426	2416.6098847457	4526.2994925628	4500.3215758977	4507.2660004333
2257	2083.6470117783	2417.0732156703	4525.7952900953	4499.8392395101	4507.1267227818
2258	2083.4882971884	2417.4382494957	4525.4326537498	4499.3524101770	4506.9912165492
2259	2083.3314608432	2417.6987476246	4525.2008476177	4498.8692903104	4506.8595663188
2260	2083.1765108129	2417.8571473470	4525.0891357902	4498.3980823222	4506.7318566739
2261	2083.0234551678	2417.9180549243	4525.0867823589	4497.9469886241	4506.6081721979
2262	2082.8723019782	2417.8860766182	4525.1830514152	4497.5242116282	4506.4885974739
2263	2082.7230593142	2417.7658186903	4525.3672070505	4497.1379537462	4506.3732170854
2264	2082.5757352462	2417.5618874020	4525.6285133561	4496.7964173901	4506.2621156156
2265	2082.4303378443	2417.2788890151	4525.9562344234	4496.5078049717	4506.1553776478
2266	2082.2868751790	2416.9214297911	4526.3396343440	4496.2803189030	4506.0530877652
2267	2082.1453553203	2416.4941159915	4526.7679772092	4496.1221615958	4505.9553305513
2268	2082.0057863386	2416.0015538780	4527.2305271103	4496.0415354620	4505.8621905892
2269	2081.8681763041	2415.4483497122	4527.7165481389	4496.0442971045	4505.7737296276
2270	2081.7325332871	2414.8391097556	4528.2153043863	4496.1269198907	4505.6899180759
2271	2081.5988653579	2414.1784402698	4528.7160599439	4496.2835313790	4505.6107035090
2272	2081.4671805866	2413.4709475164	4529.2080789032	4496.5082591276	4505.5360335018
2273	2081.3374870435	2412.7212377570	4529.6806253555	4496.7952306950	4505.4658556290
2274	2081.2097927990	2411.9339172532	4530.1248609534	4497.1385736394	4505.4001174654
2275	2081.0841059232	2411.1135922665	4530.5395375943	4497.5324155194	4505.3387665858
2276	2080.9604344864	2410.2648690586	4530.9253047365	4497.9708838932	4505.2817505652
2277	2080.8387865588	2409.3923538910	4531.2828118387	4498.4481063193	4505.2290169781
2278	2080.7191702108	2408.5006530252	4531.6127083593	4498.9582103559	4505.1805133996
2279	2080.6015935126	2407.5943727230	4531.9156437568	4499.4953235614	4505.1361874044
2280	2080.4860645344	2406.6781192459	4532.1922674897	4500.0535734943	4505.0959865672
2281	2080.3725913464	2405.7564988554	4532.4432290164	4500.6270877128	4505.0598584630
2282	2080.2611820190	2404.8341178131	4532.6691777955	4501.2099937754	4505.0277506665
2283	2080.1518446224	2403.9155823807	4532.8707632854	4501.7964192404	4504.9996107526
2284	2080.0445872268	2403.0054988196	4533.0486349447	4502.3804916662	4504.9753862960
2285	2079.9394179026	2402.1084733916	4533.2034422317	4502.9563386111	4504.9550248715
2286	2079.8363447199	2401.2291123581	4533.3358346051	4503.5180876335	4504.9384740541
2287	2079.7353757490	2400.3720219808	4533.4464615233	4504.0598662918	4504.9256814184
2288	2079.6365190601	2399.5418085213	4533.5359724447	4504.5758021444	4504.9165945394
2289	2079.5397827236	2398.7430782410	4533.6050168280	4505.0600227495	4504.9111609917
2290	2079.4451748097	2397.9804374017	4533.6542441315	4505.5066556656	4504.9093283503
2291	2079.3527033886	2397.2573433150	4533.6843038137	4505.9098284511	4504.9110441899
2292	2079.2623765306	2396.5726574931	4533.6958453332	4506.2636686642	4504.9162560853
2293	2079.1742023059	2395.9240924984	4533.6895181484	4506.5623038634	4504.9249116115
2294	2079.0881887848	2395.3093608930	4533.6659717178	4506.7998616071	4504.9369583431
2295	2079.0043440376	2394.7261752395	4533.6258555000	4506.9704694535	4504.9523438549
2296	2078.9226761345	2394.1722480999	4533.5698189533	4507.0682549612	4504.9710157219
2297	2078.8431931457	2393.6452920368	4533.4985115363	4507.0873456883	4504.9929215188
2298	2078.7659031416	2393.1430196123	4533.4125827074	4507.0239207291	4505.0180088204
2299	2078.6908141923	2392.6631433889	4533.3126819253	4506.8823653205	4505.0462252015
2300	2078.6179343682	2392.2033759287	4533.1994586482	4506.6691162354	4505.0775182370
2301	2078.5472717394	2391.7614297942	4533.0735623348	4506.3906102464	4505.1118355016
2302	2078.4788343763	2391.3350175476	4532.9356424435	4506.0532841263	4505.1491245702
2303	2078.4126303490	2390.9218517513	4532.7863484328	4505.6635746479	4505.1893330175
2304	2078.3486677280	2390.5196449675	4532.6263297613	4505.2279185839	4505.2324084185
2305	2078.2869545833	2390.1261097586	4532.4562358873	4504.7527527070	4505.2782983479
2306	2078.2274989853	2389.7389586869	4532.2767162694	4504.2445137901	4505.3269503804
2307	2078.1703090041	2389.3559043147	4532.0884203660	4503.7096386059	4505.3783120911
2308	2078.1153927102	2388.9746592044	4531.8919976357	4503.1545639271	4505.4323310545
2309	2078.0627581737	2388.5929359181	4531.6880975369	4502.5857265265	4505.4889548456
2310	2078.0124134648	2388.2084470183	4531.4773695282	4502.0095631769	4505.5481310391
2311	2077.9643666539	2387.8189050673	4531.2604630680	4501.4325106509	4505.6098072100
2312	2077.9186258112	2387.4220226273	4531.0380276147	4500.8610057214	4505.6739309329
2313	2077.8751990069	2387.0155122607	4530.8107126270	4500.3014851611	4505.7404497827
2314	2077.8340943113	2386.5970865299	4530.5791675633	4499.7603857427	4505.8093113342
2315	2077.7953197947	2386.1644579970	4530.3440418820	4499.2441442391	4505.8804631623
2316	2077.7588835272	2385.7153392244	4530.1059850417	4498.7591974229	4505.9538528416
2317	2077.7247935793	2385.2474427745	4529.8656465008	4498.3119820669	4506.0294279472
2318	2077.6930580210	2384.7584812095	4529.6236757179	4497.9089349439	4506.1071360536
2319	2077.6636849227	2384.2461670918	4529.3807221513	4497.5564928266	4506.1869247359
2320	2077.6366823547	2383.7082129837	4529.1374352597	4497.2610924878	4506.2687415687
2321	2077.6120583871	2383.1423314474	4528.8944645015	4497.0291707002	4506.3525341270
2322	2077.5898210903	2382.5462350454	4528.6524593352	4496.8671642366	4506.4382499854
2323	2077.5699785344	2381.9176363398	4528.4120692193	4496.7795114589	4506.5258367188
2324	2077.5525387898	2381.2542478931	4528.1739436122	4496.7626570861	4506.6152419021
2325	2077.5375099268	2380.5537822675	4527.9387319724	4496.8110474261	4506.7064131100
2326	2077.5249000154	2379.8154795626	4527.7070837586	4496.9191287870	4506.7992979174
2327	2077.5147171261	2379.0446900266	4527.4796484290	4497.0813474769	4506.8938438990
2328	2077.5069693291	2378.2482914451	4527.2570754422	4497.2921498038	4506.9899986297
2329	2077.5016646945	2377.4331616034	4527.0400142568	4497.5459820758	4507.0877096843
2330	2077.4988112928	2376.6061782872	4526.8291143312	4497.8372906010	4507.1869246376
2331	2077.4984171941	2375.7742192819	4526.6249069477	4498.1605216873	4507.2875910644
2332	2077.5004904686	2374.9441623730	4526.4274506840	4498.5101216430	4507.3896565395
2333	2077.5050391867	2374.1228853460	4526.2366859419	4498.8805367759	4507.4930686378
2334	2077.5120714187	2373.3172659863	4526.0525531228	4499.2662133943	4507.5977749340
2335	2077.5215952346	2372.5341820795	4525.8749926284	4499.6615978061	4507.7037230030
2336	2077.5336187049	2371.7805114111	4525.7039448603	4500.0611363194	4507.8108604195
2337	2077.5481498997	2371.0631317665	4525.5393502201	4500.4592752423	4507.9191347585
2338	2077.5651968894	2370.3889209313	4525.3811491093	4500.8504608828	4508.0284935946
2339	2077.5847677441	2369.7647566908	4525.2292819296	4501.2291395490	4508.1388845027
2340	2077.6068705342	2369.1975168307	4525.0836890826	4501.5897575489	4508.2502550576
2341	2077.6315133298	2368.6940791364	4524.9443109699	4501.9267611906	4508.3625528342
2342	2077.6587042013	2368.2613213934	4524.8110879931	4502.2345967822	4508.4757254072
2343	2077.6884512189	2367.9061213872	4524.6839605537	4502.5077106317	4508.5897203515
2344	2077.7207624528	2367.6353569033	4524.5628690534	4502.7405490472	4508.7044852419
2345	2077.7556459733	2367.4559057271	4524.4477538938	4502.9275583367	4508.8199676531
2346	2077.7931098507	2367.3746456442	4524.3385554764	4503.0631848084	4508.9361151600
2347	2077.8331621552	2367.3984544400	4524.2352142029	4503.1418747701	4509.0528753374
2348	2077.8758109570	2367.5342099001	4524.1376704749	4503.1580745301	4509.1701957601
2349	2077.9210643265	2367.7887898099	4524.0458646940	4503.1080468293	4509.2880240030
2350	2077.9689303339	2368.1690719549	4523.9597372617	4502.9953201399	4509.4063076408
2351	2078.0194170494	2368.6819341206	4523.8792285797	4502.8252393672	4509.5249942483
2352	2078.0725325433	2369.3342540926	4523.8042790496	4502.6031494163	4509.6440314004
2353	2078.1282848858	2370.1329096562	4523.7348290729	4502.3343951925	4509.7633666719
2354	2078.1866821472	2371.0847785970	4523.6708190513	4502.0243216010	4509.8829476375
2355	2078.2477323978	2372.1967387005	4523.6121893864	4501.6782735469	4510.0027218722
2356	2078.3114437078	2373.4756677521	4523.5588804797	4501.3015959355	4510.1226369506
2357	2078.3778241475	2374.9284435374	4523.5108327329	4500.8996336719	4510.2426404477
2358	2078.4468817870	2376.5569245747	4523.4679865476	4500.4777316614	4510.3626799382
2359	2078.5186246968	2378.3428923140	4523.4302823253	4500.0412348091	4510.4827029970
2360	2078.5930609470	2380.2631089380	4523.3976604677	4499.5954880202	4510.6026571988
2361	2078.6701986078	2382.2943366296	4523.3700613763	4499.1458362000	4510.7224901185
2362	2078.7500457496	2384.4133375716	4523.3474254529	4498.6976242536	4510.8421493309
2363	2078.8326104426	2386.5968739467	4523.3296930988	4498.2561970863	4510.9615824107
2364	2078.9179007571	2388.8217079379	4523.3168047159	4497.8268996032	4511.0807369329
2365	2079.0059247632	2391.0646017278	4523.3087007056	4497.4150767095	4511.1995604722
2366	2079.0966905313	2393.3023174994	4523.3053214695	4497.0260733104	4511.3180006034
2367	2079.1902061316	2395.5116174354	4523.3066074094	4496.6652343111	4511.4360049013
2368	2079.2864796344	2397.6692637186	4523.3124989266	4496.3379046169	4511.5535209408
2369	2079.3855191099	2399.7520185318	4523.3229364230	4496.0494291328	4511.6704962967
2370	2079.4873326284	2401.7366440579	4523.3378603000	4495.8051527642	4511.7868785437
2371	2079.5919282602	2403.5999024797	4523.3572109592	4495.6104204162	4511.9026152567
2372	2079.6993140754	2405.3185559799	4523.3809288023	4495.4705769939	4512.0176540106
2373	2079.8094919489	2406.8693667414	4523.4089542309	4495.3869052072	4512.1319504447
2374	2079.9224389736	2408.2290969470	4523.4412276465	4495.3444389838	4512.2454924572
2375	2080.0381260471	2409.3745087794	4523.4776894508	4495.3241500561	4512.3582760111
2376	2080.1565240667	2410.2823644216	4523.5182800453	4495.3070101564	4512.4702970690
2377	2080.2776039301	2410.9294260563	4523.5629398317	4495.2739910171	4512.5815515940
2378	2080.4013365346	2411.2924558663	4523.6116092115	4495.2060643705	4512.6920355487
2379	2080.5276927778	2411.3482160344	4523.6642285864	4495.0842019488	4512.8017448960
2380	2080.6566435572	2411.0734687434	4523.7207279688	4494.8893754846	4512.9106755989
2381	2080.7881597702	2410.4449761762	4523.7809958149	4494.6025567101	4513.0188236200
2382	2080.9222123144	2409.4395005155	4523.8449101914	4494.2047173576	4513.1261849224
2383	2081.0587720871	2408.0338039442	4523.9123491655	4493.6909187347	4513.2327554686
2384	2081.1978099860	2406.2046486451	4523.9831908040	4493.1125804498	4513.3385312218
2385	2081.3392969085	2403.9287968009	4524.0573131739	4492.5352116862	4513.4435081446
2386	2081.4832037521	0.0000000000	4524.1345943422	4492.0243216276	4513.5476821998
2387	2081.6295014142	0.0000000000	4524.2149123757	4491.6454194575	4513.6510493505
2388	2081.7781607924	2571.1250000000	4524.2981453415	4491.4640143595	4513.7536055593
2389	2081.9291527841	2611.1347656250	4524.3841713064	4491.5456155169	4513.8553467891
2390	2082.0824482869	2625.9697265625	4524.4728683375	4491.9557321134	4513.9562690028
2391	2082.2380181982	2626.2207031250	4524.5641145017	4492.7342128854	4514.0563681632
2392	2082.3958334155	2620.2978515625	4524.6577878659	4493.8182647814	4514.1556402331
2393	2082.5558648364	2614.4213867188	4524.7537664971	4495.1194343030	4514.2540811753
2394	2082.7180833582	2612.6347656250	4524.8519284622	4496.5492679515	4514.3516869528
2395	2082.8824598784	2616.7988281250	4524.9521518281	4498.0193122284	4514.4484535283
2396	2083.0489652947	2626.5893554688	4525.0543146619	4499.4411136352	4514.5443768647
2397	2083.2175705044	2639.5019531250	4525.1582950305	4500.7419949444	4514.6394529248
2398	2083.3882464050	2650.8476562500	4525.2639710008	4501.9123840132	4514.7336776715
2399	2083.5609638941	2653.7539062500	4525.3712206398	4502.9584849698	4514.8270470676
2400	2083.7356938690	2639.1743164062	4525.4799220143	4503.8865019426	4514.9195570759
2401	2083.9124072274	2505.5674062615	4525.5899531915	4504.7026390597	4515.0112036592
2402	2084.0910748666	2508.8672057375	4525.7011922381	4505.4131004495	4515.1019827805
2403	2084.2716676843	2511.9073726680	4525.8135172213	4506.0240902401	4515.1918904025
2404	0.0000000000	0.0000000000	0.0000000000	0.0000000000	0.0000000000
2405	2084.6385124446	2517.2387453888	4526.0409372647	4506.9724715370	4515.3690750002
2406	2084.8247061823	2519.5449194273	4526.1557884588	4507.3222712999	4515.4563439015
2407	2085.0127086883	2521.6213974166	4526.2712378573	4507.5974159766	4515.5427251548
2408	2085.2024908602	2523.4756634809	4526.3871635269	4507.8041096955	4515.6282147232
2409	2085.3940235953	2525.1152017441	4526.5034435347	4507.9485565849	4515.7128085692
2410	2085.5872777912	2672.6000000000	4526.6199559476	4508.0369607730	4515.7965026559
2411	2085.7822243454	2527.7800313640	4526.7365788325	4508.0755263880	4515.8792929461
2412	2085.9788341554	2528.8202909688	4526.8531902565	4508.0704575582	4515.9611754025
2413	2086.1770781186	2529.6757592689	4526.9696682864	4508.0279584119	4516.0421459881
2414	2086.3769271326	2530.3539203885	4527.0858909891	4507.9542330774	4516.1222006656
2415	2086.5783520948	2530.8622584515	4527.2017364317	4507.8554856828	4516.2013353979
2416	2086.7813239027	2531.2082575822	4527.3170826811	4507.7379203565	4516.2795461479
2417	2086.9858134538	2531.3994019046	4527.4318078043	4507.6077412267	4516.3568288783
2418	2087.1917916456	2531.4431755428	4527.5457898681	4507.4711524217	4516.4331795520
2419	2087.3992293756	2531.3470626208	4527.6589069395	4507.3343580697	4516.5085941319
2420	2087.6080975413	2531.1185472627	4527.7710370855	4507.2025517677	4516.5830685808
2421	2087.8183670401	2530.7651135927	4527.8820583731	4507.0768849879	4516.6565988615
2422	2088.0300087695	2530.2942457348	4527.9918488691	4506.9574986711	4516.7291809369
2423	2088.2429936271	2529.7134278131	4528.1002866406	4506.8445337580	4516.8008107698
2424	2088.4572925103	2529.0301439517	4528.2072497544	4506.7381311895	4516.8714843230
2425	2088.6728763167	2528.2518782747	4528.3126162776	4506.6384319065	4516.9411975594
2426	2088.8897159436	2527.3861149061	4528.4162642770	4506.5455768497	4517.0099464418
2427	2089.1077822886	2526.4403379701	4528.5180718197	4506.4597069601	4517.0777269330
2428	2089.3270462491	2525.4220315907	4528.6179169725	4506.3809631783	4517.1445349960
2429	2089.5474787227	2524.3386798920	4528.7156778024	4506.3094864454	4517.2103665935
2430	2089.7690506069	2523.1977669981	4528.8112760801	4506.2454177020	4517.2752176883
2431	2089.9917327991	2522.0067770331	4528.9048083912	4506.1888978891	4517.3390842434
2432	2090.2154961968	2520.7731941211	4528.9964150249	4506.1400679474	4517.4019622215
2433	2090.4403116976	2519.5045023861	4529.0862362706	4506.0990688179	4517.4638475854
2434	2090.6661501988	2518.2081859522	4529.1744124175	4506.0660414412	4517.5247362981
2435	2090.8929825980	2516.8917289436	4529.2610837550	4506.0411267583	4517.5846243224
2436	2091.1207797927	2515.5626154843	4529.3463905722	4506.0244657100	4517.6435076210
2437	2091.3495126803	2514.2283296984	4529.4304731587	4506.0161992370	4517.7013821569
2438	2091.5791521584	2512.8963557099	4529.5134718035	4506.0164682804	4517.7582438928
2439	2091.8096691244	2511.5741776431	4529.5955267960	4506.0254137807	4517.8140887917
2440	2092.0410344759	2510.2692796218	4529.6767784256	4506.0431766790	4517.8689128162
2441	2092.2732191102	2508.9891457704	4529.7573669814	4506.0698979161	4517.9227119294
2442	2092.5061939250	2507.7412602127	4529.8374327529	4506.1057184327	4517.9754820940
2443	2092.7399298176	2506.5331070730	4529.9171160292	4506.1507791696	4518.0272192729
2444	2092.9743976856	2505.3721704752	4529.9965570998	4506.2052210678	4518.0779194288
2445	2093.2095684265	2504.2659345435	4530.0758962538	4506.2691850681	4518.1275785247
2446	2093.4454129377	2503.2218834020	4530.1552737806	4506.3428121113	4518.1761925233
2447	2093.6819021168	2502.2475011747	4530.2348299695	4506.4262431381	4518.2237573876
2448	2093.9190068612	2501.3502719858	4530.3147051097	4506.5196190895	4518.2702690803
2449	2094.1566980684	2500.5376799593	4530.3950394906	4506.6230809063	4518.3157235643
2450	2094.3949466359	2499.8154928117	4530.4759734015	4506.7367695293	4518.3601168024
2451	2094.6337234612	2499.1826126292	4530.5576471316	4506.8608258994	4518.4034447575
2452	2094.8729994417	2498.6362250905	4530.6402009702	4506.9953909573	4518.4457033924
2453	2095.1127454751	2498.1735158740	4530.7237752067	4507.1406056439	4518.4868886699
2454	2095.3529324586	2497.7916706585	4530.8085101303	4507.2966109000	4518.5269965529
2455	2095.5935312900	2497.4878751226	4530.8945460304	4507.4635476665	4518.5660230042
2456	2095.8345128665	2497.2593149448	4530.9820231962	4507.6415568842	4518.6039639866
2457	2096.0758480858	2497.1031758037	4531.0710819170	4507.8307794939	4518.6408154631
2458	2096.3175078452	2497.0166433781	4531.1618624821	4508.0313564365	4518.6765733963
2459	2096.5594630424	2496.9969033464	4531.2545051808	4508.2434286527	4518.7112337493
2460	2096.8016845747	2497.0411413873	4531.3491503024	4508.4671370835	4518.7447924847
2461	2097.0441433397	2497.1465431793	4531.4459381362	4508.7026226696	4518.7772455654
2462	2097.2868102348	2497.3102944012	4531.5450089715	4508.9500263519	4518.8085889544
2463	2097.5296561576	2497.5295807315	4531.6465030976	4509.2094890712	4518.8388186143
2464	2097.7726520055	2497.8015878488	4531.7505608038	4509.4811517683	4518.8679305081
2465	2098.0157686761	2498.1235014317	4531.8573223794	4509.7651553841	4518.8959205986
2466	2098.2589770667	2498.4925071588	4531.9669281136	4510.0616408594	4518.9227848487
2467	2098.5022480749	2498.9057907088	4532.0795182958	4510.3702905251	4518.9485199502
2468	2098.7455525983	2499.3605377602	4532.1952332152	4510.6889522722	4518.9731255117
2469	2098.9888615341	2499.8539339917	4532.3142131612	4511.0150153818	4518.9966018709
2470	2099.2321457801	2500.3831650818	4532.4365984230	4511.3458691351	4519.0189493653
2471	2099.4753762335	2500.9454167092	4532.5625292900	4511.6789028131	4519.0401683326
2472	2099.7185237920	2501.5378745525	4532.6921460515	4512.0115056970	4519.0602591104
2473	2099.9615593531	2502.1577242902	4532.8255889966	4512.3410670678	4519.0792220365
2474	2100.2044538141	2502.8021516011	4532.9629984148	4512.6649762067	4519.0970574482
2475	2100.4471780726	2503.4683421636	4533.1045145953	4512.9806223947	4519.1137656835
2476	2100.6897030261	2504.1534816565	4533.2502778274	4513.2853949130	4519.1293470797
2477	2100.9319995721	2504.8547557583	4533.4004284005	4513.5766830427	4519.1438019747
2478	2101.1740386080	2505.5693501476	4533.5551066037	4513.8518760648	4519.1571307060
2479	2101.4157910314	2506.2944505030	4533.7142017814	4514.1083632605	4519.1693336113
2480	2101.6572277397	2507.0272425031	4533.8765994976	4514.3435339109	4519.1804110281
2481	2101.8983196304	2507.7649118266	4534.0409343713	4514.5547772971	4519.1903632942
2482	2102.1390376011	2508.5046441521	4534.2058410215	4514.7394827002	4519.1991907471
2483	2102.3793525491	2509.2436251581	4534.3699540672	4514.8950394012	4519.2068937245
2484	2102.6192353720	2509.9790405233	4534.5319081274	4515.0188366814	4519.2134725640
2485	2102.8586569673	2510.7080759262	4534.6903378211	4515.1082638217	4519.2189276033
2486	2103.0975882324	2511.4279170456	4534.8438777673	4515.1607101034	4519.2232591799
2487	2103.3360000649	2512.1357495599	4534.9911625850	4515.1735648075	4519.2264676316
2488	2103.5738633622	2512.8287591479	4535.1308268932	4515.1442172150	4519.2285532959
2489	2103.8111490219	2513.5041314880	4535.2615053109	4515.0700566072	4519.2295165105
2490	2104.0478279413	2514.1590522590	4535.3818324571	4514.9494435544	4519.2293576130
2491	2104.2838710181	2514.7911292549	4535.4904429509	4514.7846237843	4519.2280769411
2492	2104.5192491496	2515.3996587324	4535.5859714111	4514.5788143137	4519.2256748323
2493	2104.7539332334	2515.9843590634	4535.6670524568	4514.3352321597	4519.2221516244
2494	2104.9878941670	2516.5449486201	4535.7323207071	4514.0570943390	4519.2175076549
2495	2105.2211028478	2517.0811457745	4535.7804107808	4513.7476178687	4519.2117432614
2496	2105.4535301734	2517.5926688987	4535.8099572971	4513.4100197657	4519.2048587817
2497	2105.6851470412	2518.0792363647	4535.8195948748	4513.0475170470	4519.1968545533
2498	2105.9159243487	2518.5405665448	4535.8079581331	4512.6633267293	4519.1877309139
2499	2106.1458329934	2518.9763778108	4535.7736816909	4512.2606658297	4519.1774882011
2500	2106.3748438727	2519.3863885349	4535.7154001672	4511.8427513651	4519.1661267526
2501	2106.6029278843	2519.7703170892	4535.6317481810	4511.4128003525	4519.1536469059
2502	2106.8300559255	2520.1278818458	4535.5213603513	4510.9740298086	4519.1400489987
2503	2107.0561988939	2520.4588011767	4535.3828712971	4510.5296567506	4519.1253333687
2504	2107.2813276869	2520.7627934540	4535.2149156374	4510.0828981953	4519.1095003534
2505	2107.5054132020	2521.0395770497	4535.0167902107	4509.6369711595	4519.0925502905
2506	2107.7284263367	2521.2888703360	4534.7904407334	4509.1950926604	4519.0744835177
2507	2107.9503379886	2521.5103916849	4534.5384751412	4508.7604797147	4519.0553003725
2508	2108.1711190550	2521.7038594685	4534.2635013699	4508.3363493395	4519.0350011927
2509	2108.3907404335	2521.8689920589	4533.9681273554	4507.9259185515	4519.0135863157
2510	2108.6091730216	2522.0055078281	4533.6549610336	4507.5324043679	4518.9910560793
2511	2108.8263877167	2522.1131251483	4533.3266103402	4507.1590238054	4518.9674108212
2512	2109.0423554164	2522.1915623914	4532.9856832110	4506.8089938811	4518.9426508788
2513	2109.2570470181	2522.2405379296	4532.6347875818	4506.4855316118	4518.9167765899
2514	2109.4704334193	2522.2597701350	4532.2765313886	4506.1912116871	4518.8897882921
2515	2109.6824855175	2522.2489773796	4531.9135225670	4505.9260394872	4518.8616863231
2516	2109.8931742102	2522.2078780355	4531.5483690530	4505.6893780648	4518.8324710204
2517	2110.1024703949	2522.1361904747	4531.1836787823	4505.4805904727	4518.8021427216
2518	2110.3103449691	2522.0336330694	4530.8220596907	4505.2990397637	4518.7707017646
2519	2110.5167688302	2521.8999241916	4530.4661197142	4505.1440889906	4518.7381484867
2520	2110.7217128757	2521.7347822134	4530.1184667884	4505.0151012061	4518.7044832258
2521	2110.9251480032	2521.5379255069	4529.7817088492	4504.9114394631	4518.6697063194
2522	2111.1270451101	2521.3090724442	4529.4584538324	4504.8324668142	4518.6338181051
2523	2111.3273750939	2521.0479413972	4529.1513096739	4504.7775463123	4518.5968189206
2524	2111.5261088521	2520.7542507382	4528.8628843095	4504.7460410102	4518.5587091036
2525	2111.7232172822	2520.4277188391	4528.5957856750	4504.7373139605	4518.5194889916
2526	2111.9186712816	2520.0680640720	4528.3526217061	4504.7507282162	4518.4791589222
2527	2112.1124417479	2519.6750048091	4528.1360003388	4504.7856468300	4518.4377192332
2528	2112.3044995785	2519.2482594224	4527.9485295088	4504.8414328546	4518.3951702622
2529	2112.4948156710	2518.7875462839	4527.7928171520	4504.9174493429	4518.3515123467
2530	2112.6833609228	2518.2925837658	4527.6714712041	4505.0130593476	4518.3067458245
2531	2112.8701062314	2517.7630902401	4527.5863917897	4505.1276259215	4518.2608710331
2532	2113.0550224943	2517.1987840789	4527.5366477877	4505.2605121174	4518.2138883101
2533	2113.2380806090	2516.5993836543	4527.5206002659	4505.4110809880	4518.1657979933
2534	2113.4192514729	2515.9646073383	4527.5366102917	4505.5786955861	4518.1166004202
2535	2113.5985059836	2515.2941735031	4527.5830389329	4505.7627189645	4518.0662959286
2536	2113.7758150386	2514.5878005206	4527.6582472571	4505.9625141761	4518.0148848559
2537	2113.9511495352	2513.8456182554	4527.7605963319	4506.1774442734	4517.9623675398
2538	2114.1244803711	2513.0694025417	4527.8884472250	4506.4068723095	4517.9087443181
2539	2114.2957784438	2512.2613407059	4528.0401610041	4506.6499515373	4517.8540155282
2540	2114.4650146506	2511.4236200746	4528.2140987367	4506.9049960120	4517.7981815079
2541	2114.6321598891	2510.5584279744	4528.4086214905	4507.1701099888	4517.7412425948
2542	2114.7971850567	2509.6679517318	4528.6220903332	4507.4433977231	4517.6831991264
2543	2114.9600610510	2508.7543786733	4528.8528663324	4507.7229634704	4517.6240514405
2544	2115.1207587695	2507.8198961256	4529.0993105557	4508.0069114859	4517.5637998747
2545	2115.2792491096	2506.8666914151	4529.3597840708	4508.2933460251	4517.5024447666
2546	2115.4355029689	2505.8969518684	4529.6326479453	4508.5803713433	4517.4399864538
2547	2115.5894912447	2504.9128648120	4529.9162632469	4508.8660916959	4517.3764252740
2548	2115.7411848346	2503.9166175726	4530.2089910431	4509.1486113382	4517.3117615648
2549	2115.8905546362	2502.9103974766	4530.5091924018	4509.4260345257	4517.2459956638
2550	2116.0375715468	2501.8963918506	4530.8152283904	4509.6964655137	4517.1791279086
2551	2116.1822064639	2500.8767880212	4531.1255599498	4509.9580085576	4517.1111586370
2552	2116.3244302852	2499.8537733148	4531.4390475138	4510.2087679128	4517.0420881865
2553	2116.4642139079	2498.8295350581	4531.7546513893	4510.4468478346	4516.9719168948
2554	2116.6015282297	2497.8062605776	4532.0713318832	4510.6703525784	4516.9006450995
2555	2116.7363441480	2496.7861371998	4532.3880493025	4510.8773863995	4516.8282731382
2556	2116.8686325603	2495.7713522513	4532.7037639540	4511.0660535535	4516.7548013485
2557	2116.9983643640	2494.7640930586	4533.0174361448	4511.2344582955	4516.6802300682
2558	2117.1255104568	2493.7665469484	4533.3280261818	4511.3807048810	4516.6045596347
2559	2117.2500417360	2492.7809012470	4533.6344943718	4511.5028975654	4516.5277903859
2560	2117.3719290992	2491.8093432811	4533.9358010219	4511.5995923279	4516.4499308865
2561	2117.4911434438	2490.8540603773	4534.2309064390	4511.6711520430	4516.3710226110
2562	2117.6076556673	2489.9172398620	4534.5187709299	4511.7183913091	4516.2911152609
2563	2117.7214366673	2489.0010690619	4534.7983548017	4511.7421247246	4516.2102585379
2564	2117.8324651529	2488.1077353034	4535.0686183612	4511.7431668879	4516.1285021435
2565	2117.9407510804	2487.2394259131	4535.3285219155	4511.7223323973	4516.0458957794
2566	2118.0463122178	2486.3983282176	4535.5770257713	4511.6804358513	4515.9624891472
2567	2118.1491663333	2485.5866295435	4535.8130902358	4511.6182918482	4515.8783319486
2568	2118.2493311947	2484.8065172172	4536.0356756157	4511.5367149865	4515.7934738851
2569	2118.3468245701	2484.0601785653	4536.2437422181	4511.4365198644	4515.7079646584
2570	2118.4416642275	2483.3498009143	4536.4362503498	4511.3185210805	4515.6218539700
2571	2118.5338679349	2482.6775715909	4536.6121603179	4511.1835332330	4515.5351915217
2572	2118.6234534604	2482.0456779215	4536.7706734292	4511.0323709204	4515.4480270150
2573	2118.7104385720	2481.4563072328	4536.9119549910	4510.8658487410	4515.3604101516
2574	2118.7948410376	2480.9110779743	4537.0364113105	4510.6847812932	4515.2723906330
2575	2118.8766786253	2480.4093330886	4537.1444486948	4510.4899831755	4515.1840181610
2576	2118.9559691032	2479.9498466412	4537.2364734512	4510.2822689862	4515.0953424370
2577	2119.0327302392	2479.5313926976	4537.3128918870	4510.0624533237	4515.0064131628
2578	2119.1069798014	2479.1527453234	4537.3741103093	4509.8313507863	4514.9172800399
2579	2119.1787355578	2478.8126785841	4537.4205350254	4509.5897759725	4514.8279927700
2580	2119.2480152763	2478.5099665454	4537.4525723425	4509.3385434806	4514.7386010547
2581	2119.3148367251	2478.2433832728	4537.4706285677	4509.0784679091	4514.6491545957
2582	2119.3792176721	2478.0117028318	4537.4751100084	4508.8103638562	4514.5597030944
2583	2119.4411758853	2477.8136992881	4537.4664229717	4508.5350459205	4514.4702962526
2584	2119.5007291329	2477.6481467071	4537.4449737648	4508.2533287002	4514.3809837719
2585	2119.5578951827	2477.5138191545	4537.4111686951	4507.9660267939	4514.2918153538
2586	2119.6126918028	2477.4094906957	4537.3654140696	4507.6739547997	4514.2028407001
2587	2119.6651367612	2477.3339353964	4537.3081161956	4507.3779273162	4514.1141095123
2588	2119.7152478260	2599.0507812500	4537.2396813803	4507.0787589418	4514.0256714921
2589	2119.7630427652	2593.1328125000	4537.1605159310	4506.7772642747	4513.9375763410
2590	2119.8085393467	2607.4492187500	4537.0710261548	4506.4742579134	4513.8498737608
2591	2119.8517553387	2620.9648437500	4536.9716183590	4506.1705544564	4513.7626134529
2592	2119.8927085090	2623.6171875000	4536.8626988508	4505.8669685018	4513.6758451191
2593	2119.9314166258	2616.2851562500	4536.7446739374	4505.5643146483	4513.5896184610
2594	2119.9678974571	2610.8085937500	4536.6179499260	4505.2634074940	4513.5039831801
2595	2120.0021687708	2629.9453125000	4536.4829331239	4504.9650616375	4513.4189889781
2596	2120.0342483350	2477.7464506964	4536.3400298382	4504.6700916771	4513.3346855566
2597	2120.0641539177	2477.8912005977	4536.1896463762	4504.3793122112	4513.2511226173
2598	2120.0919032870	2478.0512383796	4536.0321890451	4504.0935378381	4513.1683498617
2599	2120.1175142108	2478.2253381077	4535.8680641522	4503.8135831563	4513.0864169915
2600	2120.1410044572	2478.4122738476	4535.6976780045	4503.5402627642	4513.0053737082
2601	2120.1623917941	2478.6108196648	4535.5214369094	4503.2743912600	4512.9252697136
2602	2120.1816939897	2478.8197496249	4535.3397471741	4503.0167832423	4512.8461547093
2603	2120.1989288119	2479.0378377934	4535.1530151058	4502.7682533094	4512.7680783968
2604	2120.2141140287	2479.2638582360	4534.9616470117	4502.5296160597	4512.6910904777
2605	2120.2272674082	2479.4965850182	4534.7660491990	4502.3016860916	4512.6152406538
2606	2153.6603732854	2479.7347922055	4534.5666279750	4502.0852780034	4512.5405786266
2607	2153.5958161429	2479.9772538635	4534.3637896468	4501.8812063935	4512.4671540977
2608	2153.6188206598	2480.2227440577	4534.1579405217	4501.6902858604	4512.3950167688
2609	2153.7267703861	2480.4700368538	4533.9494869069	4501.5131243640	4512.3242163414
2610	2153.9170646593	2480.7179063173	4533.7388351095	4501.3495033108	4512.2548025172
2611	2154.1871182770	2480.9651265138	4533.5263914370	4501.1989974689	4512.1868249979
2612	2154.5343619660	2481.2104715087	4533.3125621964	4501.0611816062	4512.1203334850
2613	2154.9562418759	2481.4527153678	4533.0977536949	4500.9356304910	4512.0553776801
2614	2155.4502199814	2481.6906321565	4532.8823722398	4500.8219188913	4511.9920072850
2615	2156.0137738138	2481.9229959403	4532.6668241384	4500.7196215751	4511.9302720011
2616	2156.6443966404	2482.1485807850	4532.4515156977	4500.6283133106	4511.8702215301
2617	2157.3395973593	2482.3661607560	4532.2368532251	4500.5475688657	4511.8119055737
2618	2158.0969005674	2482.5745099188	4532.0232430277	4500.4769630087	4511.7553738335
2619	2158.9138464630	2482.7724023391	4531.8110914129	4500.4160705074	4511.7006760110
2620	2159.7879909649	2482.9586120825	4531.6008046877	4500.3644661302	4511.6478618079
2621	0.0000000000	0.0000000000	0.0000000000	0.0000000000	0.0000000000
2622	0.0000000000	0.0000000000	0.0000000000	0.0000000000	0.0000000000
2623	2339.9200000000	2483.4348859061	4530.9851969224	4500.2611294225	4511.5012179312
2624	2163.8082211688	2483.5621055971	4530.7864328282	4500.2424252217	4511.4564352219
2625	2164.9322453886	2483.6715129389	4530.5915651597	4500.2308829851	4511.4137846401
2626	2166.0991325602	2483.7618819971	4530.4010002242	4500.2260774809	4511.3733158874
2627	2167.3065482005	2483.8319868373	4530.2151443290	4500.2275834771	4511.3350786655
2628	2168.5521735251	2483.8806015249	4530.0344037812	4500.2349757419	4511.2991226759
2629	2169.8337054327	2483.9065001257	4529.8591848880	4500.2478290432	4511.2654976203
2630	2171.1488564461	2483.9084567050	4529.6898939567	4500.2657181492	4511.2342532003
2631	2172.4953547865	2483.8852453286	4529.5269372945	4500.2882178280	4511.2054391175
2632	2173.8709442839	2483.8356400619	4529.3706343365	4500.3149028475	4511.1791050735
2633	2175.2733844891	2483.7584149706	4529.2209570294	4500.3453479760	4511.1553007700
2634	2176.7004506215	2483.6523441201	4529.0777904480	4500.3791279813	4511.1340759086
2635	2178.1499335021	2483.5162015761	4528.9410196667	4500.4158176318	4511.1154801909
2636	2179.6196396500	2483.3487614040	4528.8105297603	4500.4549916953	4511.0995633185
2637	2181.1073912978	2483.1492507913	4528.6862058034	4500.4962249400	4511.0863749930
2638	2182.6110262573	2482.9187094121	4528.5679328707	4500.5390921340	4511.0759649161
2639	2184.1283980459	2482.6586300622	4528.4555960367	4500.5831680452	4511.0683827894
2640	2185.6573758870	2482.3705055377	4528.3490803761	4500.6280274419	4511.0636783145
2641	2187.1958445609	2482.0558286344	4528.2482709636	4500.6732450921	4511.0619011930
2642	2188.7417045981	2481.7160921483	4528.1530528738	4500.7183957638	4511.0631011265
2643	2190.2928721979	2481.3527888752	4528.0633111813	4500.7630542251	4511.0673278167
2644	2191.8472791612	2480.9674116111	4527.9789309608	4500.8067952441	4511.0746309652
2645	2193.4028730094	2480.5614531519	4527.8997972868	4500.8491935889	4511.0850602736
2646	2194.9576168731	2480.1364062936	4527.8257952342	4500.8898240276	4511.0986654435
2647	2196.5094896182	2479.6937638320	4527.7568098774	4500.9282613281	4511.1154961765
2648	2198.0564857125	2479.2350185630	4527.6927262911	4500.9640802587	4511.1356021743
2649	2199.5966153219	2598.9900000000	4527.6334295500	4500.9968555873	4511.1590331385
2650	2201.1279042587	2615.8100000000	4527.5788047287	4501.0261620821	4511.1858387707
2651	2202.6483940110	2477.7770938711	4527.5287369019	4501.0515745110	4511.2160687725
2652	2204.1561417431	2477.2688653319	4527.4831111441	4501.0726676423	4511.2497728455
2653	2205.6492202207	2476.7519979649	4527.4418125300	4501.0890162439	4511.2870006914
2654	2207.1257179603	2476.2279845661	4527.4047261343	4501.1001950839	4511.3278020118
2655	2208.5837391093	2475.6983179314	4527.3717370316	4501.1057789305	4511.3722265083
2656	2210.0214034244	2475.1644908566	4527.3427302965	4501.1053425516	4511.4203238825
2657	2211.4368463829	2474.6279961377	4527.3175910037	4501.0984607154	4511.4721438360
2658	2212.8282191753	2474.0903265707	4527.2962042278	4501.0847081899	4511.5277360706
2659	2214.1936885342	2473.5529749514	4527.2784550435	4501.0636597433	4511.5871502876
2660	2215.5314369276	2473.0174340757	4527.2642285253	4501.0350698726	4511.6504145261
2661	2216.8396624997	2472.4851967396	4527.2534097480	4500.9994119914	4511.7174701731
2662	2218.1165790409	2471.9577557390	4527.2458837861	4500.9573392426	4511.7882369532
2663	2219.3604160026	2471.4366038697	4527.2415357144	4500.9095047688	4511.8626345906
2664	2220.5694184601	2470.9232339278	4527.2402506073	4500.8565617126	4511.9405828100
2665	2221.7418472394	2470.4191387092	4527.2419135397	4500.7991632168	4512.0220013355
2666	2222.8759787604	2469.9258110097	4527.2464095861	4500.7379624241	4512.1068098918
2667	2223.9701051563	2469.4447436252	4527.2536238211	4500.6736124772	4512.1949282031
2668	2225.0225341618	2468.9774293517	4527.2634413194	4500.6067665188	4512.2862759939
2669	2226.0315892473	2468.5253609852	4527.2757471557	4500.5380776916	4512.3807729885
2670	2226.9956094921	2468.0900313214	4527.2904264045	4500.4681991382	4512.4783389115
2671	2227.9129496589	2467.6729331564	4527.3073641406	4500.3977840015	4512.5788934872
2672	2228.7819801942	2467.2755592860	4527.3264454385	4500.3274854240	4512.6823564400
2673	2229.6010871679	2466.8994025062	4527.3475553729	4500.2579565486	4512.7886474943
2674	2230.3686723560	2466.5459556128	4527.3705790184	4500.1898505178	4512.8976863746
2675	2231.0831531584	2466.2167114019	4527.3954014497	4500.1238204745	4513.0093928052
2676	2231.7429626808	2465.9131626693	4527.4219077414	4500.0605195612	4513.1236865105
2677	2232.3465496525	2465.6368022109	4527.4499829682	4500.0006009207	4513.2404872151
2678	2232.8923785165	2465.3891228227	4527.4795245626	4499.9447176958	4513.3597146432
2679	2233.3789293244	2465.1716173005	4527.5104793896	4499.8935230290	4513.4812885192
2680	2233.8046978116	2464.9854369153	4527.5428066719	4499.8476700632	4513.6051285677
2681	2234.1681953743	2464.8303668381	4527.5764656323	4499.8078119410	4513.7311545130
2682	2234.4679490998	2464.7058507149	4527.6114154938	4499.7746018050	4513.8592860795
2683	2234.7025017440	2464.6113321917	4527.6476154790	4499.7486927981	4513.9894429916
2684	2234.8704116568	2464.5462549145	4527.6850248108	4499.7307380629	4514.1215449738
2685	2234.9702529088	2464.5100625293	4527.7236027121	4499.7213907422	4514.2555117504
2686	2235.0006152615	2464.5021986821	4527.7633084057	4499.7213039785	4514.3912630459
2687	2234.9601040632	2464.5221070188	4527.8041011144	4499.7311309146	4514.5287185846
2688	2234.8473403528	2464.5692311856	4527.8459400609	4499.7515246933	4514.6677980910
2689	2234.6609609127	2464.6430148284	4527.8887844683	4499.7831384572	4514.8084212894
2690	2234.3996180519	2464.7429015933	4527.9325935591	4499.8266253490	4514.9505079044
2691	2234.0619798675	2464.8683351261	4527.9773265564	4499.8826385114	4515.0939776603
2692	2233.6467300430	2465.0187590729	4528.0229426829	4499.9518310872	4515.2387502814
2693	2233.1525679603	2465.1936170798	4528.0694011614	4500.0348562189	4515.3847454923
2694	2232.5782086328	2465.3923527927	4528.1166612148	4500.1323670494	4515.5318830173
2695	2231.9223828018	2465.6144098577	4528.1646820658	4500.2450167214	4515.6800825809
2696	2231.1838367954	2465.8592319206	4528.2134229374	4500.3734583774	4515.8292639074
2697	2230.3613326699	2466.1262626276	4528.2628430522	4500.5183451603	4515.9793467213
2698	2229.4536480904	2466.4149456247	4528.3129016333	4500.6803302127	4516.1302507469
2699	2228.4595764354	2466.7247245578	4528.3635579033	4500.8600666774	4516.2818957088
2700	2227.3779266924	2467.0550430729	4528.4147710851	4501.0582076970	4516.4342013312
2701	2226.2075236291	2467.4053448161	4528.4665004015	4501.2754064142	4516.5870873386
2702	2224.9472074732	2467.7750734334	4528.5187050754	4501.5123159718	4516.7404734554
2703	2223.5958343521	2468.1636725707	4528.5713443295	4501.7695895124	4516.8942794060
2704	2222.1522758603	2468.5705858740	4528.6243773867	4502.0478801787	4517.0484249149
2705	2220.6154194102	2468.9952569895	4528.6777634699	4502.3478411135	4517.2028297064
2706	2218.9841679335	2469.4371295630	4528.7314618017	4502.6701254595	4517.3574135049
2707	2114.1312977895	2469.8956472405	4528.7854316052	4503.0148546408	4517.5120960349
2708	2114.0303374296	2470.3702536682	4528.8396321030	4503.3800232079	4517.6667970207
2709	2113.9291931062	2470.8603924919	4528.8940225180	4503.7630939926	4517.8214361869
2710	2113.8278825874	2471.3655073577	4528.9485620731	4504.1615298269	4517.9759332577
2711	2113.7264236413	2471.8850419116	4529.0032099910	4504.5727935426	4518.1302079576
2712	2113.6248340358	2472.4184397995	4529.0579254946	4504.9943479717	4518.2841800110
2713	2113.5231315389	2472.9651446676	4529.1126678067	4505.4236559461	4518.4377691424
2714	2113.4213339187	2473.5246001617	4529.1673961501	4505.8581802976	4518.5908950760
2715	2113.3194589432	2474.0962499280	4529.2220697476	4506.2953838582	4518.7434775364
2716	2113.2175243803	2474.6795376123	4529.2766478222	4506.7327294599	4518.8954362479
2717	2113.1155479982	2475.2739068608	4529.3310895965	4507.1676799344	4519.0466909350
2718	2113.0135475649	2475.8788013193	4529.3853542934	4507.5976981136	4519.1971613220
2719	2112.9115408483	2476.4936646340	4529.4394011358	4508.0202468296	4519.3467671335
2720	2112.8095456165	2477.1179404508	4529.4931893465	4508.4327889142	4519.4954280937
2721	2112.7075796375	2477.7510724157	4529.5466781482	4508.8327871993	4519.6430639270
2722	2112.6056606793	2478.3925041747	4529.5998267638	4509.2177045168	4519.7895943580
2723	2112.5038065099	2479.0416793738	4529.6525944162	4509.5850036986	4519.9349391110
2724	2112.4020348974	2479.6980416591	4529.7049403281	4509.9321475766	4520.0790179104
2725	2112.3003636098	2480.3610346765	4529.7568237225	4510.2565989827	4520.2217504807
2726	2112.1988104150	2481.0301020720	4529.8082038220	4510.5558207489	4520.3630565462
2727	2112.0973930812	2481.7046874917	4529.8590398495	4510.8272757070	4520.5028558313
2728	2184.2411823273	2482.3842345815	4529.9092910279	4511.0684266889	4520.6410680605
2729	2194.2172050476	2483.0681626907	4529.9589165800	4511.2767365265	4520.7776129582
2730	2202.2914791107	2483.7557939815	4530.0078757286	4511.4496680518	4520.9124102487
2731	2208.6375427246	2484.4464263195	4530.0561294180	4511.5846840967	4521.0453796565
2732	2213.4226455688	2485.1393575702	4530.1036454791	4511.6792474929	4521.1764409061
2733	2216.8077449799	2485.8338855990	4530.1503934640	4511.7308210726	4521.3055137217
2734	2344.9000000000	2486.5293082715	4530.1963429250	4511.7378530499	4521.4325178278
2735	2219.9904041290	2487.2249234531	4530.2414634144	4511.7027331689	4521.5573729489
2736	2220.0784626007	2487.9200290094	4530.2857244844	4511.6288365559	4521.6799988093
2737	2219.3475093842	2488.6139228059	4530.3290956874	4511.5195383375	4521.8003151335
2738	2217.9270839691	2489.3059027081	4530.3715465755	4511.3782136400	4521.9182416458
2739	2215.9404296875	2489.9952665814	4530.4130467010	4511.2082375898	4522.0336980706
2740	2213.5044898987	2490.6813122914	4530.4535656163	4511.0129853134	4522.1466041325
2741	2210.7299518585	2491.3633377036	4530.4930728735	4510.7958319372	4522.2568795557
2742	2207.7211666107	2492.0406406836	4530.5315380250	4510.5601525875	4522.3644440648
2743	2204.5762500763	2492.7125190967	4530.5689306229	4510.3093223909	4522.4692173840
2744	2201.3869838715	2493.3782708085	4530.6052202196	4510.0467164736	4522.5711192378
2745	2198.2389030457	2494.0371936845	4530.6403763673	4509.7757099623	4522.6700693507
2746	2195.2112350464	2494.6885855902	4530.6743686184	4509.4996779831	4522.7659874470
2747	2192.3769073486	2495.3317443912	4530.7071665249	4509.2219956626	4522.8587932511
2748	2189.8025856018	2495.9659679528	4530.7387396393	4508.9460381272	4522.9484064875
2749	2187.5486335754	2496.5905541407	4530.7690575138	4508.6751805034	4523.0347468806
2750	2185.6691226959	2497.2048008203	4530.7980897006	4508.4127979174	4523.1177341547
2751	2184.2118492126	2497.8080058571	4530.8258057520	4508.1622654958	4523.1972880343
2752	2183.2183208466	2498.3994671167	4530.8521752204	4507.9269583649	4523.2733282438
2753	2182.7237453461	2498.9784824645	4530.8771676578	4507.7102516512	4523.3457745076
2754	2182.7570705414	2499.5443497660	4530.9007526167	4507.5155204810	4523.4145465501
2755	2183.3409118652	2500.0963668868	4530.9228996492	4507.3454230588	4523.4795850031
2756	2184.4916362762	2500.6338316923	4530.9435783076	4507.1997499005	4523.5409141277
2757	2186.2193012238	2501.1560420481	4530.9627581443	4507.0775746000	4523.5985790925
2758	2188.5277004242	2501.6622958196	4530.9804087114	4506.9779707512	4523.6526250661
2759	2191.4143238068	2502.1518908724	4530.9964995612	4506.9000119481	4523.7030972169
2760	2194.8703575134	2502.6241250720	4531.0110002461	4506.8427717845	4523.7500407136
2761	2198.8807334900	2503.0782962838	4531.0238803182	4506.8053238544	4523.7935007246
2762	2203.4240779877	2503.5137023734	4531.0351093298	4506.7867417517	4523.8335224184
2763	2208.4727249146	2503.9296412062	4531.0446568332	4506.7860990702	4523.8701509637
2764	2213.9927291870	2504.3254106479	4531.0524923807	4506.8024694039	4523.9034315290
2765	2219.9438571930	2504.7003085638	4531.0585855244	4506.8349263467	4523.9334092827
2766	2226.2795886993	2505.0538643540	4531.0629058168	4506.8825434925	4523.9601293935
2767	2232.9471282959	2505.3865335565	4531.0654228100	4506.9443944352	4523.9836370298
2768	2239.8873596191	2505.6990032435	4531.0661060563	4507.0195527688	4524.0039773603
2769	2247.0348987579	2505.9919604876	4531.0649251079	4507.1070920870	4524.0211955534
2770	2254.3180866241	2506.2660923613	4531.0618495172	4507.2060859840	4524.0353367777
2771	2261.6589603424	2506.5220859368	4531.0568488365	4507.3156080534	4524.0464462017
2772	2268.9732742310	2506.7606282867	4531.0498926178	4507.4347318893	4524.0545689940
2773	2276.1704883575	2506.9824064834	4531.0409504136	4507.5625310856	4524.0597503230
2774	2283.1537818909	2507.1881075993	4531.0299917762	4507.6980792362	4524.0620353574
2775	2289.8200569153	2507.3784187068	4531.0169862576	4507.8404499350	4524.0614692657
2776	2296.0598945618	2507.5540268784	4531.0019034103	4507.9887167759	4524.0580972164
2777	2301.7576370239	2507.7156191864	4530.9847127865	4508.1419533527	4524.0519643781
2778	2306.7912883759	2507.8638827034	4530.9653839384	4508.2992332595	4524.0431159192
2779	2311.0326042175	2507.9995045017	4530.9438695448	4508.4596300901	4524.0315970083
2780	2314.3470497131	2508.1231716538	4530.9200547901	4508.6222174385	4524.0174528140
2781	2316.5937595367	2508.2355712321	4530.8938079851	4508.7860688985	4524.0007285049
2782	2317.6256275177	2508.3373903090	4530.8649974406	4508.9502580640	4523.9814692493
2783	2389.2100000000	2508.4293159570	4530.8334914676	4509.1138585291	4523.9597202159
2784	2315.4249229431	2508.5120352485	4530.7991583768	4509.2759438874	4523.9355265733
2785	2311.8666667938	2508.5862352558	4530.7618664792	4509.4355877331	4523.9089334898
2786	2306.4422073364	2508.6526030515	4530.7214840856	4509.5918636600	4523.8799861342
2787	2298.9729785919	2508.7118257080	4530.6778795068	4509.7438452620	4523.8487296749
2788	2289.2741489410	2508.7645902976	4530.6309210538	4509.8906061329	4523.8152092805
2789	2277.1545639038	2508.8115838929	4530.5804770372	4510.0312198668	4523.7794701194
2790	2262.4168281555	2508.8534935662	4530.5264157680	4510.1647600576	4523.7415573603
2791	2106.7023389278	2508.8910063899	4530.4686055571	4510.2903002991	4523.7015161717
2792	2106.6478649526	2508.9248094366	4530.4069147153	4510.4069141852	4523.6593917221
2793	2106.5946995274	2508.9555897786	4530.3412115535	4510.5136753099	4523.6152291800
2794	2106.5428604204	2508.9840344884	4530.2713643824	4510.6096572670	4523.5690737141
2795	2106.4923653996	2509.0108306383	4530.1972415130	4510.6939336505	4523.5209704927
2796	2106.4432322330	2509.0366653009	4530.1187112561	4510.7655780544	4523.4709646845
2797	2106.3954786885	2509.0622255484	4530.0356419226	4510.8236640724	4523.4191014581
2798	2106.3491225343	2509.0881984535	4529.9479018233	4510.8672652985	4523.3654259818
2799	2106.3041815383	2509.1152710884	4529.8553592691	4510.8954553266	4523.3099834244
2800	2106.2606734685	2509.1441305257	4529.7578825707	4510.9073077507	4523.2528189542
2801	2106.2186160930	2509.1754638377	4529.6553400392	4510.9018961646	4523.1939777399
2802	2106.1780271799	2509.2099580968	4529.5475999853	4510.8782941622	4523.1335049500
2803	2106.1389244970	2509.2483003756	4529.4345307198	4510.8358664981	4523.0714276997
2804	2106.1013258124	2509.2911777464	4529.3160005537	4510.7751425693	4523.0077008906
2805	2106.0652488942	2509.3392772817	4529.1918777977	4510.6969429332	4522.9422613710
2806	2106.0307115104	2509.3932860538	4529.0620307628	4510.6020881476	4522.8750459893
2807	2105.9977314289	2509.4538911353	4528.9263277598	4510.4913987699	4522.8059915937
2808	2105.9663264179	2509.5217795985	4528.7846370995	4510.3656953577	4522.7350350325
2809	2105.9365142453	2509.5976385158	4528.6368270928	4510.2257984687	4522.6621131541
2810	2105.9083126791	2509.6821549598	4528.4827660506	4510.0725286604	4522.5871628068
2811	2105.8817394873	2509.7760160027	4528.3223222836	4509.9067064904	4522.5101208388
2812	2105.8568124381	2509.8799087171	4528.1553641028	4509.7291525162	4522.4309240984
2813	2105.8335492993	2509.9945201754	4527.9817598190	4509.5406872955	4522.3495094341
2814	2105.8119678391	2510.1205374500	4527.8013777430	4509.3421313859	4522.2658136939
2815	2105.7920858253	2510.2586476133	4527.6140861858	4509.1343053448	4522.1797737264
2816	2105.7739210262	2510.4095377378	4527.4197534581	4508.9180297299	4522.0913263797
2817	2105.7574912096	2510.5738948959	4527.2182478708	4508.6941250988	4522.0004085022
2818	2105.7428141435	2510.7524061599	4527.0094377347	4508.4634120090	4521.9069569422
2819	2105.7299075961	2510.9457586025	4526.7931913608	4508.2267110181	4521.8109085479
2820	2105.7187893353	2511.1546392958	4526.5693770599	4507.9848426837	4521.7122001677
2821	2105.7094771292	2511.3797353125	4526.3378631427	4507.7386275634	4521.6107686500
2822	2105.7019887457	2511.6217337249	4526.0985179203	4507.4888862148	4521.5065508429
2823	2105.6963419529	2511.8813216054	4525.8512097034	4507.2364391954	4521.3994835948
2824	2105.6925545188	2512.1591860266	4525.5958068028	4506.9821070628	4521.2895037540
2825	2105.6906442114	2512.4560140607	4525.3321775295	4506.7267103746	4521.1765481687
2826	2105.6906287987	2512.7724927802	4525.0601901942	4506.4710696884	4521.0605536874
2827	2105.6925260488	2513.1093092576	4524.7797131079	4506.2160055617	4520.9414571583
2828	2105.6963537297	2513.4671505653	4524.4907805538	4505.9623385522	4520.8191954297
2829	2105.7021296093	2513.8467037758	4524.1940907047	4505.7108892174	4520.6937053500
2830	2105.7098714557	2514.2486559613	4523.8905077058	4505.4624781149	4520.5649237673
2831	2105.7195970370	2514.6736941944	4523.5808957023	4505.2179258022	4520.4327875300
2832	2105.7313241212	2515.1225055475	4523.2661188396	4504.9780528370	4520.2972334865
2833	2105.7450574521	2515.5957770931	4522.9470412627	4504.7436797768	4520.1581984850
2834	2105.7607496774	2516.0941959035	4522.6245271170	4504.5156271792	4520.0156193738
2835	2105.7783404209	2516.6184490511	4522.2994405476	4504.2947156018	4519.8694330013
2836	2105.7977693060	2517.1692236085	4521.9726456998	4504.0817656022	4519.7195762157
2837	2105.8189759563	2517.7472066480	4521.6450067188	4503.8775977380	4519.5659858653
2838	2105.8418999955	2518.3530852421	4521.3173877498	4503.6830325666	4519.4085987985
2839	2105.8664810472	2518.9875464631	4520.9906529381	4503.4988906458	4519.2473518635
2840	2105.8926587349	2519.6512773836	4520.6656664288	4503.3259925330	4519.0821819086
2841	2105.9203726823	2520.3449650759	4520.3432923672	4503.1651587859	4518.9130257822
2842	2105.9495625130	2521.0692966125	4520.0243948985	4503.0172099620	4518.7398203326
2843	2304.0980300903	2521.8249590657	4519.7098381680	4502.8829666190	4518.5625024080
2844	2312.0472183228	2522.6126395081	4519.4004863208	4502.7632493143	4518.3810088567
2845	2318.1002044678	2523.4330250121	4519.0972035022	4502.6588786057	4518.1952765272
2846	2322.5500564575	2524.2868026500	4518.8008538574	4502.5706750506	4518.0052422676
2847	2325.6689605713	2525.1746594944	4518.5123015316	4502.4994592066	4517.8108429262
2848	2327.7079696655	2526.0972826175	4518.2324106701	4502.4458742791	4517.6120617442
2849	2328.8972778320	2527.0553590920	4517.9620454180	4502.4098540643	4517.4090675336
2850	2329.4459228516	2528.0495759901	4517.7020699207	4502.3911550065	4517.2020754991
2851	2329.5419387817	2529.0806203843	4517.4533483232	4502.3895335495	4516.9913008456
2852	2329.3525161743	2530.1491793471	4517.2167447710	4502.4047461376	4516.7769587778
2853	2329.0236587524	2531.2559399508	4516.9931234090	4502.4365492147	4516.5592645007
2854	2328.6804733276	2532.3997778353	4516.7833483827	4502.4846992249	4516.3384332188
2855	2328.4269714355	2533.5723229098	4516.5882838372	4502.5489526123	4516.1146801372
2856	2328.3462066650	2534.7633936506	4516.4087939178	4502.6290658210	4515.8882204605
2857	2328.5003204346	2535.9628085344	4516.2457427695	4502.7247952950	4515.6592693935
2858	2328.9302062988	2537.1603860376	4516.0999945378	4502.8358974784	4515.4280421411
2859	2329.6559753418	2538.3459446368	4515.9724133678	4502.9621288153	4515.1947539081
2860	2330.6766281128	2539.5093028084	4515.8638634047	4503.1032457497	4514.9596198992
2861	2331.9701690674	2540.6402790291	4515.7752087938	4503.2590047257	4514.7228553192
2862	2333.4936141968	2541.7286917752	4515.7073136803	4503.4291621874	4514.4846753730
2863	2335.1829452515	2542.7643595234	4515.6610422093	4503.6134745788	4514.2452952653
2864	2336.9531707764	2543.7371007501	4515.6372585262	4503.8116983440	4514.0049302010
2865	2338.6982727051	2544.6367339318	4515.6368267761	4504.0235899271	4513.7637953848
2866	2340.2911758423	2545.4530775451	4515.6606111043	4504.2489057722	4513.5221060216
2867	2341.5838699341	2546.1759500664	4515.7094756560	4504.4874023233	4513.2800773161
2868	2342.4073410034	2546.7951699723	4515.7842845764	4504.7388360244	4513.0379244731
2869	2342.5715103149	2547.3005557394	4515.8859020108	4505.0029633197	4512.7958626974
2870	2341.8653335571	2547.6819258440	4516.0151921043	4505.2795406532	4512.5541071939
2871	2340.0567626953	2547.9290987627	4516.1730190022	4505.5681887663	4512.3128731673
2872	2336.8926467896	2548.0318929721	4516.3598825689	4505.8679855889	4512.0723758225
2873	2332.0989532471	2547.9801269486	4516.5748255460	4506.1778733483	4511.8328303642
2874	2325.3806076050	2662.9200000000	4516.8165263940	4506.4967942719	4511.5944519971
2875	2316.4215393066	2638.4800000000	4517.0836635737	4506.8236905870	4511.3574559263
2876	2304.8845367432	2627.9900000000	4517.3749155456	4507.1575045207	4511.1220573563
2877	2107.4318883986	2546.2027937443	4517.6889607706	4507.4971783005	4510.8884714920
2878	2107.4739993433	2545.3960784693	4518.0244777093	4507.8416541536	4510.6569135383
2879	2107.5153522443	2544.4576030493	4518.3801448223	4508.1898743073	4510.4275986999
2880	2107.5558867254	2543.3939638065	4518.7546405703	4508.5407809889	4510.2007421815
2881	2107.5955424101	2542.2117570632	4519.1466434141	4508.8933164256	4509.9765591881
2882	2107.6342589220	2540.9175791416	4519.5548318142	4509.2464228448	4509.7552649244
2883	2107.6719758848	2539.5180263640	4519.9778842314	4509.5990424738	4509.5370745952
2884	2107.7086329219	2538.0196950527	4520.4144791264	4509.9501175398	4509.3222034054
2885	2107.7441696570	2536.4291815299	4520.8632949598	4510.2985902701	4509.1108665596
2886	2107.7785257138	2534.7530821179	4521.3230101922	4510.6434028920	4508.9032792627
2887	2107.8116407157	2532.9979931390	4521.7923032845	4510.9834976328	4508.6996567195
2888	2107.8434542865	2531.1705109153	4522.2698526972	4511.3178167198	4508.5002141348
2889	2107.8739060497	2529.2772317693	4522.7543368910	4511.6453023803	4508.3051667134
2890	2107.9029356288	2527.3247520230	4523.2444343267	4511.9648968416	4508.1147296601
2891	2107.9304826476	2525.3196679989	4523.7388234648	4512.2755423309	4507.9291181797
2892	2107.9564867296	2523.2685760191	4524.2361827661	4512.5761810755	4507.7485474770
2893	2107.9808874984	2521.1780724059	4524.7351906912	4512.8657553028	4507.5732327567
2894	2108.0036245775	2519.0547534815	4525.2345257009	4513.1432072400	4507.4033892238
2895	2108.0246375907	2516.9052155684	4525.7328662557	4513.4074791144	4507.2392320829
2896	2108.0438661615	2514.7360549886	4526.2288908165	4513.6575131533	4507.0809765389
2897	2108.0612499134	2512.5538680644	4526.7212778438	4513.8922515839	4506.9288377966
2898	2108.0767284702	2510.3652511182	4527.2087057983	4514.1106366337	4506.7830310608
2899	2108.0902414553	2508.1768004722	4527.6898531407	4514.3116105298	4506.6437715362
2900	2108.1017284925	2505.9951124486	4528.1633983317	4514.4941154996	4506.5112744277
2901	2108.1111292052	2503.8267833697	4528.6280198320	4514.6570937702	4506.3857549401
2902	2108.1183832171	2501.6784095578	4529.0823961022	4514.7994875692	4506.2674282781
2903	2108.1234301519	2499.5565873350	4529.5252056031	4514.9202391236	4506.1565096467
2904	2108.1262096330	2497.4679130238	4529.9551267952	4515.0182906608	4506.0532142505
2905	2108.1266612841	2495.4189829463	4530.3708381393	4515.0925844081	4505.9577572943
2906	2108.1247247287	2493.4163934248	4530.7710180961	4515.1420625928	4505.8703539830
2907	2108.1203395906	2491.4667407816	4531.1543451262	4515.1656674422	4505.7912195214
2908	2108.1134454932	2489.5766213389	4531.5194976903	4515.1623411835	4505.7205691142
2909	2108.1039820603	2487.7526314190	4531.8651542491	4515.1310260441	4505.6586179663
2910	2108.0918889153	2486.0013673441	4532.1899932632	4515.0706642511	4505.6055812825
2911	2108.0771056819	2484.3294254366	4532.4926931934	4514.9801980321	4505.5616742675
2912	2108.0595719837	2482.7434020186	4532.7719325003	4514.8585696141	4505.5271121261
2913	2108.0392274442	2481.2498934124	4533.0263896447	4514.7047212245	4505.5021100632
2914	2108.0160116872	2479.8554959403	4533.2547430870	4514.5175950906	4505.4868832836
2915	2107.9898643361	2478.5668059246	4533.4556712882	4514.2961334396	4505.4816469920
2916	2107.9607250146	2477.3877498650	4533.6278527087	4514.0392784990	4505.4866163932
2917	2107.9285333462	2476.3115749712	4533.7699658094	4513.7459724958	4505.5020066921
2918	2107.8932289547	2475.3288586305	4533.8806890509	4513.4151576575	4505.5280330934
2919	2107.8547514635	2474.4301782300	4533.9587008938	4513.0457762114	4505.5649108020
2920	2107.8130404963	2473.6061111569	4534.0026797989	4512.6367703846	4505.6128550225
2921	2107.7680356766	2472.8472347985	4534.0113042268	4512.1870824046	4505.6720809600
2922	2107.7196766281	2472.1441265420	4533.9832526381	4511.6966093817	4505.7427233242
2923	2107.6679029744	2471.4873637746	4533.9172034937	4511.1690679595	4505.8245948456
2924	2107.6126543391	2470.8675238834	4533.8121119300	4510.6091296643	4505.9174277601
2925	2107.5538703457	2470.2751842558	4533.6680397876	4510.0214660229	4506.0209543031
2926	2107.4914906179	2469.7009222789	4533.4853255826	4509.4107485619	4506.1349067103
2927	2107.4254547793	2469.1371348458	4533.2643078315	4508.7816488077	4506.2590172174
2928	2107.3557024534	2468.5834968737	4533.0053250506	4508.1388382870	4506.3930180600
2929	2107.2821732639	2468.0415027853	4532.7087157563	4507.4869885263	4506.5366414739
2930	2107.2048068343	2467.5126470038	4532.3748184648	4506.8307710523	4506.6896196945
2931	2107.1235427883	2466.9984239520	4532.0039716924	4506.1748573915	4506.8516849577
2932	2107.0383207495	2466.5003280529	4531.5965139557	4505.5239190704	4507.0225694990
2933	2106.9490803414	2466.0198537295	4531.1527837708	4504.8826276158	4507.2020055541
2934	2106.8557611877	2465.5584954047	4530.6731196540	4504.2556545541	4507.3897253586
2935	2106.7583029120	2465.1177475014	4530.1578601219	4503.6476714120	4507.5854611482
2936	2106.6566451378	2464.6991044427	4529.6073436906	4503.0633497159	4507.7889451585
2937	2106.5507274887	2464.3040606514	4529.0219088765	4502.5073609926	4507.9999096253
2938	2106.4404895884	2463.9341105506	4528.4018941959	4501.9843767685	4508.2180867840
2939	2106.3258710605	2463.5907485632	4527.7476381652	4501.4990685703	4508.4432088705
2940	2106.2068115285	2463.2754691120	4527.0594793008	4501.0561079246	4508.6750081203
2941	2106.0832506160	2462.9897666202	4526.3377561188	4500.6601663578	4508.9132167691
2942	2105.9551279467	2462.7351355107	4525.5828071358	4500.3159153967	4509.1575670525
2943	2105.8223831442	2462.5130702063	4524.7949708680	4500.0280265677	4509.4077912062
2944	2105.6849558320	2462.3250651301	4523.9745858317	4499.8011713975	4509.6636214659
2945	2105.5427856337	2462.1726147050	4523.1219905433	4499.6400214126	4509.9247900671
2946	2105.3958121730	2462.0572133540	4522.2375235192	4499.5479882709	4510.1910292456
2947	2105.2439750735	2461.9803555000	4521.3215232756	4499.5234441550	4510.4620712370
2948	2105.0872139587	2461.9435355660	4520.3816295644	4499.5635013789	4510.7376482769
2949	2104.9254684522	2461.9491221274	4519.4546870799	4499.6652722565	4511.0174926010
2950	2104.7586781776	2462.0029803692	4518.5848417516	4499.8258691017	4511.3013364450
2951	2104.5867827586	2462.1118496289	4517.8162395095	4500.0424042283	4511.5889120445
2952	2104.4097218188	2462.2824692442	4517.1930262830	4500.3119899505	4511.8799516351
2953	2104.2274349817	2462.5215785524	4516.7593480021	4500.6317385820	4512.1741874525
2954	2104.0398618709	2462.8359168911	4516.5593505963	4500.9987624368	4512.4713517323
2955	2103.8469421100	2463.2322235979	4516.6371799954	4501.4101738287	4512.7711767102
2956	2103.6486153227	2463.7172380101	4517.0369821291	4501.8630850719	4513.0733946219
2957	2103.4448211325	2464.2976994655	4517.8029029271	4502.3546084800	4513.3777377030
2958	2103.2354991631	2464.9803473013	4518.9790883192	4502.8818563671	4513.6839381891
2959	2103.0205890380	2465.7719208553	4520.5910509453	4503.4419410471	4513.9917283160
2960	2102.8000303808	2466.6791594648	4522.5897702865	4504.0319748339	4514.3008403191
2961	2102.5737628151	2467.7088024674	4524.9075925341	4504.6490700415	4514.6110064343
2962	2102.3417259646	2468.8675892006	4527.4768638794	4505.2903389837	4514.9219588971
2963	2102.1038594528	2470.1622590020	4530.2299305137	4505.9528939744	4515.2334299432
2964	2101.8601029033	2471.5995512090	4533.0991386283	4506.6338473277	4515.5451518083
2965	2101.6103959398	2473.1862051591	4536.0168344146	4507.3303113573	4515.8568567280
2966	2101.3546781857	2474.9289601899	4538.9153640639	4508.0393983773	4516.1682769379
2967	2101.0928892648	2476.8345556389	4541.7270737674	4508.7584820682	4516.4791824555
2968	2100.8249688007	2478.9097308435	4544.3843097166	4509.4859815775	4516.7894944255
2969	2100.5508564168	2481.1569896465	4546.8194181027	4510.2205774193	4517.0991717743
2970	2100.2704917369	2483.5618939105	4548.9647451170	4510.9609501078	4517.4081734283
2971	2099.9838143844	2486.1057700035	4550.7675775865	4511.7057801570	4517.7164583141
2972	2099.6907639831	2488.7699442934	4552.2349648804	4512.4537480812	4518.0239853581
2973	2099.3912801566	2491.5357431481	4553.3888970036	4513.2035343944	4518.3307134866
2974	2099.0853025283	2494.3844929354	4554.2513639609	4513.9538196108	4518.6366016263
2975	2098.7727707219	2497.2975200232	4554.8443557572	4514.7032842445	4518.9416087035
2976	2098.4536243611	2500.2561507795	4555.1898623974	4515.4506088096	4519.2456936447
2977	2098.1278030694	2503.2417115721	4555.3098738863	4516.1944738204	4519.5488153763
2978	2097.7952464704	2506.2355287690	4555.2263802288	4516.9335597908	4519.8509328248
2979	2097.4558941876	2509.2189287379	4554.9613714297	4517.6665472351	4520.1520049167
2980	2097.1096858448	2512.1732378469	4554.5368374938	4518.3921166673	4520.4519905784
2981	2096.7565610656	2515.0797824637	4553.9747684262	4519.1071159478	4520.7508487363
2982	2096.3964594734	2517.9198889564	4553.2971542315	4519.8010623212	4521.0485383170
2983	2096.0293206919	2520.6748836927	4552.5259849148	4520.4616403784	4521.3450182469
2984	2095.6550843447	2523.3260930405	4551.6832504807	4521.0765347103	4521.6402474523
2985	2095.2736900555	2525.8548433678	4550.7909409342	4521.6334299077	4521.9341848599
2986	2094.8850774477	2528.2424610425	4549.8710462802	4522.1200105613	4522.2267893960
2987	2094.4891861451	2530.4702724324	4548.9455565235	4522.5239612622	4522.5180199871
2988	2094.0859557711	2532.5196039054	4548.0364616690	4522.8329666010	4522.8078355596
2989	2093.6753723103	2534.3746438842	4547.1657517215	4523.0347111687	4523.0961950400
2990	2093.2576071905	2536.0310290105	4546.3554166859	4523.1202017679	4523.3830573548
2991	2092.8328782003	2537.4872579807	4545.6274465670	4523.0937340485	4523.6683814304
2992	2092.4014031286	2538.7418294912	4545.0038313697	4522.9629258721	4523.9521261932
2993	2091.9633997639	2539.7932422385	4544.5015995396	4522.7353951004	4524.2342505698
2994	2091.5190858950	2540.6399949191	4544.1179332847	4522.4187595952	4524.5147134865
2995	2091.0686793105	2541.2805862294	4543.8450532539	4522.0206372180	4524.7934738699
2996	2090.6123977991	2541.7135148658	4543.6751800961	4521.5486458306	4525.0704906463
2997	2090.1504591496	2541.9372795249	4543.6005344601	4521.0104032946	4525.3457227423
2998	2089.6830811507	2541.9503789029	4543.6133369946	4520.4135274717	4525.6191290843
2999	2089.2104815909	2541.7513116965	4543.7058083486	4519.7656362236	4525.8906685987
3000	2088.7328782590	2541.3385766020	4543.8701691708	4519.0743474120	4526.1603002120
3001	2088.2504889438	2540.7106723158	4544.0986401101	4518.3472788985	4526.4279828507
3002	2087.7635314338	2539.8660975345	4544.3834418152	4517.5920485449	4526.6936754412
3003	2087.2722235178	2538.8033509545	4544.7167949351	4516.8162742127	4526.9573369099
3004	2086.7767829845	2537.5209312722	4545.0909201185	4516.0275737637	4527.2189261833
3005	2086.2774276226	2536.0173371840	4545.4980380143	4515.2335650595	4527.4784021880
3006	2085.7743752207	2534.2910673865	4545.9303692713	4514.4418659619	4527.7357238502
3007	2085.2678435676	2532.3439065695	4546.3801345383	4513.6600943325	4527.9908500965
3008	2084.7580504519	2530.1907833968	4546.8395544641	4512.8958680329	4528.2437398534
3009	2084.2452136623	2527.8499125255	4547.3008496976	4512.1554620755	4528.4943520473
3010	2199.1495456696	2525.3395086130	4547.7562408876	4511.4397800750	4528.7426456046
3011	2197.7361822128	2522.6777863163	4548.1979486829	4510.7483827968	4528.9885794518
3012	2196.7172555923	2519.8829602928	4548.6181937324	4510.0808310062	4529.2321125153
3013	2196.0481920242	2516.9732451996	4549.0091966848	4509.4366854685	4529.4732037217
3014	2195.6862497330	2513.9668556939	4549.3631781890	4508.8155069491	4529.7118119973
3015	2195.5905265808	2510.8820064329	4549.6723588939	4508.2168562133	4529.9478962686
3016	2195.7219495773	2507.7369120739	4549.9289594482	4507.6402940266	4530.1814154621
3017	2196.0432825089	2504.5497872741	4550.1252005007	4507.0853811541	4530.4123285042
3018	2196.5191192627	2608.5700000000	4550.2533027004	4506.5516783614	4530.6405943214
3019	2197.1158885956	2636.0200000000	4550.3074681396	4506.0387464137	4530.8661718402
3020	2197.8018522263	2494.9183768017	4550.2898246852	4505.5461460763	4531.0890199869
3021	2198.5471134186	2491.7452768106	4550.2044816479	4505.0734381147	4531.3090976881
3022	2199.3235931396	2488.6212196647	4550.0555483381	4504.6201832942	4531.5263638701
3023	2200.1050596237	2485.5644200213	4549.8471340663	4504.1859423801	4531.7407774596
3024	2200.8671073914	2482.5930925375	4549.5833481432	4503.7702761378	4531.9522973828
3025	2201.5871620178	2479.7254518705	4549.2682998792	4503.3727453326	4532.1608825663
3026	2202.2444896698	2476.9797126775	4548.9060985849	4502.9929107299	4532.3664919365
3027	2202.8201923370	2474.3740896159	4548.5008535708	4502.6303330950	4532.5690844199
3028	2203.2971916199	2471.9267973427	4548.0566741475	4502.2845731932	4532.7686189429
3029	2203.6602535248	2469.6560505151	4547.5776696255	4501.9551917900	4532.9650544319
3030	2203.8959779739	2467.5800637905	4547.0679493153	4501.6417496506	4533.1583498135
3031	2203.9927911758	2465.7170518260	4546.5316225276	4501.3438075405	4533.3484640141
3032	2203.9409580231	2464.0852292788	4545.9727985727	4501.0609262249	4533.5353559602
3033	2203.7325754166	2462.7028108060	4545.3955867612	4500.7926664692	4533.7189845781
3034	2203.3615732193	2461.5880110651	4544.8040964038	4500.5385890387	4533.8993087944
3035	2202.8237171173	2460.7590447130	4544.2024368109	4500.2982546989	4534.0762875355
3036	2202.1166019440	2460.2280621571	4543.5947172931	4500.0712242150	4534.2498797278
3037	2201.2396602631	2459.9829568043	4542.9850471608	4499.8570583524	4534.4200442979
3038	2200.1941556931	2460.0055578115	4542.3775357247	4499.6553178765	4534.5867401721
3039	2198.9831876755	2460.2776943357	4541.7762922953	4499.4655635525	4534.7499262770
3040	2197.6116828918	2460.7811955339	4541.1854261831	4499.2873561459	4534.9095615389
3041	2196.0864095688	2461.4978905629	4540.6090466987	4499.1202564220	4535.0656048844
3042	2194.4159669876	2590.6600000000	4540.0512631525	4498.9638251461	4535.2180152398
3043	2192.6107826233	2463.4981787416	4539.5154481634	4498.8176230836	4535.3667515317
3044	2190.6831188202	2464.7454302051	4539.0020275831	4498.6812109998	4535.5117726865
3045	2188.6470813751	2466.1331921273	4538.5106905715	4498.5541496602	4535.6530376307
3046	2186.5185956955	2467.6432936652	4538.0411262884	4498.4359998299	4535.7905052906
3047	2184.3154315948	2469.2575639757	4537.5930238939	4498.3263222744	4535.9241345928
3048	2182.0571823120	2470.9578322157	4537.1660725479	4498.2246777591	4536.0538844637
3049	2179.7652778625	2472.7259275423	4536.7599614103	4498.1306270492	4536.1797138298
3050	2177.4629926682	2474.5436791123	4536.3743796409	4498.0437309101	4536.3015816175
3051	2175.1754198074	2476.3929160827	4536.0090163998	4497.9635501073	4536.4194467533
3052	2172.9294958115	2478.2554676106	4535.6635608469	4497.8896454059	4536.5332681637
3053	2170.7539787292	2480.1131628527	4535.3377021421	4497.8215775714	4536.6430047750
3054	2168.6794681549	2481.9478309661	4535.0311294452	4497.7589073691	4536.7486155137
3055	2166.7384033203	2483.7413011077	4534.7435319164	4497.7011955644	4536.8500593063
3056	2164.9650497437	2485.4754024345	4534.4745987153	4497.6480029226	4536.9472950793
3057	2163.3955001831	2487.1353385340	4534.2240190021	4497.5988902090	4537.0402817591
3058	2162.0676937103	2488.7198107157	4533.9914819366	4497.5534181891	4537.1289782722
3059	2161.0213871002	2490.2308947201	4533.7766766788	4497.5111476281	4537.2133435450
3060	2160.2981920242	2491.6706662872	4533.5792923885	4497.4717274885	4537.2933878846
3061	2159.9415330887	2493.0412011573	4533.3990182257	4497.4351595216	4537.3693271208
3062	2159.9966764450	2494.3445750705	4533.2355433504	4497.4015336756	4537.4414284642
3063	2160.5107269287	2495.5828637671	4533.0885569224	4497.3709398988	4537.5099591251
3064	2161.5326147079	2496.7581429874	4532.9577481016	4497.3434681396	4537.5751863141
3065	2163.1131076813	2497.8724884714	4532.8428060481	4497.3192083462	4537.6373772417
3066	2165.3048076630	2498.9279759595	4532.7434199217	4497.2982504670	4537.6967991183
3067	2168.1621408463	2499.9266811918	4532.6592788824	4497.2806844503	4537.7537191543
3068	2171.7413806915	2500.8706799086	4532.5900720900	4497.2666002443	4537.8084045603
3069	2176.1006269455	2501.7620478500	4532.5354887046	4497.2560877974	4537.8611225468
3070	2181.2998113632	2502.6028607563	4532.4952178859	4497.2492370580	4537.9121403241
3071	2187.4007062912	2503.3951943677	4532.4689487941	4497.2461379742	4537.9617251029
3072	2194.4669036865	2504.1411244243	4532.4563705889	4497.2468804945	4538.0101440935
3073	2055.0588280163	2504.8427266665	4532.4571724303	4497.2515545671	4538.0576645064
3074	2054.8153091689	2505.5020768344	4532.4710434782	4497.2602501404	4538.1045535522
3075	2054.5831207013	2506.1212506682	4532.4976728927	4497.2730571626	4538.1510784412
3076	2054.3624804022	2506.7023239081	4532.5367498335	4497.2900655821	4538.1975063840
3077	2054.1536060603	2507.2473722944	4532.5879634606	4497.3113653472	4538.2441045910
3078	2053.9567154642	2507.7584715673	4532.6510029339	4497.3370464061	4538.2911402727
3079	2053.7720264026	2508.2376974669	4532.7255574135	4497.3671987072	4538.3388806396
3080	2053.5997566643	2508.6871257335	4532.8113160591	4497.4019121989	4538.3875929021
3081	2053.4401240380	2509.1088321073	4532.9079680307	4497.4412768294	4538.4375442708
3082	2053.2933463122	2509.5048923284	4533.0152024883	4497.4853825470	4538.4890019560
3083	2053.1596412758	2509.8773821373	4533.1327085917	4497.5343193000	4538.5422331684
3084	2053.0392267174	2510.2283772739	4533.2601755009	4497.5881770368	4538.5975051183
3085	2052.9323204256	2510.5599534786	4533.3972923759	4497.6470457056	4538.6550850162
3086	2052.8391401893	2510.8741864915	4533.5437483765	4497.7110152548	4538.7152400726
3087	2052.7599037970	2511.1731520528	4533.6992326627	4497.7801756327	4538.7782374979
3088	2052.6948290375	2511.4589259029	4533.8634343943	4497.8546167876	4538.8443445028
3089	2052.6441336995	2511.7335837818	4534.0360427314	4497.9344286677	4538.9138282975
3090	2052.6080355716	2511.9992014298	4534.2167468339	4498.0197012215	4538.9869560926
3091	2052.5867524426	2512.2578545872	4534.4052358616	4498.1105243972	4539.0639950986
3092	2052.5805021011	2512.5116189940	4534.6011989745	4498.2069881431	4539.1452125260
3093	2052.5895023359	2512.7625703906	4534.8043253325	4498.3091824076	4539.2308755852
3094	2052.6139709355	2513.0127845171	4535.0143040956	4498.4171971389	4539.3212514866
3095	2052.6541256888	2513.2643371137	4535.2308244237	4498.5311222854	4539.4166074408
3096	2052.7101843844	2513.5193039207	4535.4535754767	4498.6510477953	4539.5172106583
3097	2052.7823648110	2513.7797606783	4535.6822464145	4498.7770636171	4539.6233283494
3098	2052.8708847573	2514.0477831267	4535.9165263971	4498.9092596989	4539.7352277248
3099	2052.9759620119	2514.3254470060	4536.1561045843	4499.0477259891	4539.8531759948
3100	2053.0978143636	2514.6148280566	4536.4006701362	4499.1925524361	4539.9774403700
3101	2053.2366596011	2514.9180020185	4536.6499122126	4499.3438289880	4540.1082880607
3102	2053.3927155131	2515.2370446321	4536.9035199735	4499.5016455933	4540.2459862776
3103	2053.5661998882	2515.5740316376	4537.1611765754	4499.6660922002	4540.3908022310
3104	2053.7573305151	2515.9310387751	4537.4225411622	4499.8372587571	4540.5430031314
3105	2053.9663251825	2516.3101417848	4537.6872668741	4500.0152352123	4540.7028561894
3106	2054.1934016792	2516.7134164070	4537.9550068515	4500.2001115140	4540.8706286153
3107	2054.4386634623	2517.1429383819	4538.2254142349	4500.3919776106	4541.0465876197
3108	2054.7017566627	2517.6007834497	4538.4981421645	4500.5909234504	4541.2310004130
3109	2054.9822130800	2518.0890273506	4538.7728437809	4500.7970389817	4541.4241342057
3110	2055.2795645136	2518.6097458248	4539.0491722243	4501.0104141528	4541.6262562083
3111	2055.5933427629	2519.1650146126	4539.3267806351	4501.2311389121	4541.8376336312
3112	2055.9230796275	2519.7569094541	4539.6053221538	4501.4593032077	4542.0585336850
3113	2056.2683069068	2520.3867016609	4539.8844499206	4501.6949969882	4542.2892235801
3114	2056.6285564002	2521.0524448307	4540.1638170761	4501.9383102016	4542.5299705269
3115	2057.0033599073	2521.7513881322	4540.4430767605	4502.1893327965	4542.7810417360
3116	2057.3922492275	2522.4807807344	4540.7218821143	4502.4481547210	4543.0427044178
3117	2057.7947561602	2523.2378718061	4540.9998862778	4502.7147457932	4543.3150883347
3118	2058.2104125050	2524.0199105164	4541.2767423914	4502.9885953100	4543.5977734562
3119	2058.6387500612	2524.8241460341	4541.5521035956	4503.2690724380	4543.8902023037
3120	2059.0793006284	2525.6478275281	4541.8256230306	4503.5555463437	4544.1918173988
3121	2059.5315960060	2526.4882041673	4542.0969538369	4503.8473861937	4544.5020612629
3122	2059.9951679935	2527.3425251207	4542.3657491548	4504.1439611547	4544.8203764174
3123	2060.4695483903	2528.2080395572	4542.6316621248	4504.4446403932	4545.1462053838
3124	2060.9542689960	2529.0819966455	4542.8943458871	4504.7487930757	4545.4789906834
3125	2061.4488616099	2529.9616455548	4543.1534535823	4505.0557883690	4545.8181748379
3126	2061.9528580315	2530.8442354538	4543.4086383506	4505.3649954395	4546.1632003685
3127	2062.4657900604	2531.7270155116	4543.6595533325	4505.6757834539	4546.5135097968
3128	2062.9871894959	2532.6072348969	4543.9058516683	4505.9875215788	4546.8685456441
3129	2063.5165881376	2533.4821427788	4544.1471864985	4506.2995789807	4547.2277504320
3130	2064.0535177848	2534.3489883260	4544.3832109633	4506.6113248262	4547.5905666819
3131	2064.5975102371	2535.2050207076	4544.6135782033	4506.9221282819	4547.9564369152
3132	2065.1480972939	2536.0474890925	4544.8379413587	4507.2313585145	4548.3248036533
3133	2065.7048107548	2536.8736426495	4545.0559535700	4507.5383846904	4548.6951094178
3134	2066.2671824190	2537.6807305475	4545.2672679774	4507.8425759763	4549.0667967300
3135	2066.8347440862	2538.4660019556	4545.4715377215	4508.1433015388	4549.4393081115
3136	2067.4070275558	2539.2267060425	4545.6684159426	4508.4399305444	4549.8120860835
3137	2067.9835646272	2539.9600919772	4545.8575557811	4508.7318321598	4550.1845731677
3138	0.0000000000	0.0000000000	0.0000000000	0.0000000000	0.0000000000
3139	2069.1475267735	2541.3339060656	4546.2112328717	4509.2989298861	4550.9264447581
3140	2069.7340154472	2541.9688325572	4546.3750764046	4509.5728643302	4551.2947143072
3141	2070.3228849207	2542.5654375721	4546.5297941165	4509.8395480504	4551.6604630542
3142	2070.9136669933	2543.1209702795	4546.6750391476	4510.0983502133	4552.0231335205
3143	2071.5058934645	2543.6326798480	4546.8104646383	4510.3486399854	4552.3821682275
3144	2072.0990961339	2544.0978154468	4546.9357237291	4510.5897865334	4552.7370096968
3145	2072.6928068008	2544.5136262446	4547.0504695604	4510.8211590239	4553.0871004497
3146	2073.2865572648	2544.8773614104	4547.1543552725	4511.0421266233	4553.4318830077
3147	2073.8798793252	2545.1862701131	4547.2470340058	4511.2520584984	4553.7707998922
3148	2074.4723047816	2545.4376015216	4547.3281589006	4511.4503238157	4554.1032936248
3149	2075.0633654334	2545.6286048048	4547.3973830974	4511.6362917418	4554.4288067267
3150	2075.6525930801	2545.7565291316	4547.4543597366	4511.8093314433	4554.7467817195
3151	2076.2395195211	2545.8186236710	4547.4987419585	4511.9688120867	4555.0566611247
3152	2076.8236765560	2545.8121375918	4547.5303933517	4512.1141028387	4555.3578874635
3153	2077.4045959841	2545.7343200630	4547.5500192977	4512.2445728659	4555.6499032577
3154	2077.9818096050	2545.5824202534	4547.5585356263	4512.3595913348	4555.9321510284
3155	2078.5548492181	2545.3550661523	4547.5568581670	4512.4585274119	4556.2040732972
3156	2079.1233014247	2545.0564010297	4547.5459027496	4512.5407502640	4556.4651125856
3157	2079.6869720338	2544.6919469759	4547.5265852039	4512.6056290576	4556.7147114150
3158	2080.2457216561	2544.2672260814	4547.4998213594	4512.6525329593	4556.9523123068
3159	2080.7994109023	2543.7877604365	4547.4665270460	4512.6808311357	4557.1773577825
3160	2081.3479003832	2543.2590721315	4547.4276180932	4512.6898927533	4557.3892903635
3161	2081.8910507096	2542.6866832568	4547.3840103309	4512.6790869787	4557.5875525712
3162	2082.4287224922	2542.0761159027	4547.3366195886	4512.6477829786	4557.7715869272
3163	2082.9607763418	2541.4328921596	4547.2863616961	4512.5956644437	4557.9409609634
3164	2083.4870728692	2540.7625341178	4547.2341524831	4512.5236731619	4558.0957422545
3165	2084.0074726850	2540.0705638677	4547.1809077793	4512.4330654449	4558.2361233856
3166	2084.5218364001	2539.3625034996	4547.1275434144	4512.3250976049	4558.3622969418
3167	2085.0300246253	2538.6438751039	4547.0749752181	4512.2010259538	4558.4744555084
3168	2085.5318979712	2537.9202007710	4547.0241190200	4512.0621068035	4558.5727916705
3169	2086.0273170487	2537.1970025911	4546.9758906499	4511.9095964661	4558.6574980133
3170	2086.5161424684	2536.4798026547	4546.9312059376	4511.7447512534	4558.7287671219
3171	2086.9982348413	2535.7741230521	4546.8909807125	4511.5688274775	4558.7867915816
3172	2087.4734547779	2535.0854858736	4546.8561308046	4511.3830814503	4558.8317639775
3173	2087.9416628892	2534.4194132096	4546.8275720435	4511.1887694837	4558.8638768948
3174	2088.4027197858	2533.7814271505	4546.8062202588	4510.9871478898	4558.8833229187
3175	2088.8564860784	2533.1770497865	4546.7929912803	4510.7794729805	4558.8902946343
3176	2089.3028223780	2532.6118032081	4546.7888009376	4510.5670010678	4558.8849846267
3177	2089.7415892951	2532.0912095055	4546.7945650606	4510.3509884636	4558.8675854813
3178	2090.1726474407	2531.6207907692	4546.8111994788	4510.1326914800	4558.8382897831
3179	2090.5958574253	2531.2060690895	4546.8396200219	4509.9133664287	4558.7972901174
3180	2091.0110798599	2530.8525665568	4546.8807425197	4509.6942696220	4558.7447790692
3181	2091.4181753551	2530.5658052613	4546.9354828019	4509.4766573716	4558.6809492238
3182	2091.8170045217	2530.3513072935	4547.0047566982	4509.2617859896	4558.6059931663
3183	2092.2074279706	2530.2145947437	4547.0894800382	4509.0509117880	4558.5201034820
3184	2092.5893063123	2530.1611897022	4547.1905686516	4508.8452910786	4558.4234727560
3185	2092.9625001577	2530.1966142595	4547.3089383683	4508.6461801735	4558.3162935734
3186	2093.3268701176	2530.3263905057	4547.4455050177	4508.4548353846	4558.1987585194
3187	2093.6822768027	2530.5560405314	4547.6011844298	4508.2725130239	4558.0710601793
3188	2094.0285808238	2530.8910864269	4547.7768924340	4508.1004694034	4557.9333911381
3189	2094.3656427916	2531.3370502824	4547.9735448603	4507.9399608350	4557.7859439811
3190	2094.6933233169	2531.8994541884	4548.1920575381	4507.7922436307	4557.6289112934
3191	2095.0114830104	2532.5838202352	4548.4333462973	4507.6585741025	4557.4624856603
3192	2095.3199824830	2533.3956705131	4548.6983269676	4507.5402085623	4557.2868596668
3193	2095.6186823453	2534.3405271126	4548.9879153786	4507.4384033220	4557.1022258981
3194	2095.9074432081	2535.4239121239	4549.3030273600	4507.3544146938	4556.9087769395
3195	2096.1861256823	2536.6513476374	4549.6445787416	4507.2894989894	4556.7067053761
3196	2096.4545903784	2538.0208593749	4550.0134853530	4507.2449125210	4556.4962037930
3197	2096.7126979074	2539.5004875840	4550.4101317152	4507.2219116003	4556.2774647755
3198	2096.9603088800	2541.0507761438	4550.8327771137	4507.2217525395	4556.0506809087
3199	2097.1972839068	2542.6322689333	4551.2791495253	4507.2456916505	4555.8160447777
3200	2097.4234835988	2544.2055098315	4551.7469769268	4507.2949852452	4555.5737489679
3201	2097.6387685666	2545.7310427176	4552.2339872950	4507.3708896357	4555.3239860643
3202	2097.8429994210	2547.1694114704	4552.7379086068	4507.4746611338	4555.0669486520
3203	2098.0360367727	2548.4811599692	4553.2564688389	4507.6075560516	4554.8028293164
3204	2098.2178115532	2549.6268320930	4553.7873959681	4507.7708307010	4554.5318206425
3205	2098.3885359761	2550.5669717207	4554.3284179713	4507.9657413939	4554.2541152155
3206	2098.5484925756	2551.2621227314	4554.8772628251	4508.1935444424	4553.9699056207
3207	2098.6979638861	2551.6728290043	4555.4316585065	4508.4554961584	4553.6793844431
3208	2098.8372324418	2551.7655119916	4555.9893329921	4508.7528528539	4553.3827442679
3209	2171.9395599365	2551.5301034388	4556.5480142589	4509.0868708408	4553.0801776804
3210	2175.4340438843	2550.9624126646	4557.1054302835	4509.4580784151	4552.7718772657
3211	2177.9710693359	2550.0582489880	4557.6593090429	4509.8640918088	4552.4580356089
3212	2179.6871795654	2548.8134217275	4558.2073785138	4510.3017992377	4552.1388452953
3213	2180.7077026367	2547.2237402021	4558.7473666729	4510.7680889178	4551.8144989100
3214	2181.1465911865	2545.2850137304	4559.2770014972	4511.2598490650	4551.4851890381
3215	2181.1065673828	2542.9930516313	4559.7940109633	4511.7739678954	4551.1511082649
3216	2180.6789779663	2540.3436632235	4560.2961230481	4512.3073336247	4550.8124491756
3217	2179.9439392090	2537.3464620086	4560.7810657284	4512.8568344689	4550.4694043553
3218	2178.9702606201	2534.0662782199	4561.2465669810	4513.4193586440	4550.1221663891
3219	2177.8153610229	2530.5817462732	4561.6903547827	4513.9917943660	4549.7709278623
3220	2176.5254745483	2526.9715005847	4562.1101571102	4514.5710298506	4549.4158813600
3221	2175.1354904175	2523.3141755704	4562.5037019404	4515.1539533139	4549.0572194674
3222	2173.6690139771	2519.6884056461	4562.8687172501	4515.7374529718	4548.6951347697
3223	2172.1383056641	2516.1728252281	4563.2029310160	4516.3184170402	4548.3298198520
3224	2170.5444412231	2512.8460687322	4563.5040712151	4516.8937337351	4547.9614672995
3225	2168.8769989014	2509.7867705746	4563.7704551601	4517.4602912724	4547.5902696975
3226	2167.1144714355	2507.0735651711	4564.0027575092	4518.0149778680	4547.2164196310
3227	2165.2238922119	2504.7850869378	4564.2022422563	4518.5546817379	4546.8401096852
3228	0.0000000000	0.0000000000	0.0000000000	0.0000000000	0.0000000000
3229	2160.8705673218	2501.7968496461	4564.5078149208	4519.5766941641	4546.0808804966
3230	2158.2854995728	2501.2543594196	4564.6164308265	4520.0527791523	4545.6983464240
3231	2155.3278350830	2501.4511340273	4564.6972851066	4520.5014342785	4545.3141228129
3232	2151.9081573486	2502.4326316167	4564.7516417551	4520.9195477587	4544.9284022484
3233	2147.9257507324	2504.1116052602	4564.7807647661	4521.3040078087	4544.5413773157
3234	2143.2686309814	2506.3676317615	4564.7859181338	4521.6517026444	4544.1532406000
3235	2137.8134994507	2509.0802879245	4564.7683658522	4521.9595204819	4543.7641846863
3236	2131.4257812500	2512.1291505531	4564.7293719155	4522.2251636361	4543.3744021600
3237	2123.9595642090	2515.3937964510	4564.6702003176	4522.4495908181	4542.9840856061
3238	2099.6723781616	2518.7538024220	4564.5921150526	4522.6345748381	4542.5934276098
3239	2099.6354983211	2522.0887452699	4564.4963801147	4522.7818885062	4542.2026207564
3240	2099.5974568227	2525.2782017985	4564.3842594980	4522.8933046326	4541.8118576310
3241	2099.5585362006	2528.2233624381	4564.2570171965	4522.9705960274	4541.4213308187
3242	2099.5190189892	2530.9118721250	4564.1159172043	4523.0155355008	4541.0312329047
3243	2099.4791877228	2533.3529894219	4563.9622235155	4523.0298958631	4540.6417564743
3244	2099.4393249356	2535.5559728916	4563.7972001242	4523.0154499242	4540.2530941125
3245	2099.3997131618	2537.5300810967	4563.6221110245	4522.9739704945	4539.8654384046
3246	2099.3606349359	2539.2845726000	4563.4380459539	4522.9072303840	4539.4789819357
3247	2099.3223727919	2540.8287059642	4563.2453976238	4522.8170024029	4539.0939172911
3248	2099.2852092644	2542.1717397522	4563.0443844893	4522.7050593614	4538.7104370558
3249	2099.2494268874	2543.3229325265	4562.8352250051	4522.5731740696	4538.3287338150
3250	2099.2153081953	2544.2915428500	4562.6181376262	4522.4231193377	4537.9490001540
3251	2099.1831357223	2545.0868292853	4562.3933408075	4522.2566679759	4537.5714286578
3252	2099.1531920028	2545.7180503953	4562.1610530039	4522.0755927943	4537.1962119117
3253	2099.1257595710	2546.1944647426	4561.9214926704	4521.8816666030	4536.8235425009
3254	2099.1011209612	2546.5253308900	4561.6748782618	4521.6766622123	4536.4536130104
3255	2099.0795587077	2546.7199074002	4561.4214282330	4521.4623524323	4536.0866160256
3256	2099.0613553447	2546.7874528359	4561.1613610390	4521.2405100732	4535.7227441315
3257	2099.0467934065	2546.7372257600	4560.8948951347	4521.0129079450	4535.3621899134
3258	2099.0361554274	2546.5784847350	4560.6222489750	4520.7813188580	4535.0051459563
3259	2099.0297239418	2546.3204883238	4560.3436410147	4520.5475156224	4534.6518048455
3260	2099.0277814837	2545.9724950891	4560.0592897088	4520.3132710483	4534.3023591662
3261	2099.0306105876	2545.5437635937	4559.7694135123	4520.0800700377	4533.9569647106
3262	2099.0384937877	2545.0435524002	4559.4742308800	4519.8482458602	4533.6156300993
3263	2099.0517136183	2544.4811200713	4559.1739602668	4519.6178438774	4533.2783271601
3264	2099.0705526137	2543.8657251699	4558.8688201276	4519.3889094508	4532.9450277206
3265	2099.0952933081	2543.2066262587	4558.5590289174	4519.1614879418	4532.6157036085
3266	2099.1262182358	2542.5130819004	4558.2448050910	4518.9356247120	4532.2903266516
3267	2099.1636099311	2541.7929470621	4557.9263671035	4518.7113651228	4531.9688686776
3268	2099.2077509283	2541.0484623288	4557.6039334096	4518.4887545358	4531.6513015142
3269	2099.2589237617	2540.2804646896	4557.2777224643	4518.2678383124	4531.3375969890
3270	2099.3174109654	2539.4897911338	4556.9479527225	4518.0486618141	4531.0277269298
3271	2099.3834950739	2538.6772786507	4556.6148426391	4517.8312704025	4530.7216631644
3272	2099.4574586214	2537.8437642296	4556.2786106690	4517.6157094391	4530.4193775203
3273	2099.5395841421	2536.9900848597	4555.9394752672	4517.4020242853	4530.1208418253
3274	2099.6301541704	2536.1170775304	4555.5976548885	4517.1902603026	4529.8260279071
3275	2099.7294512405	2535.2255792307	4555.2533679879	4516.9804628526	4529.5349075935
3276	2099.8377578866	2534.3164269502	4554.9068330202	4516.7726772967	4529.2474527121
3277	2099.9553566432	2533.3904576779	4554.5582684404	4516.5669489964	4528.9636350906
3278	2100.0825300444	2532.4485084031	4554.2078927034	4516.3633233133	4528.6834265568
3279	2100.2195606245	2531.4914161153	4553.8559242640	4516.1618456088	4528.4067989383
3280	2100.3666181550	2530.5200178035	4553.5025815773	4515.9625612444	4528.1337240629
3281	2100.5234213563	2529.5351504570	4553.1480830981	4515.7655155817	4527.8641737583
3282	2100.6895761858	2528.5376510652	4552.7926472814	4515.5707539821	4527.5981198521
3283	2100.8646886010	2527.5283566173	4552.4364925819	4515.3783218072	4527.3355341721
3284	2101.0483645596	2526.5081041026	4552.0798374547	4515.1882644183	4527.0763885460
3285	2101.2402100189	2525.4777305102	4551.7229003547	4515.0006271771	4526.8206548014
3286	2101.4398309366	2524.4380728296	4551.3658997367	4514.8154554451	4526.5683047662
3287	2101.6468332701	2523.3899680499	4551.0090540558	4514.6327945836	4526.3193102680
3288	2101.8608229770	2522.3354283392	4550.6525817667	4514.4526899543	4526.0736431345
3289	2102.0814060147	2521.2811665804	4550.2967013244	4514.2751869186	4525.8312751934
3290	2102.3081883409	2520.2350708351	4549.9416311838	4514.1003308380	4525.5921782725
3291	2102.5407759129	2519.2050291650	4549.5875897998	4513.9281670741	4525.3563241993
3292	2102.7787746884	2518.1989296318	4549.2347956273	4513.7587409882	4525.1236848018
3293	2103.0217906249	2517.2246602971	4548.8834671213	4513.5920979420	4524.8942319074
3294	2103.2694296798	2516.2901092225	4548.5338227367	4513.4282832969	4524.6679373440
3295	2103.5212978108	2515.4031644698	4548.1860809283	4513.2673424144	4524.4447729393
3296	2103.7770009753	2514.5717141006	4547.8404601510	4513.1093206561	4524.2247105210
3297	2104.0361451308	2513.8036461765	4547.4971788599	4512.9542633833	4524.0077219167
3298	2104.2983362348	2513.1068487592	4547.1564261782	4512.8022159577	4523.7937789542
3299	2104.5631802450	2512.4892099103	4546.8182739031	4512.6532237407	4523.5828534612
3300	2104.8302831187	2511.9586176916	4546.4827645001	4512.5073320938	4523.3749172655
3301	2105.0992508135	2511.5229601646	4546.1499404350	4512.3645863785	4523.1699421946
3302	2105.3696892870	2511.1901253911	4545.8198441732	4512.2250319563	4522.9679000763
3303	2105.6412044967	2510.9680014326	4545.4925181804	4512.0887141887	4522.7687627383
3304	2105.9134024000	2510.8644763509	4545.1680049222	4511.9556784372	4522.5725020084
3305	2106.1858889545	2510.8874382075	4544.8463468641	4511.8259700633	4522.3790897142
3306	2106.4582701178	2511.0447750643	4544.5275864718	4511.6996344286	4522.1884976834
3307	2106.7301518472	2511.3443749827	4544.2117662109	4511.5766961947	4522.0006977438
3308	2107.0011401005	2511.7920886502	4543.8989285469	4511.4570972248	4521.8156617231
3309	2107.2708408350	2512.3856172574	4543.5891159455	4511.3407586823	4521.6333614489
3310	2107.5388600083	2513.1206246204	4543.2823708723	4511.2276017306	4521.4537687489
3311	2107.8048035779	2513.9927745555	4542.9787357928	4511.1175475329	4521.2768554510
3312	2108.0682775013	2514.9977308789	4542.6782531727	4511.0105172527	4521.1025933827
3313	2108.3288877361	2516.1311574068	4542.3809654775	4510.9064320534	4520.9309543718
3314	2108.5862402398	2517.3887179556	4542.0869151728	4510.8052130984	4520.7619102460
3315	2108.8399409699	2518.7660763414	4541.7961447243	4510.7067815510	4520.5954328330
3316	2109.0895958838	2520.2588963804	4541.5086965975	4510.6110585746	4520.4314939605
3317	2109.3348109393	2521.8628418889	4541.2246132581	4510.5179653325	4520.2700654563
3318	2109.5751920936	2523.5735766832	4540.9439371716	4510.4274229883	4520.1111191480
3319	2109.8103453045	2525.3867645795	4540.6667108036	4510.3393527051	4519.9546268632
3320	2110.0398765293	2527.2980693940	4540.3929766198	4510.2536756465	4519.8005604299
3321	2110.2633917256	2529.3031549429	4540.1227770856	4510.1703129758	4519.6488916756
3322	2110.4804968510	2531.3976850425	4539.8561546668	4510.0891858563	4519.4995924280
3323	2110.6907978629	2533.5773235090	4539.5931518290	4510.0102154515	4519.3526345149
3324	2110.8939007189	2535.8377341587	4539.3338110376	4509.9333229247	4519.2079897639
3325	2111.0894113765	2538.1745808079	4539.0781747583	4509.8584294394	4519.0656300029
3326	2111.2769357932	2540.5835272726	4538.8262854568	4509.7854561588	4518.9255270594
3327	2111.4560799265	2543.0602373692	4538.5781855986	4509.7143242463	4518.7876527612
3328	2111.6264497340	2545.6003749140	4538.3339176492	4509.6449548654	4518.6519789359
3329	2111.7876511731	2548.1996037231	4538.0935240744	4509.5772691795	4518.5184774114
3330	2111.9392902015	2550.8535876128	4537.8570473397	4509.5111883518	4518.3871200153
3331	2112.0809727765	2553.5579903993	4537.6245299106	4509.4466335458	4518.2578785753
3332	2112.2123048558	2556.3084758988	4537.3960142529	4509.3835259248	4518.1307249192
3333	2112.3328923968	2559.0968496645	4537.1715428320	4509.3217866523	4518.0056308745
3334	2112.4423413571	2561.8994841961	4536.9511581137	4509.2613368916	4517.8825682691
3335	2112.5402576942	2564.6888937303	4536.7349025634	4509.2020978060	4517.7615089307
3336	2112.6262473655	2567.4375925039	4536.5228186468	4509.1439905591	4517.6424246869
3337	2112.6999163287	2570.1180947536	4536.3149488295	4509.0869363140	4517.5252873654
3338	2112.7608705413	2572.7029147159	4536.1113355770	4509.0308562343	4517.4100687941
3339	2112.8087159607	2575.1645666277	4535.9120213550	4508.9756714833	4517.2967408004
3340	2112.8430585445	2577.4755647255	4535.7170486291	4508.9213032243	4517.1852752123
3341	2112.8635042502	2579.6084232460	4535.5264598649	4508.8676726208	4517.0756438574
3342	2112.8696590354	2581.5356564260	4535.3402975279	4508.8147008362	4516.9678185633
3343	2112.8611288575	2583.2297785022	4535.1586040838	4508.7623090337	4516.8617711578
3344	2112.8375196740	2584.6633037111	4534.9814219981	4508.7104183768	4516.7574734687
3345	2112.7984374425	2585.8087462895	4534.8087937365	4508.6589500289	4516.6548973235
3346	2112.7434881206	2586.6386204741	4534.6407617646	4508.6078251533	4516.5540145501
3347	2112.6722776657	2587.1254405015	4534.4773685479	4508.5569649135	4516.4547969761
3348	2112.5844120353	2587.2417206084	4534.3186565520	4508.5062904727	4516.3572164293
3349	2112.4794971869	2586.9599750316	4534.1646682426	4508.4557229944	4516.2612447373
3350	2112.3571390782	2586.2527180076	4534.0154460852	4508.4051836420	4516.1668537278
3351	2112.2169436665	2585.0924637732	4533.8710325455	4508.3545935788	4516.0740152286
3352	2112.0585169095	2583.4517265651	4533.7314700890	4508.3038739682	4515.9827010673
3353	2111.8814647646	2581.3317888216	4533.5968011813	4508.2529459736	4515.8928830718
3354	2111.6853931894	2578.8490057882	4533.4670682881	4508.2017307583	4515.8045330696
3355	2111.4699081414	2576.1485009118	4533.3423138749	4508.1501494858	4515.7176228884
3356	2111.2346155781	2573.3753976396	4533.2225804073	4508.0981628896	4515.6321238781
3357	2110.9791214570	2570.6748194186	4533.1079103509	4508.0458899837	4515.5480054761
3358	2110.7030317356	2568.1918896959	4532.9983461713	4507.9934893524	4515.4652366421
3359	2110.4059523715	2566.0717319186	4532.8939303342	4507.9411195799	4515.3837863356
3360	2110.0874893222	2564.4594695337	4532.7947053051	4507.8889392504	4515.3036235163
3361	2109.7472485451	2563.5002259883	4532.7007135496	4507.8371069481	4515.2247171437
3362	2109.3848359979	2563.2931095132	4532.6119975332	4507.7857812574	4515.1470361775
3363	2108.9998576381	2563.7531674735	4532.5285997217	4507.7351207624	4515.0705495771
3364	2108.5919194231	2564.7494320181	4532.4505625806	4507.6852840473	4514.9952263022
3365	2108.1606273104	2566.1509352958	4532.3779285755	4507.6364296964	4514.9210353124
3366	2107.7055872577	2567.8267094556	4532.3107401720	4507.5887162939	4514.8479455673
3367	2107.2264052224	2569.6457866462	4532.2490398357	4507.5423024240	4514.7759260264
3368	2106.7226871620	2571.4771990166	4532.1928700321	4507.4973466709	4514.7049456494
3369	2106.1940390341	2573.1899787155	4532.1422732270	4507.4540076190	4514.6349733957
3370	2105.6400667962	2574.6531578919	4532.0972918858	4507.4124438524	4514.5659782251
3371	2105.0603764057	2575.7357686946	4532.0579684742	4507.3728139553	4514.4979290971
3372	2104.4545738203	2576.3068432725	4532.0243454578	4507.3352765119	4514.4307949713
3373	2103.8222649974	2576.2354137743	4531.9964653022	4507.2999901066	4514.3645448073
3374	2103.1630558946	2575.3905123491	4531.9743704729	4507.2671133235	4514.2991475646
3375	2102.4765524693	2573.6842753139	4531.9581034356	4507.2368047468	4514.2345722029
3376	2101.7623606792	2571.2012556598	4531.9477066559	4507.2092229608	4514.1707876817
3377	2101.0200864817	2568.0691105460	4531.9432225993	4507.1845265497	4514.1077629607
3378	2100.2493358342	2564.4154971319	4531.9446937315	4507.1628740978	4514.0454669993
3379	2099.4497146945	2560.3680725767	4531.9521625180	4507.1444241892	4513.9838687573
3380	2098.6210526587	2556.0544940398	4531.9656714245	4507.1293354082	4513.9229371941
3381	2097.7640738781	2551.6024186805	4531.9852629166	4507.1177663390	4513.8626412695
3382	2096.8797261428	2547.1395036580	4532.0109794598	4507.1098755659	4513.8029499429
3383	2095.9689572429	2542.7934061318	4532.0428635197	4507.1058216730	4513.7438321739
3384	2095.0327149684	2538.6917832610	4532.0809575620	4507.1057632447	4513.6852569222
3385	2094.0719471093	2534.9622922050	4532.1253040523	4507.1098588650	4513.6271931473
3386	2093.0876014558	2531.7325901231	4532.1759454560	4507.1182671184	4513.5696098088
3387	2092.0806257979	2529.1303341747	4532.2329242389	4507.1311465889	4513.5124758663
3388	2091.0519679256	2527.2831815189	4532.2962828665	4507.1486558608	4513.4557602794
3389	2090.0025756291	2526.3187893152	4532.3660638045	4507.1709535184	4513.3994320077
3390	2088.9333966983	2526.3648147228	4532.4423095184	4507.1981981458	4513.3434600108
3391	2087.8453789234	2527.5489149011	4532.5250624738	4507.2305483274	4513.2878132482
3392	2086.7394700944	2529.9987470093	4532.6143651363	4507.2681626472	4513.2324606795
3393	2085.6166180013	2533.8419682068	4532.7102599715	4507.3111996896	4513.1773712644
3394	2084.4777704342	2539.1155070098	4532.8127894451	4507.3598180388	4513.1225139623
3395	2083.3238751832	2545.4933773621	4532.9219446702	4507.4141762790	4513.0678577330
3396	2082.1558800384	2552.5588645648	4533.0375113506	4507.4744329945	4513.0133715360
3397	2080.9747327897	2559.8952539187	4533.1592238376	4507.5407467694	4512.9590243308
3398	2079.7813812273	2567.0858307245	4533.2868164827	4507.6132761880	4512.9047850771
3399	2078.5767731412	2573.7138802832	4533.4200236372	4507.6921798345	4512.8506227345
3400	2077.3618563215	2579.3626878957	4533.5585796525	4507.7776162932	4512.7965062624
3401	2076.1375785582	2583.6155388627	4533.7022188800	4507.8695720497	4512.7424046207
3402	2074.9048876414	2586.0557184852	4533.8506756710	4507.9673451952	4512.6882867687
3403	2073.6647313611	2586.2665120640	4534.0036843769	4508.0700617224	4512.6341216661
3404	2072.4180575075	2583.9779322545	4534.1609793492	4508.1768476241	4512.5798782725
3405	2071.1658138706	2579.5069011295	4534.3222949391	4508.2868288930	4512.5255255475
3406	2069.9089482404	2573.3170681165	4534.4873654981	4508.3991315216	4512.4710324507
3407	2068.6484084069	2565.8720826429	4534.6559253775	4508.5128815027	4512.4163679416
3408	2067.3851421604	2557.6355941361	4534.8277089287	4508.6272048290	4512.3615009798
3409	2066.1200972907	2549.0712520236	4535.0024505031	4508.7412274931	4512.3064005249
3410	2064.8542215881	2540.6427057327	4535.1798844520	4508.8540754878	4512.2510355366
3411	2063.5884628424	2532.8136046909	4535.3597451269	4508.9648748057	4512.1953749744
3412	2062.3237688439	2526.0475983255	4535.5417668791	4509.0727514395	4512.1393877978
3413	2061.0610873825	2520.7208430588	4535.7256840601	4509.1768313819	4512.0830429666
3414	2059.8013662483	2516.8595232924	4535.9112310210	4509.2762406256	4512.0263094402
3415	2058.5455532314	2514.4023304225	4536.0981421134	4509.3701051633	4511.9691561782
3416	2057.2945961218	2513.2879558456	4536.2861516887	4509.4575509876	4511.9115521403
3417	2056.0494427097	2513.4550909580	4536.4749940981	4509.5377040912	4511.8534662860
3418	2054.8110407850	2514.8424271561	4536.6644036931	4509.6096904669	4511.7948675749
3419	2053.5803381378	2517.3886558363	4536.8541148251	4509.6726361073	4511.7357249666
3420	2052.3582825581	2521.0324683948	4537.0438618454	4509.7256670050	4511.6760074207
3421	2051.1458218361	2525.7125562281	4537.2333791054	4509.7679091529	4511.6156838968
3422	2049.9439037618	2531.3676107326	4537.4224009565	4509.7984885435	4511.5547233544
3423	2048.7534761253	2537.9363233045	4537.6106617500	4509.8165311696	4511.4930947532
3424	2047.5754867166	2545.3573853403	4537.7978958374	4509.8211630238	4511.4307670527
3425	2046.4108833257	2553.5694882362	4537.9838375700	4509.8115100988	4511.3677092126
3426	2045.2606550314	2562.5113233888	4538.1682212992	4509.7866983873	4511.3038901923
3427	2044.1259560668	2572.1215821943	4538.3507813763	4509.7458538820	4511.2392789516
3428	2043.0079819536	2581.8273551273	4538.5312521528	4509.6881025756	4511.1738444499
3429	2041.9079282136	2589.0093289752	4538.7093679800	4509.6125704607	4511.1075556469
3430	2040.8269903686	2590.5365896037	4538.8848632093	4509.5183835301	4511.0403815022
3431	2039.7663639403	2583.2782228782	4539.0574721921	4509.4046677764	4510.9722909753
3432	2038.7272444504	2564.1033146645	4539.2269292797	4509.2705491923	4510.9032530258
3433	2037.7108274207	2532.5578948203	4539.3929688236	4509.1151537705	4510.8332366134
3434	2036.7183083730	2498.8957691717	4539.5553251750	4508.9376075037	4510.7622106976
3435	2035.7508828291	2476.0476875371	4539.7137326854	4508.7370363845	4510.6901442380
3436	2034.8097463106	2476.9443997346	4539.8679257062	4508.5125664058	4510.6170061942
3437	2033.8960943393	2508.5289085946	4540.0176385888	4508.2633235600	4510.5427655257
3438	2033.0111224370	2553.7932289949	4540.1626056844	4507.9884338400	4510.4673911922
3439	2032.1560261254	2589.7416288255	4540.3025613445	4507.6870232384	4510.3908521532
3440	2031.3320009264	2597.7398594295	4540.4372399205	4507.3582177478	4510.3131173684
3441	2030.5402423615	2578.0194159285	4540.5663757637	4507.0011433611	4510.2341557973
3442	2029.7819459527	2540.8525167564	4540.6897032256	4506.6149260708	4510.1539363996
3443	2029.0583072216	2497.9311903121	4540.8069566574	4506.1986918697	4510.0724281347
3444	2028.3705216900	2460.9474649945	4540.9178704106	4505.7515667504	4509.9895999623
3445	2027.7197848797	2438.9792580485	4541.0221637478	4505.2726767056	4509.9054208419
3446	2027.1072923123	2430.6480421048	4541.1194955763	4504.7611477280	4509.8198597333
3447	2026.5342395098	2431.9611786403	4541.2095097148	4504.2161058103	4509.7328855958
3448	2026.0018219937	2438.9260291319	4541.2918499819	4503.6366769452	4509.6444673892
3449	2025.5112352860	2447.5499550564	4541.3661601963	4503.0289098112	4509.5545964651
3450	2025.0636749082	2454.5420172467	4541.4320841765	4502.4265438305	4509.4633537429
3451	2024.6603363823	2459.4180739593	4541.4892657412	4501.8702411110	4509.3708425343
3452	2024.3024152298	2462.3956828066	4541.5373487090	4501.4006637607	4509.2771661509
3453	2023.9911069727	2463.6924014010	4541.5759768985	4501.0584738876	4509.1824279043
3454	2023.7276071326	2463.5257873550	4541.6047941283	4500.8843335997	4509.0867311060
3455	2023.5131112313	2462.1133982808	4541.6234442171	4500.9189050050	4508.9901790676
3456	2023.3488147905	2459.6727917910	4541.6315709835	4501.2028502115	4508.8928751008
3457	2023.2359133320	2456.4215254980	4541.6288182461	4501.7768313271	4508.7949225170
3458	2023.1756023776	2452.5771570141	4541.6148298235	4502.6815104598	4508.6964246279
3459	2023.1690774490	2448.3572439519	4541.5892495343	4503.9350742058	4508.5974847451
3460	2023.2175340680	2443.9793439236	4541.5517211973	4505.4658071132	4508.4982061801
3461	2023.3221677563	2439.6610145418	4541.5018886309	4507.1795182184	4508.3986922446
3462	2023.4841740356	2435.6198134187	4541.4393956538	4508.9820165578	4508.2990462500
3463	2023.7047484278	2432.0732981670	4541.3638860847	4510.7791111678	4508.1993715081
3464	2023.9850864545	2429.1961678651	4541.2750037421	4512.4766110847	4508.0997713304
3465	2024.3263836376	2426.9916874566	4541.1723924446	4513.9803253448	4508.0003490284
3466	2024.7298354988	2425.4202633514	4541.0556960110	4515.2159432251	4507.9012079138
3467	2025.1966375598	2424.4423019591	4540.9245582598	4516.1886749641	4507.8024512981
3468	2025.7279853424	2424.0182096896	4540.7786230096	4516.9236110413	4507.7041824929
3469	2026.3250743684	2424.1083929526	4540.6175340791	4517.4458419358	4507.6065048098
3470	2026.9891001594	2424.6732581580	4540.4409352869	4517.7804581268	4507.5095215605
3471	2027.7212582373	2425.6732117155	4540.2484704516	4517.9525500937	4507.4133360564
3472	2028.5227441238	2427.0686600348	4540.0397833918	4517.9872083156	4507.3180516091
3473	2029.3947533407	2428.8200095258	4539.8145179261	4517.9095232719	4507.2237715303
3474	2030.3384814097	2430.8876665983	4539.5723178732	4517.7445854416	4507.1305991315
3475	2031.3551238526	2433.2320376619	4539.3128270517	4517.5174853041	4507.0386377244
3476	2032.4458761910	2435.8135291265	4539.0361653921	4517.2533133387	4506.9479906204
3477	2033.6119339469	2438.5925474019	4538.7443572724	4516.9771600245	4506.8587611312
3478	2034.8544926419	2441.5294988979	4538.4399031825	4516.7141158407	4506.7710525684
3479	2036.1747477978	2444.5847900241	4538.1253036124	4516.4846764249	4506.6849682435
3480	2037.5738949363	2447.7188271905	4537.8030590520	4516.2909580473	4506.6006114682
3481	2039.0504641881	2450.8920168067	4537.4756699912	4516.1304821362	4506.5180855539
3482	2040.5923241191	2454.0647652826	4537.1456369199	4516.0007701199	4506.4374938124
3483	2042.1846779042	2457.1974790279	4536.8154603280	4515.8993434271	4506.3589395551
3484	2043.8127287183	2460.2505644524	4536.4876407055	4515.8237234859	4506.2825260937
3485	2045.4616797363	2463.1844279659	4536.1646785422	4515.7714317249	4506.2083567398
3486	2047.1167341330	2465.9594759782	4535.8490743281	4515.7399895724	4506.1365348049
3487	2048.7630950833	2468.5529653426	4535.5433285531	4515.7269184568	4506.0671636006
3488	2050.3859657621	2471.0095546864	4535.2499417071	4515.7297398065	4506.0003464385
3489	2051.9705493441	2473.3907530808	4534.9714142800	4515.7459750499	4505.9361866303
3490	2053.5020490044	2475.7580695968	4534.7102467618	4515.7731456155	4505.8747874873
3491	2054.9656679177	2478.1730133052	4534.4689396423	4515.8087729316	4505.8162523214
3492	2056.3466092589	2480.6970932771	4534.2499934115	4515.8503784265	4505.7606844440
3493	2057.6300762029	2483.3918185835	4534.0559085593	4515.8954835288	4505.7081871667
3494	2058.8012719245	2486.3186982954	4533.8891855756	4515.9416096668	4505.6588638011
3495	2059.8453995987	2489.5392414837	4533.7523249503	4515.9862782689	4505.6128176588
3496	2060.7476624002	2493.1149572196	4533.6472090978	4516.0270107635	4505.5701520514
3497	2061.4932635040	2497.1073545738	4533.5732481297	4516.0613285790	4505.5309702904
3498	2062.0674060849	2501.5779426175	4533.5292340823	4516.0874445736	4505.4953355230
3499	2062.4552933178	2506.5882304217	4533.5139589916	4516.1063373250	4505.4631502379
3500	2062.6421283775	2512.1997270573	4533.5262148937	4516.1196768407	4505.4342767595
3501	2062.6232447395	2518.4739415952	4533.5647938249	4516.1291331282	4505.4085774120
3502	2062.4344970822	2525.4723831066	4533.6284878213	4516.1363761948	4505.3859145198
3503	2062.1218703843	2533.1916527107	4533.7160889189	4516.1430760482	4505.3661504072
3504	2061.7313496247	2541.3687197200	4533.8263891540	4516.1509026958	4505.3491473985
3505	2061.3089197823	2549.6756454953	4533.9581805626	4516.1615261451	4505.3347678180
3506	2060.9005658360	2557.7844913973	4534.1102551810	4516.1766164035	4505.3228739901
3507	2060.5522727646	2565.3673187868	4534.2814050451	4516.1978434786	4505.3133282389
3508	2060.3100255469	2572.0961890248	4534.4704221912	4516.2268773778	4505.3059928889
3509	2060.2198091620	2577.6431634718	4534.6760986555	4516.2653881087	4505.3007302643
3510	2060.3276085886	2581.6803034888	4534.8972264739	4516.3150456786	4505.2974026895
3511	2060.6794088055	2583.8796704365	4535.1325976828	4516.3775200951	4505.2958724887
3512	2061.3211947918	2583.9975819113	4535.3810043181	4516.4544813657	4505.2960019863
3513	2062.2989515261	2582.1273804522	4535.6412384161	4516.5475994979	4505.2976535066
3514	2063.6586639875	2578.4466648338	4535.9120920128	4516.6585444990	4505.3006893739
3515	2065.4463171548	2573.1330338307	4536.1923571445	4516.7889863767	4505.3049719124
3516	2067.7078960068	2566.3640862174	4536.4808258472	4516.9405951384	4505.3103634466
3517	2070.4893855225	2558.3174207685	4536.7762901571	4517.1150407916	4505.3167263007
3518	2073.8367706806	2549.1706362587	4537.0775421103	4517.3132824650	4505.3239227989
3519	2077.7960364601	2539.1013314625	4537.3833737430	4517.5334357726	4505.3318152658
3520	2082.4131678398	2528.2871051545	4537.6925770913	4517.7729054495	4505.3402660254
3521	2087.7341497986	2516.9055561093	4538.0039441913	4518.0290962310	4505.3491374022
3522	2093.7578096971	2505.3278256387	4538.3162670791	4518.2994128521	4505.3582917205
3523	2100.2943444228	2494.6992252032	4538.6283377909	4518.5812600481	4505.3675913045
3524	2107.1067932451	2486.3586088005	4538.9389483629	4518.8720425541	4505.3768984786
3525	2113.9581954331	2481.6448304284	4539.2468908311	4519.1691651054	4505.3860755671
3526	2120.6115902561	2481.8967440846	4539.5509572317	4519.4700324372	4505.3949848942
3527	2126.8300169835	2487.8258369442	4539.8499396009	4519.7720492845	4505.4034887844
3528	2132.3765148845	2497.6341288916	4540.1426299747	4520.0726203826	4505.4114495619
3529	2137.0141232283	2508.8962729887	4540.4278203893	4520.3691504666	4505.4187295509
3530	2140.5058812843	2519.1869222971	4540.7043028809	4520.6590442719	4505.4251910760
3531	2142.6148283216	2526.5523534254	4540.9708694855	4520.9397065334	4505.4306964612
3532	2143.1739745815	2530.9253371690	4541.2263122394	4521.2085419864	4505.4351080310
3533	2142.2962141928	2532.7102678699	4541.4694231786	4521.4629553662	4505.4382881096
3534	2140.1644122562	2532.3115398703	4541.6989943393	4521.7003514078	4505.4400990214
3535	2136.9614338723	2530.1335475123	4541.9138177576	4521.9181348465	4505.4404030907
3536	2132.8701441420	2526.5806851379	4542.1126854696	4522.1137104174	4505.4390626417
3537	2128.0734081658	2522.0573470893	4542.2946426577	4522.2849926423	4505.4359719388
3538	2122.7540910444	2516.9679277085	4542.4597470892	4522.4319351891	4505.4311530062
3539	2117.0950578787	2511.7168213377	4542.6083096773	4522.5550015123	4505.4246598080
3540	2111.2791737692	2506.6400129307	4542.7406413355	4522.6546550664	4505.4165463084
3541	2105.4893038167	2501.7998498892	4542.8570529772	4522.7313593059	4505.4068664716
3542	2099.8774896017	2497.1902702264	4542.9578555158	4522.7855776853	4505.3956742618
3543	2094.4724786235	2492.8052119558	4543.0433598646	4522.8177736591	4505.3830236431
3544	2089.2721948615	2488.6386130906	4543.1138769372	4522.8284106818	4505.3689685798
3545	2084.2745622949	2484.6844116443	4543.1697176469	4522.8179522079	4505.3535630360
3546	2079.4775049029	2480.9365456303	4543.2111929071	4522.7868616919	4505.3368609759
3547	2074.8789466647	2477.3889530618	4543.2386136312	4522.7356025882	4505.3189163636
3548	2070.4768115596	2474.0355719523	4543.2522907326	4522.6646383515	4505.2997831633
3549	2066.2690235668	2470.8703403151	4543.2525351247	4522.5744324361	4505.2795153393
3550	2062.2535066655	2467.8871961637	4543.2396577209	4522.4654482965	4505.2581668557
3551	2058.4281848349	2465.0800775112	4543.2139694346	4522.3381493874	4505.2357916766
3552	2054.7909820544	2462.4429223712	4543.1757811792	4522.1929991631	4505.2124437663
3553	2051.3398223031	2459.9696687570	4543.1254038682	4522.0304610782	4505.1881770890
3554	2048.0726295602	2457.6542546820	4543.0631484149	4521.8509985871	4505.1630456087
3555	2044.9873278050	2455.4906181595	4542.9893257326	4521.6550751444	4505.1371032897
3556	2042.0818410167	2453.4726972029	4542.9042467350	4521.4431542046	4505.1104040962
3557	2039.3540931746	2451.5944298255	4542.8082223352	4521.2156992220	4505.0830019923
3558	2036.8020082578	2449.8497540407	4542.7015634467	4520.9731736514	4505.0549509422
3559	2034.4235102456	2448.2326078620	4542.5845809830	4520.7160409470	4505.0263049101
3560	2032.2165231173	2446.7369293026	4542.4575858574	4520.4447645635	4504.9971178602
3561	2030.1789708520	2445.3566563759	4542.3208889834	4520.1598079554	4504.9674437566
3562	2028.3087774290	2444.0857270953	4542.1748012742	4519.8616345770	4504.9373365636
3563	2026.6038668276	2442.9180794741	4542.0196336434	4519.5507078830	4504.9068502453
3564	2025.0621630269	2441.8476515258	4541.8556970044	4519.2274913279	4504.8760387658
3565	2023.6815900062	2440.8683812636	4541.6833022704	4518.8924483660	4504.8449560894
3566	2022.4600717447	2439.9742067010	4541.5027603550	4518.5460424519	4504.8136561803
3567	2021.3955322216	2439.1590658514	4541.3143821716	4518.1887370402	4504.7821930025
3568	2020.4858954162	2438.4168967280	4541.1184786335	4517.8209955853	4504.7506205204
3569	2019.7290853078	2437.7416373442	4540.9153606541	4517.4432815416	4504.7189926980
3570	2019.1230258754	2437.1272257135	4540.7053391469	4517.0560583638	4504.6873634996
3571	0.0000000000	0.0000000000	0.0000000000	0.0000000000	0.0000000000
3572	0.0000000000	0.0000000000	0.0000000000	0.0000000000	0.0000000000
3573	2018.1885914276	2435.5884574730	4540.0369625922	4515.8419685701	4504.5930072897
3574	2018.1647744921	2435.1568169880	4539.8024361076	4515.4213434004	4504.5619122288
3575	2018.2813281290	2434.7557143229	4539.5625606621	4514.9935263691	4504.5310856128
3576	2018.5361763173	2434.3790874909	4539.3176471692	4514.5589809305	4504.5005814058
3577	2018.9272430364	2434.0208745055	4539.0680065423	4514.1181705392	4504.4704535719
3578	2019.4524522655	2433.6750133801	4538.8139496947	4513.6715586496	4504.4407560755
3579	2020.1097279838	2433.3354421280	4538.5557875399	4513.2196087163	4504.4115428806
3580	2020.8969941705	2432.9960987625	4538.2938309912	4512.7627841938	4504.3828679514
3581	2021.8121748049	2432.6509212971	4538.0283909622	4512.3015485366	4504.3547852521
3582	2022.8531938662	2432.2938477451	4537.7597783661	4511.8363651991	4504.3273487469
3583	2024.0179753337	2431.9188161199	4537.4883041163	4511.3676976358	4504.3006123999
3584	2025.3044431865	2431.5197644348	4537.2142791263	4510.8960093013	4504.2746301754
3585	2026.7105214039	2431.0906307032	4536.9380143096	4510.4217636501	4504.2494560375
3586	2028.2341339652	2430.6253529385	4536.6598205793	4509.9454241366	4504.2251439503
3587	2029.8732048495	2430.1178691540	4536.3800088491	4509.4674542154	4504.2017478782
3588	2031.6256580361	2429.5621173632	4536.0988900322	4508.9883173409	4504.1793217852
3589	2033.4894175042	2428.9520355793	4535.8167750422	4508.5084769676	4504.1579196355
3590	2035.4624072330	2428.2815618157	4535.5339747923	4508.0283965500	4504.1375953933
3591	2037.5425512019	2427.5474791981	4535.2508001960	4507.5485395427	4504.1184030227
3592	2039.7277733899	2426.7579513009	4534.9675621666	4507.0693694001	4504.1003964881
3593	2042.0159977764	2425.9239868108	4534.6845716177	4506.5913495767	4504.0836297535
3594	2044.4051483406	2425.0565944147	4534.4021394626	4506.1149435270	4504.0681567830
3595	2046.8955649037	2424.1667827992	4534.1205766146	4505.6406147056	4504.0540315410
3596	2049.4972506548	2423.2655606510	4533.8401939873	4505.1688265668	4504.0413079915
3597	2052.2226246250	2422.3639366570	4533.5613024939	4504.7000425653	4504.0300400988
3598	2055.0841058457	2421.4729195037	4533.2842130479	4504.2347261555	4504.0202818270
3599	2058.0941133477	2420.6035178780	4533.0092365628	4503.7733407918	4504.0120871403
3600	2061.2650661624	2419.7667404666	4532.7366839518	4503.3163499289	4504.0055100029
3601	2064.6093833209	2418.9735959562	4532.4668661285	4502.8642170211	4504.0006043789
3602	2068.1394838542	2418.2350930336	4532.2000940061	4502.4174055231	4503.9974242326
3603	2071.8677867936	2417.5622403854	4531.9366784982	4501.9763788892	4503.9960235280
3604	2075.8067111702	2416.9660466985	4531.6769305181	4501.5416005740	4503.9964562295
3605	2079.9589816636	2416.4575206595	4531.4211609791	4501.1135340320	4503.9987763011
3606	2084.2885455478	2416.0476709551	4531.1696807948	4500.6926427176	4504.0030377071
3607	2088.7496557451	2415.7475062722	4530.9228008786	4500.2793900854	4504.0092944115
3608	2093.2965651781	2415.5680352974	4530.6808321437	4499.8742395899	4504.0176003787
3609	2097.8835267691	2415.5173540296	4530.4440855036	4499.4776230000	4504.0280095728
3610	2102.4647934406	2415.5919077166	4530.2128262680	4499.0898453421	4504.0405759579
3611	2106.9946181151	2415.7852289180	4529.9871373314	4498.7111799571	4504.0553534982
3612	2111.4272537148	2416.0908501939	4529.7670559846	4498.3419001860	4504.0723961579
3613	2115.7169531623	2416.5023041039	4529.5526195184	4497.9822793697	4504.0917579012
3614	2119.8179693800	2417.0131232079	4529.3438652235	4497.6325908490	4504.1134926923
3615	2123.6845552904	2417.6168400657	4529.1408303908	4497.2931079647	4504.1376544954
3616	2127.2709638158	2418.3069872373	4528.9435523110	4496.9641040580	4504.1642972745
3617	2130.5314478786	2419.0770972823	4528.7520682750	4496.6458524695	4504.1934749939
3618	2133.4308227856	2419.9207027606	4528.5664155734	4496.3386265402	4504.2252416179
3619	2135.9761533797	2420.8313362321	4528.3866314972	4496.0426996110	4504.2596511104
3620	2138.1850668881	2421.8025302566	4528.2127533370	4495.7583450228	4504.2967574358
3621	2140.0751905380	2422.8278173939	4528.0448183836	4495.4858361165	4504.3366145582
3622	2141.6641515567	2423.9007302039	4527.8828639280	4495.2254462330	4504.3792764418
3623	2142.9695771714	2425.0148012463	4527.7269272607	4494.9774487132	4504.4247970507
3624	2144.0090946092	2426.1635630810	4527.5770456727	4494.7421168979	4504.4732303492
3625	2144.8003310974	2427.3405482678	4527.4332564547	4494.5197241281	4504.5246303014
3626	2145.3609138632	2428.5392893666	4527.2955968974	4494.3105437446	4504.5790508715
3627	2145.7084701337	2429.7533189372	4527.1641042918	4494.1148490884	4504.6365460237
3628	2145.8606271363	2430.9761695395	4527.0388159285	4493.9329135003	4504.6971697221
3629	2145.8350120980	2432.2013737331	4526.9197690983	4493.7650103212	4504.7609759309
3630	2145.6492522462	2433.4224640781	4526.8070010921	4493.6114128921	4504.8280186144
3631	2145.3209748079	2434.6329731341	4526.7005492006	4493.4723945538	4504.8983517366
3632	2144.8678070105	2435.8264334611	4526.6004507146	4493.3482286472	4504.9720292618
3633	2144.3073760811	2436.9963776188	4526.5067429249	4493.2391885133	4505.0491051541
3634	2143.6573092470	2438.1363381671	4526.4194631222	4493.1455474928	4505.1296333777
3635	2142.9352337353	2439.2398476659	4526.3386485974	4493.0675789267	4505.2136678969
3636	2142.1587767732	2440.3004386749	4526.2643366413	4493.0055561559	4505.3012626757
3637	2141.3455655880	2441.3116437540	4526.1965645446	4492.9597525213	4505.3924716783
3638	2140.5132274069	2442.2669954630	4526.1353695981	4492.9304413637	4505.4873488690
3639	2139.6793894570	2443.1600263617	4526.0807890926	4492.9178960242	4505.5859482119
3640	2138.8587460882	2443.9842690100	4526.0328603189	4492.9223898435	4505.6883236711
3641	2138.0542601402	2444.7332559676	4525.9916205678	4492.9441961625	4505.7945292109
3642	2137.2659615756	2445.4005197946	4525.9571071300	4492.9835883222	4505.9046187955
3643	2136.4938803567	2445.9795930505	4525.9293572964	4493.0408396634	4506.0186463890
3644	2135.7380464460	2446.4640082954	4525.9084083577	4493.1162235271	4506.1366659555
3645	2134.9984898058	2446.8472980889	4525.8942976047	4493.2100132541	4506.2587314594
3646	2134.2752403987	2447.1229949910	4525.8870623282	4493.3224821853	4506.3848968646
3647	2133.5683281870	2447.2846315615	4525.8867398190	4493.4539036617	4506.5152161355
3648	2132.8777831332	2447.3257403601	4525.8933673679	4493.6045510240	4506.6497432362
3649	2132.2036351997	2447.2398539468	4525.9069822656	4493.7746976133	4506.7885321309
3650	2131.5459143488	2447.0205048813	4525.9276218030	4493.9646167703	4506.9316367838
3651	2130.9046505431	2446.6638934810	4525.9553232708	4494.1745818361	4507.0791111589
3652	2130.2798737449	2446.1768910929	4525.9901239598	4494.4048661514	4507.2310092206
3653	2129.6716139168	2445.5690368214	4526.0320611608	4494.6557430572	4507.3873849330
3654	2129.0799010210	2444.8498697712	4526.0811721646	4494.9272405953	4507.5482544932
3655	2128.5047650200	2444.0289290467	4526.1374942619	4495.2184056114	4507.7134830306
3656	2127.9462358762	2443.1157537523	4526.2010647436	4495.5280396518	4507.8828979072
3657	2127.4043435521	2442.1198829927	4526.2719209005	4495.8549442633	4508.0563264852
3658	2126.8791180101	2441.0508558723	4526.3501000233	4496.1979209923	4508.2335961270
3659	2126.3705892126	2439.9182114957	4526.4355612364	4496.5557713853	4508.4145341946
3660	2125.8787871221	2438.7314889672	4526.5279509989	4496.9272969889	4508.5989680504
3661	2125.4037417009	2437.5002273915	4526.6268376032	4497.3112993497	4508.7867250564
3662	2124.9454829114	2436.2339658730	4526.7317893420	4497.7065800141	4508.9776325749
3663	2124.5040407162	2434.9422435163	4526.8423745078	4498.1119405287	4509.1715179681
3664	2124.0794450776	2433.6345994258	4526.9581613933	4498.5261824401	4509.3682085982
3665	2123.6717259580	2432.3205727061	4527.0787182910	4498.9481072947	4509.5675318274
3666	2123.2809133199	2431.0097024616	4527.2036134936	4499.3765166391	4509.7693150180
3667	2122.9070371256	2429.7115277969	4527.3324152936	4499.8102120200	4509.9733855320
3668	2122.5501273377	2428.4355878165	4527.4646919835	4500.2479949836	4510.1795707318
3669	2122.2102139185	2427.1914216248	4527.6000118561	4500.6886670768	4510.3876979795
3670	2121.8873268305	2425.9885683264	4527.7379432038	4501.1310298458	4510.5975946373
3671	2121.5814960361	2424.8365670258	4527.8780543193	4501.5738848374	4510.8090880674
3672	2121.2927514976	2423.7449568275	4528.0199134951	4502.0160335980	4511.0220056321
3673	2121.0211231776	2422.7232768360	4528.1630890238	4502.4562776742	4511.2361746934
3674	2120.7666410384	2421.7810661558	4528.3071491981	4502.8934186125	4511.4514226138
3675	2120.5293350425	2420.9278638914	4528.4516623105	4503.3262579594	4511.6675767552
3676	2120.3092351523	2420.1732091472	4528.5961966535	4503.7535972615	4511.8844644801
3677	2120.1063713302	2419.5266410279	4528.7403205199	4504.1742380654	4512.1019131504
3678	2119.9207735386	2418.9976986379	4528.8836022021	4504.5869819175	4512.3197501285
3679	2119.7524717400	2418.5959210818	4529.0256099928	4504.9906303643	4512.5378027766
3680	2119.6014958967	2418.3308474639	4529.1659121845	4505.3839849526	4512.7558984568
3681	2119.4678759713	2418.2120168889	4529.3040770698	4505.7658472286	4512.9738645314
3682	2119.3516419261	2418.2489684612	4529.4396729414	4506.1350187391	4513.1915283626
3683	2119.2528237236	2418.4512412854	4529.5722680918	4506.4903010306	4513.4087173125
3684	2119.1714513261	2418.8283744659	4529.7014308135	4506.8304956495	4513.6252587434
3685	2119.1075546961	2419.3899071073	4529.8267293993	4507.1544041424	4513.8409800174
3686	2119.0611637960	2420.1453783140	4529.9477321415	4507.4608280558	4514.0557084969
3687	2119.0322544896	2421.1043271906	4530.0640073330	4507.7485689364	4514.2692715439
3688	2119.0205862457	2422.2762928415	4530.1751232662	4508.0164283306	4514.4814965207
3689	2119.0258644346	2423.6708143714	4530.2806482337	4508.2632077849	4514.6922107895
3690	2119.0477944265	2425.2974308845	4530.3801505281	4508.4877088460	4514.9012417125
3691	2119.0860815915	2427.1656814856	4530.4731984421	4508.6887330603	4515.1084166519
3692	2119.1404313000	2429.2851052791	4530.5593602681	4508.8650819743	4515.3135629698
3693	2119.2105489220	2431.6634732789	4530.6382042988	4509.0155571347	4515.5165080286
3694	2119.2961398279	2434.3014841374	4530.7092988267	4509.1389600879	4515.7170791904
3695	2119.3969093879	2437.1980684160	4530.7722121445	4509.2340923805	4515.9151038174
3696	2119.5125629721	2440.3521566764	4530.8265125448	4509.2997555590	4516.1104092718
3697	2119.6428059507	2443.7626794804	4530.8717683201	4509.3347511699	4516.3028229159
3698	2119.7873436940	2447.4285673896	4530.9075477629	4509.3378807599	4516.4921721117
3699	2119.9458815723	2451.3487509656	4530.9334191660	4509.3079458754	4516.6782842216
3700	2120.1181249556	2455.4771587262	4530.9489508219	4509.2437480629	4516.8609866077
3701	2120.3037792142	2459.5877110140	4530.9537110231	4509.1449377309	4517.0401066322
3702	2120.5025497184	2463.4093261276	4530.9472680623	4509.0145607344	4517.2154716574
3703	2120.7141418383	2466.6709223658	4530.9291902320	4508.8565117906	4517.3869090454
3704	2120.9382609441	2469.1014180272	4530.8990458249	4508.6746856165	4517.5542461584
3705	2121.1746124061	2470.4987919656	4530.8569111437	4508.4729769291	4517.7173103587
3706	2121.4229015945	2470.9372652549	4530.8048945317	4508.2552804454	4517.8759290085
3707	2121.6828338795	2470.5601195242	4530.7456123425	4508.0254908825	4518.0299294699
3708	2121.9541146313	2469.5106364023	4530.6816809296	4507.7875029574	4518.1791391051
3709	2122.2364492201	2467.9320975184	4530.6157166466	4507.5452113872	4518.3233852764
3710	2122.5295430161	2465.9677845015	4530.5503358470	4507.3025108887	4518.4624953459
3711	2122.8331013896	2463.7609789805	4530.4881548843	4507.0632961792	4518.5962966760
3712	2123.1468297107	2461.4549625844	4530.4317901121	4506.8314619756	4518.7246166287
3713	2123.4704333497	2459.1930169423	4530.3838578839	4506.6109029948	4518.8472825662
3714	2123.8036176767	2457.0938243979	4530.3469745532	4506.4055139541	4518.9641218509
3715	2124.1460880621	2455.1776701545	4530.3237564736	4506.2191895703	4519.0749618448
3716	2124.4975498759	2453.4402401301	4530.3168199986	4506.0558245606	4519.1796299102
3717	2124.8577084885	2451.8772202425	4530.3287814818	4505.9193136418	4519.2779534093
3718	2125.2262692700	2450.4842964098	4530.3622572766	4505.8135515312	4519.3697597042
3719	2125.6029375906	2449.2571545500	4530.4198637367	4505.7424329456	4519.4548761573
3720	2125.9874188205	2448.1914805810	4530.5042172155	4505.7098526022	4519.5331301307
3721	2126.3794183301	2447.2829604209	4530.6179340665	4505.7197052179	4519.6043489865
3722	2126.7786414894	2446.5272799876	4530.7636306435	4505.7758855098	4519.6683600871
3723	2127.1847936687	2445.9201251992	4530.9439232997	4505.8808168519	4519.7249907946
3724	2127.5975802382	2445.4571819735	4531.1614283889	4506.0310372459	4519.7740684711
3725	2128.0167065681	2445.1341362286	4531.4187622644	4506.2216133507	4519.8154204790
3726	2128.4418780287	2444.9466738825	4531.7172893545	4506.4476118250	4519.8488741804
3727	2128.8727999901	2444.8904808531	4532.0533663853	4506.7040993275	4519.8742569376
3728	2129.3091778225	2444.9612430585	4532.4220981577	4506.9861425171	4519.8913961126
3729	2129.7507168962	2445.1546464166	4532.8185894724	4507.2888080526	4519.9001190678
3730	2130.1971225814	2445.4663768454	4533.2379451302	4507.6071625926	4519.9002531653
3731	2130.6481002482	2445.8921202629	4533.6752699319	4507.9362727959	4519.8916257674
3732	2131.1033552670	2446.4275625871	4534.1256686783	4508.2712053215	4519.8740642361
3733	2131.5625930079	2447.0674065109	4534.5842461701	4508.6070268279	4519.8473959339
3734	2132.0255188411	2447.8024218270	4535.0461072082	4508.9388039739	4519.8114482227
3735	2132.4918381368	2448.6223951031	4535.5063565933	4509.2616034184	4519.7660484649
3736	2132.9612562653	2449.5171129068	4535.9600991263	4509.5704918201	4519.7110240227
3737	2133.4334785968	2450.4763618058	4536.4024396079	4509.8605358378	4519.6462022582
3738	2133.9082105014	2451.4899283678	4536.8284828389	4510.1268021302	4519.5714105337
3739	2134.3851573494	2452.5475991603	4537.2333336201	4510.3643573561	4519.4864762114
3740	2134.8640245111	2453.6391607511	4537.6120967522	4510.5682681744	4519.3912266534
3741	2135.3445173565	2454.7543997078	4537.9598770362	4510.7336012436	4519.2854892219
3742	2135.8263412560	2455.8831025980	4538.2717792727	4510.8554232227	4519.1690912793
3743	2136.3092015797	2457.0150559895	4538.5429082625	4510.9298896297	4519.0419408711
3744	2136.7928036978	2458.1400464499	4538.7683688064	4510.9575114199	4518.9042687769
3745	2137.2768529806	2459.2478605468	4538.9432657053	4510.9398884081	4518.7563864598
3746	2137.7610547983	2460.3282848478	4539.0627037598	4510.8786204089	4518.5986053829
3747	2138.2451145211	2461.3711059208	4539.1229391236	4510.7753072370	4518.4312370093
3748	2138.7287375192	2462.3661103332	4539.1248333607	4510.6315487070	4518.2545928019
3749	2139.2116291628	2463.3030846527	4539.0703993882	4510.4489446336	4518.0689842238
3750	2139.6934948221	2464.1718154471	4538.9616501229	4510.2290948315	4517.8747227382
3751	2140.1740398674	2464.9712983701	4538.8005984818	4509.9735991154	4517.6721198080
3752	2140.6529696688	2465.7373654203	4538.5892573818	4509.6840572999	4517.4614868963
3753	2141.1299895965	2466.5150576823	4538.3296397398	4509.3620691997	4517.2431354663
3754	2141.6048050209	2467.3494162408	4538.0237584727	4509.0092346295	4517.0173769809
3755	2142.0771213120	2468.2854821805	4537.6736264975	4508.6271534039	4516.7845229032
3756	2142.5466438402	2469.3682965861	4537.2812567310	4508.2174253377	4516.5448846963
3757	2143.0130779755	2470.6429005423	4536.8486620903	4507.7816502454	4516.2987738233
3758	2143.4761290883	2472.1543351338	4536.3778554921	4507.3214279419	4516.0465017471
3759	2143.9355025487	2473.9476414453	4535.8708498535	4506.8383582416	4515.7883799309
3760	2144.3909037270	2476.0678605613	4535.3296580914	4506.3340409593	4515.5247198378
3761	2144.8420379933	2478.5600335667	4534.7562931226	4505.8100759098	4515.2558329307
3762	2145.2886107179	2481.4692015461	4534.1527678641	4505.2680629075	4514.9820306728
3763	2145.7303272710	2484.8404055843	4533.5210952329	4504.7096017673	4514.7036245271
3764	2146.1668930228	2488.7186867658	4532.8632881458	4504.1362923038	4514.4209259566
3765	2146.5980133435	2493.1490861753	4532.1813595197	4503.5497343317	4514.1342464245
3766	2147.0233936033	2498.1766448977	4531.4773222717	4502.9515276656	4513.8438973938
3767	2147.4427391725	2503.8464040174	4530.7531893185	4502.3432721201	4513.5501903276
3768	2147.8557554212	2510.1810901151	4530.0109735772	4501.7265675101	4513.2534366888
3769	2148.2621477196	2517.1141717543	4529.2526879646	4501.1030136501	4512.9539479407
3770	2148.6616214381	2524.5568029943	4528.4803453977	4500.4742103549	4512.6520355462
3771	2149.0538819467	2532.4201378946	4527.6959587933	4499.8417574390	4512.3480109684
3772	2149.4391526623	2540.6153305144	4526.9015410685	4499.2072547172	4512.0421856704
3773	2149.8197291874	2549.0535349131	4526.0991051401	4498.5723020041	4511.7348711152
3774	2150.1984251713	2557.6254381080	4525.2906639250	4497.9384991145	4511.4263787659
3775	2150.5780542631	2566.1398589474	4524.4782303403	4497.3074458629	4511.1170200855
3776	2150.9614301121	2574.3851492375	4523.6638173027	4496.6807420641	4510.8071065372
3777	2151.3513663673	2582.1496607847	4522.8494377292	4496.0599875326	4510.4969495840
3778	2151.7506766781	2589.2217453952	4522.0371045367	4495.4467820833	4510.1868606888
3779	2152.1621746936	2595.3897548751	4521.2288306422	4494.8427255308	4509.8771513149
3780	2152.5886740629	2600.4924422435	4520.4266289626	4494.2494176897	4509.5681329253
3781	2153.0329884352	2604.5701653703	4519.6325124148	4493.6684583747	4509.2601169830
3782	2153.4979314598	2607.7136833379	4518.8484939157	4493.1014474004	4508.9534149510
3783	2153.9863167857	2610.0137552290	4518.0765863822	4492.5499845817	4508.6483382925
3784	2154.5009580623	2611.5611401260	4517.3188027313	4492.0153713592	4508.3451570745
3785	2155.0446689386	2612.4465971116	4516.5771558799	4491.4977156791	4508.0439757794
3786	2155.6202630639	2612.7608852684	4515.8536587448	4490.9968271132	4507.7448574940
3787	2156.2305540873	2612.5947636788	4515.1503242431	4490.5125152339	4507.4478653047
3788	2156.8783556580	2612.0389914255	4514.4691652917	4490.0445896131	4507.1530622981
3789	2157.5664814253	2611.1843275909	4513.8121948073	4489.5928598230	4506.8605115607
3790	2158.2977450382	2610.1215312578	4513.1814257071	4489.1571354357	4506.5702761791
3791	2159.0749601460	2608.9413615085	4512.5788709079	4488.7372260233	4506.2824192397
3792	2159.9009403978	2607.7345774258	4512.0065433266	4488.3329411579	4505.9970038293
3793	2160.7784994428	2606.5673891617	4511.4659926762	4487.9440904117	4505.7140930341
3794	2161.7104509303	2605.4078111467	4510.9569158537	4487.5704833567	4505.4337499409
3795	2162.6996085093	2604.1993088808	4510.4785465522	4487.2119295651	4505.1560376362
3796	2163.7487858292	2602.8853478640	4510.0301184648	4486.8682386089	4504.8810192065
3797	2164.8607965389	2601.4093935965	4509.6108652846	4486.5392200604	4504.6087577383
3798	2166.0384542879	2599.7149115781	4509.2200207047	4486.2246834915	4504.3393163182
3799	2167.2845727251	2597.7453673091	4508.8568184181	4485.9244384745	4504.0727580328
3800	2168.6019654998	2595.4442262893	4508.5204921180	4485.6382945813	4503.8091459685
3801	2169.9858990613	2592.7549540189	4508.2102754975	4485.3660613843	4503.5485432119
3802	2171.4014510584	2589.6210159978	4507.9254022495	4485.1075484553	4503.2910128496
3803	2172.8061519402	2585.9858777261	4507.6651060673	4484.8625653667	4503.0366179680
3804	2174.1575321558	2581.7930047039	4507.4286206438	4484.6309216904	4502.7854216539
3805	2175.4131221541	2576.9858624312	4507.2151796722	4484.4124269986	4502.5374869935
3806	2176.5304523843	2571.5079164079	4507.0240168456	4484.2068908634	4502.2928770736
3807	2177.4670532952	2565.3026321342	4506.8543658571	4484.0141228570	4502.0516549807
3808	2178.1804553360	2558.3503951040	4506.7054603996	4483.8339325513	4501.8138838013
3809	2178.6281889556	2550.7792707868	4506.5765341664	4483.6661295186	4501.5796266219
3810	2178.7677846031	2542.7542446461	4506.4668208505	4483.5105233310	4501.3489465291
3811	2178.5567727275	2534.4403021452	4506.3755541450	4483.3669235605	4501.1219066094
3812	2177.9526837777	2526.0024287477	4506.3019677430	4483.2351397793	4500.8985699494
3813	2176.9130482029	2517.6056099169	4506.2452953375	4483.1149815595	4500.6789996355
3814	2175.3953964521	2509.4148311163	4506.2047706217	4483.0062584732	4500.4632587545
3815	2173.3572589742	2501.5950778094	4506.1796272887	4482.9087800925	4500.2514103927
3816	2170.7765411855	2494.3113354595	4506.1690990314	4482.8223559895	4500.0435176368
3817	2167.7126483711	2487.7285895301	4506.1724195431	4482.7467957364	4499.8396435732
3818	2164.2453607834	2481.9751466609	4506.1888225167	4482.6819089053	4499.6398512885
3819	2160.4544586746	2477.0325981968	4506.2175416455	4482.6275050682	4499.4442038693
3820	2156.4197222970	2472.8458566587	4506.2578106224	4482.5833937973	4499.2527644021
3821	2152.2209319030	2469.3598345678	4506.3088631405	4482.5493846646	4499.0655959735
3822	2147.9378677448	2466.5194444452	4506.3699328930	4482.5252872424	4498.8827616699
3823	2143.6503100749	2464.2695988118	4506.4402535730	4482.5109111028	4498.7043245779
3824	2139.4380391455	2462.5552101889	4506.5190588734	4482.5060658177	4498.5303477841
3825	2135.3671513027	2461.3211910974	4506.6055824875	4482.5105609594	4498.3608943750
3826	2131.4490072683	2460.5124540584	4506.6990581082	4482.5242060999	4498.1960274372
3827	2127.6812838576	2460.0739115930	4506.7987194287	4482.5468108115	4498.0358100571
3828	2124.0616578862	2459.9504762223	4506.9038001420	4482.5781846661	4497.8803053213
3829	2120.5878061695	2460.0870604674	4507.0135339413	4482.6181372359	4497.7295763165
3830	2117.2574055230	2460.4285768493	4507.1271545196	4482.6664780930	4497.5836861290
3831	2114.0681327622	2460.9199378891	4507.2438955700	4482.7230168095	4497.4426978455
3832	2111.0176647025	2461.5060561079	4507.3629907857	4482.7875629576	4497.3066745524
3833	2108.1036781594	2462.1318440268	4507.4836738596	4482.8599261093	4497.1756793364
3834	2105.3238499484	2462.7422141668	4507.6051784849	4482.9399158367	4497.0497752840
3835	2102.6758568849	2463.2820790489	4507.7267383546	4483.0273085941	4496.9290065528
3836	2100.1573757845	2463.6963511944	4507.8475871619	4483.1217483636	4496.8133415844
3837	2097.7660834626	2463.9299431242	4507.9669585998	4483.2228460094	4496.7027298918
3838	2095.4996567346	2463.9395404725	4508.0840863615	4483.3302123959	4496.5971209877
3839	2093.3557724161	2463.7289213262	4508.1982041399	4483.4434583873	4496.4964643850
3840	2091.3321073225	2463.3136368850	4508.3085456282	4483.5621948477	4496.4007095964
3841	2089.4263382694	2462.7092383489	4508.4143445195	4483.6860326416	4496.3098061348
3842	2087.6361420720	2461.9312769177	4508.5148345069	4483.8145826330	4496.2237035129
3843	2085.9591955460	2460.9953037912	4508.6092492834	4483.9474556863	4496.1423512436
3844	2084.3931755069	2459.9168701694	4508.6969892414	4484.0842626657	4496.0656988397
3845	2082.9357587700	2458.7115272522	4508.7781215704	4484.2246144355	4495.9936958139
3846	2081.5846221508	2457.3948262393	4508.8528801590	4484.3681218599	4495.9262916792
3847	2080.3374424649	2455.9823183308	4508.9214988960	4484.5143958032	4495.8634359482
3848	2079.1918965277	2454.4895547264	4508.9842116702	4484.6630471296	4495.8050781338
3849	2078.1456611547	2452.9320866260	4509.0412523701	4484.8136867033	4495.7511677489
3850	2077.1964131613	2451.3254652295	4509.0928548846	4484.9659253887	4495.7016543061
3851	2076.3415919149	2449.6852417367	4509.1392531024	4485.1193740499	4495.6564873184
3852	2075.5776869904	2448.0269673476	4509.1806809122	4485.2736435512	4495.6156162985
3853	2074.9009505144	2446.3661932620	4509.2173722026	4485.4283447569	4495.5789907592
3854	2074.3076346136	2444.7184706798	4509.2495608625	4485.5830885311	4495.5465602134
3855	2073.7939914149	2443.0993508009	4509.2774807805	4485.7374857383	4495.5182741738
3856	2073.3562730448	2441.5243848251	4509.3013658454	4485.8911472425	4495.4940821532
3857	2072.9907316301	2440.0091239522	4509.3214499459	4486.0436839081	4495.4739336645
3858	2072.6936192976	2438.5691193823	4509.3379669707	4486.1947065993	4495.4577782205
3859	2072.4611881738	2437.2173453163	4509.3511508085	4486.3438261803	4495.4455653339
3860	2072.2896903856	2435.9564679599	4509.3612353480	4486.4906535155	4495.4372445177
3861	2072.1753780597	2434.7865765201	4509.3684544780	4486.6347994690	4495.4327652845
3862	2072.1145033227	2433.7077602038	4509.3730420871	4486.7758749051	4495.4320771472
3863	2072.1033183015	2432.7201082179	4509.3752320642	4486.9134906880	4495.4351296186
3864	2072.1380751226	2431.8237097692	4509.3752582979	4487.0472576820	4495.4418722114
3865	2072.2150259128	2431.0186540649	4509.3733546769	4487.1767867514	4495.4522544386
3866	2072.3304227989	2430.3050303116	4509.3697550899	4487.3016887604	4495.4662258130
3867	2072.4805179075	2429.6829277164	4509.3646934257	4487.4215745732	4495.4837358472
3868	2072.6615633653	2429.1524354861	4509.3584035731	4487.5360550542	4495.5047340542
3869	2072.8698112991	2428.7136428277	4509.3511194206	4487.6447410674	4495.5291699467
3870	2073.1015138356	2428.3666389481	4509.3430748570	4487.7472434773	4495.5569930375
3871	2073.3529231015	2428.1115130542	4509.3345037711	4487.8431731480	4495.5881528395
3872	2073.6202912235	2427.9483543529	4509.3256400516	4487.9321409438	4495.6225988654
3873	2073.9004572229	2427.8772520511	4509.3167175872	4488.0137577289	4495.6602806281
3874	2074.1926076995	2427.8982953558	4509.3079702665	4488.0876343676	4495.7011476404
3875	2074.4965161476	2428.0115734738	4509.2996319784	4488.1533817242	4495.7451494150
3876	2074.8119560615	2428.2171756120	4509.2919366116	4488.2106106628	4495.7922354649
3877	2075.1387009356	2428.5151909774	4509.2851180547	4488.2589320478	4495.8423553027
3878	2075.4765242642	2428.9057087770	4509.2794101964	4488.2979567434	4495.8954584413
3879	2075.8251995417	2429.3888182174	4509.2750469256	4488.3272956138	4495.9514943935
3880	2076.1845002623	2429.9646085058	4509.2722621309	4488.3465595232	4496.0104126721
3881	2076.5541999205	2430.6331688491	4509.2712897010	4488.3553593361	4496.0721627899
3882	2076.9340720106	2431.3945884540	4509.2723635247	4488.3533059165	4496.1366942597
3883	2077.3238900269	2432.2489565276	4509.2757174907	4488.3400101287	4496.2039565944
3884	2077.7234274637	2433.1963622768	4509.2815854877	4488.3153199949	4496.2738993067
3885	2078.1324578154	2434.2368949084	4509.2902014044	4488.2800321690	4496.3464719094
3886	2078.5507545764	2435.3706436294	4509.3017991295	4488.2351804626	4496.4216239153
3887	2078.9780912409	2436.5976976467	4509.3166125518	4488.1817986874	4496.4993048374
3888	2079.4142413033	2437.9181461672	4509.3348755599	4488.1209206554	4496.5794641882
3889	2079.8589782580	2439.3320783978	4509.3568220426	4488.0535801780	4496.6620514808
3890	2080.3120755993	2440.8395835455	4509.3826858887	4487.9808110672	4496.7470162278
3891	2080.7733068215	2442.4407508171	4509.4127009868	4487.9036471346	4496.8343079421
3892	2081.2424454189	2444.1356694195	4509.4471012256	4487.8231221920	4496.9238761364
3893	2081.7192648860	2445.9244285598	4509.4860583836	4487.7402700511	4497.0156703237
3894	2082.2035387170	2447.8071174447	4509.5294957978	4487.6561245237	4497.1096400166
3895	2082.6950404063	2449.7838252812	4509.5772746951	4487.5717194214	4497.2057347281
3896	2083.1935434482	2451.8546412762	4509.6292563023	4487.4880885561	4497.3039039708
3897	2083.6988213371	2454.0196546366	4509.6853018462	4487.4062657394	4497.4040972577
3898	2084.2106475672	2456.2789545693	4509.7452725536	4487.3272847831	4497.5062641015
3899	2084.7287956330	2458.6326302813	4509.8090296512	4487.2521794990	4497.6103540150
3900	2085.2530390288	2461.0807709795	4509.8764343659	4487.1819836987	4497.7163165111
3901	2085.7831512489	2463.6234658707	4509.9473479245	4487.1177311940	4497.8241011025
3902	2086.3189057877	2466.2608041619	4510.0216315538	4487.0604557967	4497.9336573020
3903	2086.8600761395	2468.9928750600	4510.0991464806	4487.0111913185	4498.0449346225
3904	2087.4064357986	2471.8197677719	4510.1797539317	4486.9709715710	4498.1578825768
3905	2087.9577582593	2474.7415715045	4510.2633151339	4486.9408303661	4498.2724506776
3906	2088.5138170161	2477.7549400938	4510.3496913139	4486.9218015156	4498.3885884378
3907	2089.0743855633	2480.8427858924	4510.4387436987	4486.9149188310	4498.5062453702
3908	2089.6392373951	2483.9845858819	4510.5303335150	4486.9212161242	4498.6253709875
3909	2090.2081460060	2487.1598170437	4510.6243219896	4486.9414551452	4498.7459148027
3910	2090.7808848902	2490.3479563597	4510.7205703493	4486.9753093975	4498.8678263284
3911	2091.3572275421	2493.5284808113	4510.8189398209	4487.0221803228	4498.9910550776
3912	2091.9369474561	2496.6808673802	4510.9192916312	4487.0814693629	4499.1155505629
3913	2092.5198181265	2499.7845930479	4511.0214870070	4487.1525779594	4499.2412622973
3914	2093.1056130476	2502.8191347962	4511.1253871752	4487.2349075543	4499.3681397935
3915	2093.6941057138	2505.7639696065	4511.2308533624	4487.3278595891	4499.4961325643
3916	2094.2850696194	2508.5985744605	4511.3377467956	4487.4308355057	4499.6251901226
3917	2094.8782782587	2511.3024263398	4511.4459287015	4487.5432367457	4499.7552619811
3918	2095.4735051261	2513.8550022261	4511.5552603069	4487.6644647511	4499.8862976527
3919	2096.0705237160	2516.2357791008	4511.6656028387	4487.7939209635	4500.0182466501
3920	2096.6691075226	2518.4242339457	4511.7768175236	4487.9310068246	4500.1510584862
3921	2097.2690300403	2520.3998437423	4511.8887655884	4488.0751237762	4500.2846826737
3922	2097.8700647634	2522.1420854722	4512.0013082599	4488.2256732601	4500.4190687256
3923	2098.4719851863	2523.6304361171	4512.1143067650	4488.3820567181	4500.5541661545
3924	2099.0745648034	2524.8443726585	4512.2276223305	4488.5436755918	4500.6899244733
3925	2099.6775771089	2525.7692244027	4512.3411161830	4488.7099313230	4500.8262931948
3926	2100.2807955972	2526.4137299543	4512.4546495495	4488.8802253534	4500.9632218318
3927	2100.8839937626	2526.7924802424	4512.5680836568	4489.0539591249	4501.1006598971
3928	2101.4869450995	2526.9200661964	4512.6812797316	4489.2305340792	4501.2385569035
3929	2102.0894231023	2526.8110787453	4512.7940990008	4489.4093516580	4501.3768623638
3930	2102.6912012652	2526.4801088185	4512.9064026911	4489.5898133031	4501.5155257909
3931	2103.2920530825	2525.9417473452	4513.0180520294	4489.7713204562	4501.6544966975
3932	2103.8917520488	2525.2105852545	4513.1289082424	4489.9532745590	4501.7937245964
3933	2104.4900716581	2524.3012134757	4513.2388325570	4490.1350770534	4501.9331590005
3934	2105.0867854050	2523.2282229379	4513.3476861999	4490.3161293811	4502.0727494225
3935	2105.6816667838	2522.0062045705	4513.4553303980	4490.4958329838	4502.2124453753
3936	2106.2744892887	2520.6497493027	4513.5616263781	4490.6735893033	4502.3521963716
3937	2106.8650264142	2519.1734480635	4513.6664353669	4490.8487997813	4502.4919519244
3938	2107.4530516545	2517.5918917823	4513.7696185913	4491.0208658596	4502.6316615463
3939	2108.0383385041	2515.9196713883	4513.8710372781	4491.1891889800	4502.7712747502
3940	2108.6206604572	2514.1713778107	4513.9705526541	4491.3531705841	4502.9107410489
3941	2109.1997910081	2512.3616019787	4514.0680259460	4491.5122121138	4503.0500099551
3942	2109.7755036513	2510.5049348215	4514.1633183808	4491.6657150107	4503.1890309818
3943	2110.3475718811	2508.6159672683	4514.2562911851	4491.8130807167	4503.3277536417
3944	2110.9157691918	2506.7092902484	4514.3468055858	4491.9537106734	4503.4661274476
3945	2111.4798690777	2504.7994946909	4514.4347228096	4492.0870063228	4503.6041019124
3946	2112.0396450332	2502.9011715252	4514.5199040835	4492.2123691064	4503.7416265487
3947	2112.5948705526	2501.0289116803	4514.6022106341	4492.3292004660	4503.8786508695
3948	2113.1453191303	2499.1973060855	4514.6815036884	4492.4369018435	4504.0151243876
3949	2113.6907642606	2497.4209456701	4514.7576444730	4492.5348746804	4504.1509966156
3950	2114.2309794378	2495.7144213632	4514.8304942149	4492.6225204187	4504.2862170666
3951	2114.7657381563	2494.0923240941	4514.8999141407	4492.6992405001	4504.4207352532
3952	2115.2948139104	2492.5692447919	4514.9657654774	4492.7644363662	4504.5545006883
3953	2115.8179801945	2491.1597743859	4515.0279094516	4492.8175094589	4504.6874628846
3954	2116.3350105028	2489.8785038053	4515.0862072903	4492.8578612198	4504.8195713551
3955	2116.8456783298	2488.7400239794	4515.1405202201	4492.8848930909	4504.9507756124
3956	2117.3497571698	2487.7589258373	4515.1907094680	4492.8980065137	4505.0810251694
3957	2117.8470205171	2486.9498003082	4515.2366362607	4492.8966029301	4505.2102695389
3958	2118.3372418660	2486.3272383214	4515.2781618250	4492.8800837818	4505.3384582337
3959	2118.8201947109	2485.9058308061	4515.3151473878	4492.8478505105	4505.4655407667
3960	2119.2956525462	2485.7001686915	4515.3474541757	4492.7993045581	4505.5914666505
3961	2119.7633888661	2485.7248429067	4515.3749434157	4492.7338473662	4505.7161853981
3962	2120.2231771651	2485.9944443812	4515.3974763345	4492.6508803766	4505.8396465222
3963	2120.6747909374	2486.5235640439	4515.4149141589	4492.5498050311	4505.9617995357
3964	2121.1180036773	2487.3267928242	4515.4271181158	4492.4300227714	4506.0825939513
3965	2121.5525888794	2488.4187216513	4515.4339494319	4492.2909350392	4506.2019792818
3966	2121.9783200377	2489.8062930449	4515.4352693340	4492.1319432764	4506.3199050401
3967	2122.3949706468	2491.4658558869	4515.4309390489	4491.9524489246	4506.4363207390
3968	2122.8023142009	2493.3661106496	4515.4208198035	4491.7518534256	4506.5511758912
3969	2123.2001241944	2495.4757578054	4515.4047728246	4491.5295582213	4506.6644200097
3970	2123.5881741216	2497.7634978267	4515.3826593389	4491.2859579773	4506.7760100855
3971	2123.9662374769	2500.1980311858	4515.3543405732	4491.0254202564	4506.8859330236
3972	2124.3340877546	2502.7480583552	4515.3196777544	4490.7533058452	4506.9941832072
3973	2124.6914984491	2505.3822798071	4515.2785321092	4490.4749755304	4507.1007550197
3974	2125.0382430546	2508.0693960141	4515.2307648645	4490.1957900987	4507.2056428444
3975	2125.3740950655	2510.7781074483	4515.1762372470	4489.9211103368	4507.3088410644
3976	2125.6988279762	2513.4771145823	4515.1148104836	4489.6562970314	4507.4103440632
3977	2126.0122152810	2516.1351178884	4515.0463458011	4489.4067109691	4507.5101462240
3978	2126.3140304742	2518.7208178389	4514.9707044262	4489.1777129367	4507.6082419301
3979	2126.6040470502	2521.2029149062	4514.8877475858	4488.9746637209	4507.7046255647
3980	2126.8820385033	2523.5501095628	4514.7973365066	4488.8029241083	4507.7992915112
3981	2127.1477783279	2525.7311022809	4514.6993324155	4488.6678548857	4507.8922341529
3982	2127.4010400182	2527.7145935329	4514.5935965393	4488.5748168397	4507.9834478730
3983	2127.6415970687	2529.4692837913	4514.4800864350	4488.5291707571	4508.0729270548
3984	2127.8692229737	2530.9638735284	4514.3591449804	4488.5362774245	4508.1606660817
3985	2128.0836912275	2532.1670632165	4514.2312113835	4488.6014976286	4508.2466593368
3986	2128.2847753244	2533.0475533281	4514.0967248524	4488.7301921562	4508.3309012036
3987	2128.4722487588	2533.5740443355	4513.9561245951	4488.9277217938	4508.4133860652
3988	2128.6458850250	2533.7260977730	4513.8098498196	4489.1994473283	4508.4941083051
3989	2128.8054576174	2533.5267194230	4513.6583397341	4489.5507295462	4508.5730623063
3990	2128.9507400304	2533.0097761299	4513.5020335464	4489.9869292344	4508.6502424524
3991	2129.0815801549	2532.2091347378	4513.3413704648	4490.5134071794	4508.7256431264
3992	2129.1981234694	2531.1586620911	4513.1767896971	4491.1355241681	4508.7992587118
3993	2129.3005898490	2529.8922250342	4513.0087304514	4491.8586409870	4508.8710835918
3994	2129.3891991688	2528.4436904112	4512.8376319358	4492.6768355144	4508.9411121497
3995	2129.4641713038	2526.8469250667	4512.6639333583	4493.5390539946	4509.0093387688
3996	2129.5257261292	2525.1357958447	4512.4880739269	4494.3829597633	4509.0757578323
3997	2129.5740835201	2523.3441695897	4512.3104928497	4495.1462161564	4509.1403637236
3998	2129.6094633516	2521.5059131459	4512.1316293347	4495.7664865097	4509.2031508260
3999	2129.6320854989	2519.6548933577	4511.9519225900	4496.1814341589	4509.2641135227
4000	2129.6421698369	2517.8249770694	4511.7718118235	4496.3287224399	4509.3232461971
4001	2129.6399362409	2516.0500311252	4511.5917362433	4496.1460146885	4509.3805432324
4002	2129.6256045860	2514.3639223696	4511.4121350574	4495.5966910465	4509.4359990118
4003	2129.5993947472	2512.8005176467	4511.2334474740	4494.7469988801	4509.4896079188
4004	2129.5615265996	2511.3936838009	4511.0561127009	4493.6889023613	4509.5413643366
4005	2129.5122200184	2510.1772876765	4510.8805699463	4492.5143656624	4509.5912626484
4006	2129.4516948787	2509.1851961179	4510.7072584182	4491.3153529555	4509.6392972376
4007	2129.3801710556	2508.4512759692	4510.5366173246	4490.1838284129	4509.6854624874
4008	2129.2978684241	2508.0093940749	4510.3690858735	4489.2117562065	4509.7297527811
4009	2129.2050068595	2507.8934172792	4510.2051032731	4488.4721397376	4509.7721625021
4010	2129.1018062368	2508.1372124265	4510.0451087312	4487.9621393226	4509.8126860336
4011	2128.9884864311	2508.7642571622	4509.8895414561	4487.6599545070	4509.8513177589
4012	2128.8652673175	2509.7564723366	4509.7388406556	4487.5437848362	4509.8880520613
4013	2128.7323687712	2511.0853896011	4509.5934455378	4487.5918298556	4509.9228833241
4014	2128.5900106672	2512.7225406073	4509.4537953108	4487.7822891107	4509.9558059305
4015	2128.4384128806	2514.6394570065	4509.3203291827	4488.0933621469	4509.9868142639
4016	2128.2777952867	2516.8076704503	4509.1934863613	4488.5032485096	4510.0159027075
4017	2128.1083777604	2519.1987125900	4509.0737060548	4488.9901477443	4510.0430656446
4018	2127.9303801768	2521.7841150772	4508.9614274713	4489.5322593963	4510.0682974586
4019	2127.7440224112	2524.5354095632	4508.8570898187	4490.1077830112	4510.0915925327
4020	2127.5495243386	2527.4241276995	4508.7611323050	4490.6949181343	4510.1129452501
4021	2127.3471058340	2530.4218011376	4508.6739941384	4491.2718643111	4510.1323499943
4022	2127.1369867727	2533.4999615290	4508.5961145268	4491.8168210871	4510.1498011484
4023	2126.9193870297	2536.6301405251	4508.5279326783	4492.3119780120	4510.1652930958
4024	2126.6945264801	2539.7838697773	4508.4698878009	4492.7554846536	4510.1788202197
4025	2126.4626249991	2542.9326809371	4508.4224191027	4493.1494805842	4510.1903769034
4026	2126.2239024617	2546.0481056559	4508.3859657916	4493.4961053759	4510.1999575303
4027	2125.9785787431	2549.1016755853	4508.3609670758	4493.7974986010	4510.2075564836
4028	2125.7268737184	2552.0649223766	4508.3478621632	4494.0557998315	4510.2131681466
4029	2125.4690072626	2554.9093776813	4508.3470902620	4494.2731486398	4510.2167869026
4030	2125.2051992509	2557.6065731509	4508.3590905800	4494.4516845980	4510.2184071348
4031	2124.9356695584	2560.1280404368	4508.3843023255	4494.5935472783	4510.2180232266
4032	2124.6606380602	2562.4453111904	4508.4231647063	4494.7008762529	4510.2156295613
4033	2124.3803246314	2564.5299170633	4508.4761169306	4494.7758110940	4510.2112205221
4034	2124.0949491472	2566.3533897069	4508.5435982063	4494.8204913739	4510.2047904923
4035	2123.8047314825	2567.8872607726	4508.6260477415	4494.8370566646	4510.1963338553
4036	2123.5098915126	2569.1030619119	4508.7239047443	4494.8276465384	4510.1858449942
4037	2123.2106491125	2569.9723247762	4508.8376084227	4494.7944005676	4510.1733182925
4038	2122.9072241574	2570.4752133397	4508.9673858414	4494.7394583242	4510.1587481333
4039	2122.5998365224	2570.6264208677	4509.1126154925	4494.6649593805	4510.1421289000
4040	2122.2887060825	2570.4492729480	4509.2724637246	4494.5730433087	4510.1234549758
4041	2121.9740527129	2569.9670951686	4509.4460968863	4494.4658496810	4510.1027207441
4042	2121.6560962887	2569.2032131174	4509.6326813265	4494.3455180695	4510.0799205882
4043	2121.3350566850	2568.1809523823	4509.8313833938	4494.2141880466	4510.0550488912
4044	2121.0111537769	2566.9236385513	4510.0413694369	4494.0739991843	4510.0281000366
4045	2120.6846074395	2565.4545972122	4510.2618058045	4493.9270910548	4509.9990684076
4046	2120.3556375479	2563.7971539530	4510.4918588452	4493.7756032305	4509.9679483874
4047	2120.0244639772	2561.9746343617	4510.7306949079	4493.6216752834	4509.9347343594
4048	2119.6913066026	2560.0103640261	4510.9774803412	4493.4674467858	4509.8994207069
4049	2119.3563852992	2557.9276685342	4511.2313814937	4493.3150573098	4509.8620018131
4050	2119.0199199420	2555.7498734739	4511.4915647143	4493.1666464277	4509.8224720614
4051	2118.6821304061	2553.5003044332	4511.7571963515	4493.0243537116	4509.7808258350
4052	2118.3432365668	2551.2022869999	4512.0274427542	4492.8903187338	4509.7370575172
4053	2118.0034582990	2548.8791467620	4512.3014702709	4492.7666810664	4509.6911614914
4054	2117.6630154779	2546.5542093075	4512.5784452504	4492.6555802817	4509.6431321407
4055	2117.3221279786	2544.2508002241	4512.8575340414	4492.5591559518	4509.5929638485
4056	2116.9810156763	2541.9922451000	4513.1379029926	4492.4795476490	4509.5406509980
4057	2116.6398984459	2539.8018695229	4513.4187184526	4492.4188949454	4509.4861879726
4058	2116.2989961627	2537.6986688056	4513.6991467702	4492.3793374132	4509.4295691556
4059	2115.9585287017	2535.6843171597	4513.9783542941	4492.3630146247	4509.3707889302
4060	2115.6187159380	2533.7561585216	4514.2555073730	4492.3720661519	4509.3098416797
4061	2115.2797777468	2531.9115368275	4514.5297723556	4492.4086315672	4509.2467217874
4062	2114.9419340032	2530.1477960140	4514.8003155905	4492.4748504428	4509.1814236367
4063	2114.6054045822	2528.4622800174	4515.0663034265	4492.5728623507	4509.1139416107
4064	2114.2704093590	2526.8523327740	4515.3269022122	4492.7048068632	4509.0442700928
4065	2113.9371682087	2525.3152982202	4515.5812782965	4492.8728235526	4508.9724034662
4066	2113.6059010064	2523.8485202924	4515.8285980278	4493.0790519909	4508.8983361143
4067	2113.2768276272	2522.4493429270	4516.0680277551	4493.3256317505	4508.8220624203
4068	2112.9501679462	2521.1151100603	4516.2987338269	4493.6147024035	4508.7435767676
4069	2112.6261418385	2519.8431656286	4516.5198825920	4493.9470424578	4508.6628807046
4070	2112.3049691792	2518.6308535684	4516.7306403990	4494.3179861646	4508.5800044408
4071	2111.9868698435	2517.4755178161	4516.9301735967	4494.7215067107	4508.4949853510
4072	2111.6720637065	2516.3745023080	4517.1176485337	4495.1515772830	4508.4078608099
4073	2111.3607706432	2515.3251509804	4517.2922315588	4495.6021710684	4508.3186681921
4074	2111.0532105287	2514.3248077697	4517.4530890207	4496.0672612536	4508.2274448724
4075	2110.7496032383	2513.3708166124	4517.5993872680	4496.5408210257	4508.1342282255
4076	2110.4501686469	2512.4605214448	4517.7302926494	4497.0168235713	4508.0390556262
4077	2110.1551266297	2511.5912662032	4517.8449715137	4497.4892420774	4507.9419644491
4078	2109.8646970618	2510.7603948240	4517.9425902095	4497.9520497309	4507.8429920689
4079	2109.5790998183	2509.9652512436	4518.0223150856	4498.3992197186	4507.7421758604
4080	2109.2985547743	2509.1892553747	4518.0833124906	4498.8247252274	4507.6395531983
4081	2109.0232818050	2508.3601310352	4518.1247487732	4499.2225394441	4507.5351614573
4082	2108.7535007854	2507.3916780194	4518.1457902822	4499.5866355556	4507.4290380121
4083	2108.4894315906	2506.1976961215	4518.1456033662	4499.9109867487	4507.3212202375
4084	2108.2312940958	2504.6919851359	4518.1233543740	4500.1895662104	4507.2117455081
4085	2107.9793081760	2502.7883448567	4518.0782096542	4500.4163471274	4507.1006511986
4086	2107.7336937065	2500.4005750783	4518.0096412080	4500.5853026867	4506.9879746839
4087	2107.4946705621	2497.4424755949	4517.9183436462	4500.6904060751	4506.8737533385
4088	2107.2624586182	2493.8278462007	4517.8053172323	4500.7256304795	4506.7580245372
4089	2107.0372777498	2489.4704866901	4517.6715622297	4500.6849490866	4506.6408256548
4090	2106.8193478320	2484.2841968572	4517.5180789016	4500.5623350835	4506.5221940659
4091	2106.6088887398	2478.2348470158	4517.3458675115	4500.3517616569	4506.4021671452
4092	2106.4061203485	2471.4965895567	4517.1559283227	4500.0472019937	4506.2807822676
4093	2106.2112625332	2464.2956473901	4516.9492615986	4499.6426292808	4506.1580768076
4094	2106.0246077787	2456.8582434265	4516.7268676025	4499.1320167050	4506.0340881400
4095	2105.8467390095	2449.4106005759	4516.4897465978	4498.5125083466	4505.9088536396
4096	2105.6783117597	2442.1789417486	4516.2388988479	4497.7939318591	4505.7824106809
4097	2105.5199815635	2435.3894898550	4515.9753246162	4496.9892857893	4505.6547966389
4098	2105.3724039553	2429.2684678053	4515.7000241660	4496.1115686843	4505.5260488880
4099	2105.2362344691	2424.0420985098	4515.4139977606	4495.1737790908	4505.3962048032
4100	2105.1121286392	2419.8867870472	4515.1182456634	4494.1889155559	4505.2653017591
4101	2105.0007419997	2416.7796671713	4514.8137681379	4493.1699766263	4505.1333771303
4102	2104.9027300850	2414.6480548042	4514.5015654473	4492.1299608491	4505.0004682917
4103	2104.8187484291	2413.4192658680	4514.1826378550	4491.0818667711	4504.8666126180
4104	2104.7494525663	2413.0206162850	4513.8579856245	4490.0386929392	4504.7318474838
4105	2104.6954980309	2413.3794219773	4513.5286090189	4489.0134379003	4504.5962102639
4106	2104.6575403569	2414.4229988672	4513.1955083018	4488.0191002014	4504.4597383329
4107	2104.6362350787	2416.0786628767	4512.8596837365	4487.0686783893	4504.3224690657
4108	2104.6322377304	2418.2737299281	4512.5221355864	4486.1751710109	4504.1844398369
4109	2104.6462038463	2420.9355159435	4512.1838641147	4485.3515766131	4504.0456880212
4110	2104.6787889604	2423.9913368453	4511.8458695849	4484.6108937429	4503.9062509934
4111	2104.7306486071	2427.3685085554	4511.5091522604	4483.9661209471	4503.7661661281
4112	2104.8024383206	2430.9943469962	4511.1747124045	4483.4302567726	4503.6254708001
4113	2104.8948136350	2434.7961680897	4510.8435502805	4483.0162997664	4503.4842023842
4114	2105.0084300846	2438.7012877583	4510.5166661519	4482.7372484753	4503.3423982549
4115	2105.1439432035	2442.6370219240	4510.1950602819	4482.6061014463	4503.2000957870
4116	2105.3020085261	2446.5306865091	4509.8797329341	4482.6358572262	4503.0573323553
4117	2105.4832815864	2450.3095974357	4509.5716843716	4482.8330641885	4502.9141453345
4118	2105.6884179187	2453.9010706261	4509.2719148580	4483.1784700130	4502.7705720993
4119	2105.9180730571	2457.2324220023	4508.9814246565	4483.6463722060	4502.6266500243
4120	2106.1729025360	2460.2309674866	4508.7012140305	4484.2110682739	4502.4824164843
4121	2106.4535618895	2462.8240230013	4508.4322832434	4484.8468557228	4502.3379088541
4122	2106.7607066518	2464.9555625933	4508.1756325586	4485.5280320593	4502.1931645083
4123	2107.0949923571	2466.6361928101	4507.9322622394	4486.2288947896	4502.0482208216
4124	2107.4570745397	2467.8931783239	4507.7031725491	4486.9237414200	4501.9031151688
4125	2107.8476087337	2468.7537838068	4507.4893637512	4487.5868694568	4501.7578849246
4126	2108.2672504733	2469.2452739312	4507.2918361090	4488.1925764064	4501.6125674637
4127	2108.7166552927	2469.3949133694	4507.1115898859	4488.7151597752	4501.4672001608
4128	2109.1964787262	2469.2299667935	4506.9496253452	4489.1289170693	4501.3218203907
4129	2109.7073763080	2468.7776988758	4506.8069427503	4489.4081457952	4501.1764655280
4130	2110.2500035722	2468.0653742885	4506.6845423646	4489.5271434592	4501.0311729474
4131	2110.8250160531	2467.1202577040	4506.5834244514	4489.4602075676	4500.8859800238
4132	2111.4330692848	2465.9696137945	4506.5042816962	4489.1816356267	4500.7409241317
4133	2112.0748188017	2464.6407072322	4506.4465764730	4488.6657251429	4500.5960426459
4134	2112.7509201378	2463.1608026893	4506.4094635777	4487.8867736224	4500.4513729412
4135	2113.4620288274	2461.5571648382	4506.3920978065	4486.8190785716	4500.3069523921
4136	2114.2088004047	2459.8570583511	4506.3936339553	4485.4369374969	4500.1628183736
4137	2114.9918904040	2458.0877479001	4506.4132268203	4483.7146479046	4500.0190082602
4138	2115.8119543593	2456.2764981577	4506.4500311974	4481.6265073009	4499.8755594267
4139	2116.6658133611	2454.4505737959	4506.5032018828	4479.1916659063	4499.7325092478
4140	2117.5349507246	2452.6372394872	4506.5718936724	4476.6086847981	4499.5898950982
4141	2118.3970153209	2450.8596080232	4506.6552613623	4474.1209777675	4499.4477543527
4142	2119.2296560213	2449.1241846739	4506.7524597486	4471.9719586057	4499.3061243859
4143	2120.0105216972	2447.4333228286	4506.8626436272	4470.4050411041	4499.1650425725
4144	2120.7172612197	2445.7893758768	4506.9849677943	4469.6042958014	4499.0245462874
4145	2121.3275234603	2444.1946972080	4507.1185870459	4469.5164202257	4498.8846729051
4146	2121.8189572901	2442.6516402115	4507.2626561780	4470.0287686525	4498.7454598004
4147	2122.1692115804	2441.1625582768	4507.4163299867	4471.0286953575	4498.6069443481
4148	2122.3559352025	2439.7298047934	4507.5787632681	4472.4035546161	4498.4691639228
4149	2122.3567770277	2438.3557331505	4507.7491108180	4474.0407007039	4498.3321558993
4150	2122.1493859273	2437.0426967377	4507.9265274328	4475.8274878966	4498.1959576522
4151	2121.7114107725	2435.7930489444	4508.1101679082	4477.6512704695	4498.0606065563
4152	2121.0205004346	2434.6091431600	4508.2991870405	4479.3994026983	4497.9261399864
4153	2120.0543037850	2433.4933327739	4508.4927396256	4480.9592388586	4497.7925953170
4154	2118.7904696947	2432.4479711756	4508.6899804597	4482.2425260891	4497.6600099230
4155	2117.2309107760	2431.4754117544	4508.8900643386	4483.2585829821	4497.5284211790
4156	2115.4745946041	2430.5780078999	4509.0921460586	4484.0411209929	4497.3978664598
4157	2113.6447524949	2429.7581130014	4509.2953804156	4484.6238515770	4497.2683831401
4158	2111.8646157644	2429.0180804483	4509.4989222057	4485.0404861898	4497.1400085945
4159	2110.2574157287	2428.3602636302	4509.7019262249	4485.3247362868	4497.0127801979
4160	2108.9463837038	2427.7870159363	4509.9035472693	4485.5103133234	4496.8867353249
4161	2108.0547510056	2427.3006907562	4510.1029401349	4485.6309287550	4496.7619113503
4162	2107.7057489502	2426.9036414793	4510.2992596177	4485.7202940370	4496.6383456487
4163	2108.0226088535	2426.5982214949	4510.4916605139	4485.8064509008	4496.5160719336
4164	2109.0892382374	2426.3855201538	4510.6792976194	4485.8947621807	4496.3951092738
4165	2110.8322494463	2426.2615706518	4510.8613257303	4485.9849209869	4496.2754730767
4166	2113.1389310307	2426.2211421458	4511.0368996427	4486.0766204296	4496.1571787496
4167	2115.8965715409	2426.2590037930	4511.2051741526	4486.1695536191	4496.0402417001
4168	2118.9924595271	2426.3699247502	4511.3653040560	4486.2634136657	4495.9246773356
4169	2122.3138835398	2426.5486741747	4511.5164441489	4486.3578936794	4495.8105010636
4170	2125.7481321293	2426.7900212234	4511.6577492276	4486.4526867705	4495.6977282914
4171	2129.1824938459	2427.0887350533	4511.7883740878	4486.5474860493	4495.5863744266
4172	2132.5042572399	2427.4395848214	4511.9074735259	4486.6419846259	4495.4764548765
4173	2135.6007108617	2427.8373396849	4512.0142023376	4486.7358756106	4495.3679850486
4174	2138.3591432616	2428.2767688007	4512.1077153192	4486.8288521136	4495.2609803505
4175	2140.6668429900	2428.7526413259	4512.1871672667	4486.9206072451	4495.1554561894
4176	2142.4110985971	2429.2597264175	4512.2517129760	4487.0108341153	4495.0514279728
4177	2143.4791986333	2429.7927932325	4512.3005072433	4487.0992258345	4494.9489111083
4178	2143.7766396187	2430.3466109280	4512.3327048646	4487.1854755128	4494.8479210032
4179	2143.2817499521	2430.9159486610	4512.3474606359	4487.2692762605	4494.7484730650
4180	2141.9910660019	2431.4955755885	4512.3439293533	4487.3503211878	4494.6505827012
4181	2139.9011241368	2432.0802608676	4512.3212658129	4487.4283034049	4494.5542653191
4182	2137.0084607252	2432.6647736553	4512.2786248106	4487.5029160220	4494.4595363262
4183	2133.3318157702	2433.2438831087	4512.2154546873	4487.5738521494	4494.3664111300
4184	2128.9787438135	2433.8123583846	4512.1323779623	4487.6408048972	4494.2749051379
4185	2124.0866342706	2434.3649686403	4512.0303107000	4487.7034673757	4494.1850337573
4186	2118.8234015153	2434.8964830327	4511.9101689645	4487.7615326951	4494.0968123957
4187	2113.3645911609	2435.4027170820	4511.7728688200	4487.8146939656	4494.0102564606
4188	2107.8857488204	2435.8836717608	4511.6193263308	4487.8626442975	4493.9253813594
4189	2102.5624201072	2436.3403944048	4511.4504575610	4487.9050768009	4493.8422024995
4190	2097.5394485697	2436.7739323497	4511.2671785748	4487.9416845860	4493.7607352884
4191	2092.8388694977	2437.1853329312	4511.0704054364	4487.9721607632	4493.6809951335
4192	2088.4520161162	2437.5756434852	4510.8610542100	4487.9961984425	4493.6029974422
4193	2084.3702216502	2437.9459113472	4510.6400409599	4488.0134907343	4493.5267576221
4194	2080.5848193249	2438.2971838531	4510.4082817501	4488.0237307487	4493.4522910805
4195	2077.0871423651	2438.6305083385	4510.1666926450	4488.0266115959	4493.3796132250
4196	2073.8685239961	2438.9469321392	4509.9161897088	4488.0218263863	4493.3087394628
4197	2070.9202974428	2439.2475025909	4509.6576890055	4488.0090682299	4493.2396852016
4198	2068.2337959303	2439.5332670293	4509.3921065995	4487.9880302370	4493.1724658487
4199	2065.8003526835	2439.8052727902	4509.1203585549	4487.9584055178	4493.1070968115
4200	2063.6113009277	2440.0645672092	4508.8433609359	4487.9198871825	4493.0435934976
4201	2061.6579738877	2440.3121976221	4508.5620298067	4487.8721683415	4492.9819713143
4202	2059.9317047886	2440.5492113647	4508.2772812315	4487.8149421047	4492.9222456692
4203	2058.4238268555	2440.7766557725	4507.9900312746	4487.7479015826	4492.8644319696
4204	2057.1256733135	2440.9955781814	4507.7011960001	4487.6707398853	4492.8085456230
4205	2056.0285773875	2441.2070259271	4507.4116914722	4487.5831501230	4492.7546020369
4206	2055.1238723025	2441.4120463454	4507.1224337551	4487.4848254060	4492.7026166186
4207	2054.4028912838	2441.6116867718	4506.8343389130	4487.3754588444	4492.6526047757
4208	2053.8569675562	2441.8069945422	4506.5483230102	4487.2549960932	4492.6045819155
4209	2053.4774343448	2441.9990169923	4506.2653021107	4487.1243929868	4492.5585634456
4210	2053.2556248748	2442.1888014578	4505.9861922789	4486.9848579039	4492.5145647733
4211	2053.1828723710	2442.3773952744	4505.7119095790	4486.8375992237	4492.4726013062
4212	2053.2505100585	2442.5658457778	4505.4433700750	4486.6838253252	4492.4326884516
4213	2053.4498711625	2442.7552003038	4505.1814898312	4486.5247445872	4492.3948416170
4214	2053.7722889079	2442.9465061881	4504.9271849119	4486.3615653887	4492.3590762098
4215	2054.2090965198	2443.1408107665	4504.6813713812	4486.1954961088	4492.3254076375
4216	2054.7516272232	2443.3391613746	4504.4449653033	4486.0277451265	4492.2938513076
4217	2055.3912142431	2443.5426053481	4504.2188827424	4485.8595208207	4492.2644226274
4218	2056.1191908047	2443.7521900228	4504.0040397627	4485.6920315704	4492.2371370045
4219	2056.9268901329	2443.9689627345	4503.8013524285	4485.5264857546	4492.2120098462
4220	2057.8056454528	2444.1939708187	4503.6117368038	4485.3640917522	4492.1890565601
4221	2058.7467899894	2444.4282616114	4503.4361089530	4485.2060579423	4492.1682925535
4222	2059.7416569678	2444.6728824481	4503.2753849402	4485.0535927039	4492.1497332339
4223	2060.7815796130	2444.9288806646	4503.1304808296	4484.9079044158	4492.1333940087
4224	2061.8578911500	2445.1973035967	4503.0023126855	4484.7702014572	4492.1192902854
4225	2062.9619248040	2445.4791985800	4502.8917965719	4484.6416922070	4492.1074374715
4226	2064.0850137999	2445.7754094030	4502.7998485532	4484.5235850441	4492.0978509743
4227	2065.2184913627	2446.0859656651	4502.7271175147	4484.4170883476	4492.0905462014
4228	2066.3536907176	2446.4106934183	4502.6731836266	4484.3234104964	4492.0855385601
4229	2067.4819450895	2446.7494187149	4502.6373598804	4484.2437598695	4492.0828434580
4230	2068.5945877036	2447.1019676067	4502.6189592675	4484.1793448459	4492.0824763024
4231	2069.6829517848	2447.4681661460	4502.6172947794	4484.1310340750	4492.0844525008
4232	2070.7383705581	2447.8478403849	4502.6316794075	4484.0983372870	4492.0887874606
4233	2071.7521772488	2448.2408163754	4502.6614261431	4484.0804244829	4492.0954965894
4234	2072.7173415253	2448.6469201697	4502.7058479778	4484.0764656635	4492.1045952944
4235	2073.6333788310	2449.0659778197	4502.7642579030	4484.0856308294	4492.1160989833
4236	2074.5014410528	2449.4978153777	4502.8359689101	4484.1070899814	4492.1300230634
4237	2075.3226800776	2449.9422588958	4502.9202939905	4484.1400131204	4492.1463829421
4238	2076.0982477923	2450.3991344259	4503.0165461357	4484.1835702471	4492.1651940269
4239	2076.8292960838	2450.8682680203	4503.1240383371	4484.2369313623	4492.1864717253
4240	2077.5169768390	2451.3494857309	4503.2420835861	4484.2992664668	4492.2102314448
4241	2078.1624419449	2451.8426136100	4503.3699948742	4484.3697455612	4492.2364885926
4242	2078.7668432883	2452.3474777096	4503.5070851928	4484.4475386465	4492.2652585764
4243	2079.3313327562	2452.8639040817	4503.6526675334	4484.5318157234	4492.2965568034
4244	2079.8570622354	2453.3917187786	4503.8060548873	4484.6217467926	4492.3303986813
4245	2080.3451836130	2453.9307478522	4503.9665602460	4484.7165018550	4492.3667996174
4246	2080.7968487757	2454.4808173547	4504.1334966009	4484.8152509113	4492.4057750191
4247	2081.2132096104	2455.0417533382	4504.3061769435	4484.9171639622	4492.4473402940
4248	2081.5954180042	2455.6133818547	4504.4839142652	4485.0214110087	4492.4915108494
4249	2081.9446258439	2456.1955289564	4504.6660215575	4485.1271620513	4492.5383020928
4250	2082.2619850165	2456.7880206954	4504.8518118117	4485.2335870910	4492.5877294317
4251	2082.5486474087	2457.3906831237	4505.0405980192	4485.3398561284	4492.6398082735
4252	2082.8057649076	2458.0033422935	4505.2316931717	4485.4451391644	4492.6945540256
4253	2083.0344894001	2458.6258242568	4505.4244102603	4485.5487595362	4492.7519672971
4254	2083.2359727730	2459.2579550657	4505.6180622767	4485.6506539271	4492.8119895035
4255	2083.4113669132	2459.8995607724	4505.8119622122	4485.7509123568	4492.8745472619
4256	2083.5618237078	2460.5504674289	4506.0054230582	4485.8496248450	4492.9395671896
4257	2083.6884950435	2461.2105010874	4506.1977578062	4485.9468814115	4493.0069759036
4258	2083.7925328073	2461.8794877998	4506.3882794477	4486.0427720760	4493.0767000211
4259	2083.8750888861	2462.5572536184	4506.5763009740	4486.1373868582	4493.1486661591
4260	2083.9373151669	2463.2436245951	4506.7611353766	4486.2308157778	4493.2228009349
4261	2083.9803635364	2463.9384267822	4506.9420956469	4486.3231488546	4493.2990309656
4262	2084.0053858817	2464.6414862317	4507.1184947763	4486.4144761084	4493.3772828683
4263	2084.0135340897	2465.3526289956	4507.2896457564	4486.5048875587	4493.4574832602
4264	2084.0059600472	2466.0716811262	4507.4548615784	4486.5944732255	4493.5395587583
4265	2083.9838156411	2466.7984686754	4507.6134552339	4486.6833231284	4493.6234359799
4266	2083.9482527584	2467.5328176955	4507.7647397143	4486.7715272871	4493.7090415421
4267	2083.9004232860	2468.2745542384	4507.9080280110	4486.8591757214	4493.7963020620
4268	2083.8414791108	2469.0235043562	4508.0426331154	4486.9463584510	4493.8851441567
4269	2083.7725721197	2469.7794941011	4508.1678680191	4487.0331654956	4493.9754944434
4270	2083.6948541996	2470.5423495252	4508.2830457133	4487.1196868750	4494.0672795392
4271	2083.6094772374	2471.3118966806	4508.3874791895	4487.2060126089	4494.1604260612
4272	2083.5175931200	2472.0879616193	4508.4806457253	4487.2922327170	4494.2548606267
4273	2083.4203537344	2472.8703703934	4508.5626797416	4487.3784372191	4494.3505098527
4274	2083.3189109674	2473.6589490551	4508.6338799458	4487.4647161349	4494.4473003564
4275	2083.2144167059	2474.4535236564	4508.6945450451	4487.5511594841	4494.5451587548
4276	2083.1080228370	2475.2539202494	4508.7449737466	4487.6378572865	4494.6440116653
4277	2083.0008812473	2476.0599648863	4508.7854647576	4487.7248995617	4494.7437857048
4278	2082.8939957313	2476.8714836190	4508.8163167851	4487.8123763296	4494.8444074905
4279	2082.7877777122	2477.6883024998	4508.8378285365	4487.9003776098	4494.9458036396
4280	2082.6824905205	2478.5102475807	4508.8502987188	4487.9889934221	4495.0479007691
4281	2082.5783974869	2479.3371449138	4508.8540260394	4488.0783137862	4495.1506254963
4282	2082.4757619421	2480.1688205512	4508.8493092053	4488.1684287219	4495.2539044383
4283	2082.3748472166	2481.0051005450	4508.8364469238	4488.2594282488	4495.3576642122
4284	2082.2759166410	2481.8458109473	4508.8157379020	4488.3514023867	4495.4618314351
4285	2082.1792335460	2482.6907778102	4508.7874808472	4488.4444411554	4495.5663327243
4286	2082.0850612621	2483.5398271858	4508.7519744666	4488.5386345745	4495.6710946967
4287	2081.9936631199	2484.3927851261	4508.7095174673	4488.6340726639	4495.7760439696
4288	2081.9053024501	2485.2494776833	4508.6604085565	4488.7308454431	4495.8811071601
4289	2081.8202425833	2486.1097309095	4508.6049464414	4488.8290429321	4495.9862108853
4290	0.0000000000	0.0000000000	0.0000000000	0.0000000000	0.0000000000
4291	2081.6610785810	2487.8402235771	4508.4761574271	4489.0300721179	4496.1962464085
4292	2081.5875011067	2488.7101151227	4508.4034279423	4489.1330838542	4496.3010314408
4293	2081.5182777579	2584.3000000000	4508.3255400819	4489.2378803791	4496.4055634764
4294	2081.4536718650	2569.6200000000	4508.2427925533	4489.3445517123	4496.5097691323
4295	2081.3939467588	2591.8400000000	4508.1554840635	4489.4531878736	4496.6135750258
4296	2081.3393657698	2570.1000000000	4508.0639133197	4489.5638788827	4496.7169077741
4297	2081.2901922286	2493.0990670530	4507.9683790292	4489.6765477718	4496.8196939941
4298	2081.2466894659	2493.9835386441	4507.8691798991	4489.7904496233	4496.9218603032
4299	2081.2091208122	2494.8698314252	4507.7666146366	4489.9046725321	4497.0233333183
4300	2081.1777495982	2495.7577714482	4507.6609819489	4490.0183045931	4497.1240396567
4301	2081.1528391544	2496.6471847654	4507.5525805432	4490.1304339012	4497.2239059355
4302	2081.1346528115	2497.5378974287	4507.4417091267	4490.2401485513	4497.3228587718
4303	2081.1234539001	2498.4297354904	4507.3286664066	4490.3465366382	4497.4208247827
4304	2081.1195057508	2499.3225250025	4507.2137510900	4490.4486862569	4497.5177305855
4305	2081.1230716942	2500.2160920170	4507.0972618842	4490.5456855022	4497.6135027972
4306	2081.1344150609	2501.1102625861	4506.9794974964	4490.6366224691	4497.7080680350
4307	2081.1537991815	2502.0048627619	4506.8607566337	4490.7205852524	4497.8013529160
4308	2081.1814873866	2502.8997185965	4506.7413380033	4490.7966619470	4497.8932840573
4309	2081.2177430068	2503.7946561419	4506.6215403125	4490.8639406478	4497.9837880761
4310	2081.2628293728	2504.6895014503	4506.5016622683	4490.9215094497	4498.0727915896
4311	2081.3170098152	2505.5840805738	4506.3820025781	4490.9684564477	4498.1602212148
4312	2081.3805476645	2506.4782195644	4506.2628599490	4491.0038697365	4498.2460035689
4313	2081.4537062513	2507.3717444742	4506.1445330881	4491.0268374111	4498.3300652690
4314	2081.5367489063	2508.2644813554	4506.0273207027	4491.0364475664	4498.4123329323
4315	2081.6299389601	2509.1575241800	4505.9115215000	4491.0317882972	4498.4927331760
4316	2081.7335397433	2510.0570385997	4505.7974341871	4491.0119476985	4498.5711926170
4317	2081.8478145865	2510.9704581861	4505.6853574713	4490.9760138651	4498.6476378727
4318	2081.9730268203	2511.9052165111	4505.5755900597	4490.9230748920	4498.7219955601
4319	2082.1094397752	2512.8687471462	4505.4684306596	4490.8522188740	4498.7941922964
4320	2082.2573167820	2513.8684836631	4505.3640990410	4490.7625339060	4498.8641546986
4321	2082.4169211713	2514.9118596336	4505.2624992258	4490.6535294972	4498.9318093840
4322	2082.5885162735	2516.0063086293	4505.1634562989	4490.5264008136	4498.9970829697
4323	2082.7723654194	2517.1592642218	4505.0667953450	4490.3827644355	4499.0599020728
4324	2082.9687319396	2518.3781599829	4504.9723414491	4490.2242369433	4499.1201933104
4325	2083.1778791646	2519.6704294843	4504.8799196958	4490.0524349173	4499.1778832997
4326	2083.4000704251	2521.0435062976	4504.7893551701	4489.8689749377	4499.2328986579
4327	2083.6408829508	2522.5048239944	4504.7004729567	4489.6754735849	4499.2851660020
4328	2083.9271495679	2524.0618161466	4504.6130981405	4489.4735474392	4499.3346119492
4329	2084.2910170020	2525.7219163257	4504.5270558062	4489.2648130809	4499.3811631167
4330	2084.7646319783	2527.4925581035	4504.4421710388	4489.0508870903	4499.4247461215
4331	2085.3801412224	2529.3811750515	4504.3582689229	4488.8333860477	4499.4652875808
4332	2086.1696914595	2531.3952007416	4504.2751745435	4488.6139265335	4499.5027141118
4333	2087.1654294151	2533.5319706409	4504.1927129854	4488.3941251279	4499.5369523316
4334	2088.3995018147	2535.7484277982	4504.1107093333	4488.1755984113	4499.5679288573
4335	2089.9040553836	2537.9914171582	4504.0289886721	4487.9599629640	4499.5955703061
4336	2091.7112368471	2540.2077836653	4503.9473760866	4487.7488353662	4499.6198032951
4337	2093.8262660882	2599.1600000000	4503.8656966616	4487.5438321984	4499.6405544414
4338	2096.1466556191	2611.4600000000	4503.7837754820	4487.3465700407	4499.6577503622
4339	2098.5429911093	2600.7900000000	4503.7014376325	4487.1586654736	4499.6713176746
4340	2100.8858582285	2593.2300000000	4503.6185081980	4486.9814301666	4499.6812081366
4341	2103.0458426463	2618.7400000000	4503.5348122633	4486.8149561461	4499.6874740690
4342	2104.9122030345	2549.9702196858	4503.4501749132	4486.6590305281	4499.6901929336
4343	2106.4488900732	2550.5118846672	4503.3644212325	4486.5134404282	4499.6894421922
4344	2107.6385274450	2550.6016863514	4503.2773763061	4486.3779729623	4499.6852993065
4345	2108.4637388321	2550.1864696828	4503.1888652188	4486.2524152461	4499.6778417381
4346	2108.9071479169	2549.2130796058	4503.0987130553	4486.1365543954	4499.6671469489
4347	2108.9603666317	2547.6283610650	4503.0067449006	4486.0301775260	4499.6532924006
4348	2108.6509599076	2598.2100000000	4502.9127858393	4485.9330717536	4499.6363555548
4349	2108.0154809260	2542.5968852618	4502.8166609564	4485.8450241941	4499.6164138734
4350	2107.0904828679	2581.5100000000	4502.7181953367	4485.7658219632	4499.5935448180
4351	2105.9125189146	2620.0700000000	4502.6172140649	4485.6952521767	4499.5678258505
4352	2104.5181422471	2531.5582721489	4502.5135422259	4485.6331019504	4499.5393344324
4353	2102.9439060466	2527.2887750566	4502.4070049046	4485.5791584000	4499.5081480256
4354	2101.2263634944	2522.8664151264	4502.2974271856	4485.5332086414	4499.4743440918
4355	2099.4020677715	2518.3764624717	4502.1846341539	4485.4950397903	4499.4380000926
4356	2097.5075720591	2513.9041872061	4502.0684508943	4485.4644389625	4499.3991934899
4357	2095.5794295383	2509.5348594433	4501.9487024915	4485.4411932737	4499.3580017454
4358	2093.6541933904	2505.3537492966	4501.8252140305	4485.4250898398	4499.3145023208
4359	2091.7684167964	2501.4461268798	4501.6978105960	4485.4159157765	4499.2687726778
4360	2089.9586529376	2497.8972623063	4501.5663172728	4485.4134581996	4499.2208902782
4361	2088.2614549951	2494.7924256898	4501.4305591457	4485.4175042249	4499.1709325837
4362	2086.7133761500	2492.1962544262	4501.2903612997	4485.4278409682	4499.1189770560
4363	2085.3509695835	2490.0908550407	4501.1460230570	4485.4442555452	4499.0651011568
4364	2084.2107884768	2488.4377013409	4500.9997406907	4485.4665350717	4499.0093823479
4365	2083.3293860110	2487.1982671346	4500.8541847114	4485.4944666636	4498.9518980911
4366	2082.7433153673	2486.3340262293	4500.7120256295	4485.5278374365	4498.8927258480
4367	2082.4891297268	2485.8064524326	4500.5759339557	4485.5664345062	4498.8319430803
4368	2082.6033822707	2485.5770195523	4500.4485802005	4485.6100449886	4498.7696272499
4369	2083.1226261801	2571.4900000000	4500.3326348744	4485.6584559994	4498.7058558184
4370	2084.0834146362	2619.4400000000	4500.2307684882	4485.7114546544	4498.6407062475
4371	2085.5071037065	2619.5900000000	4500.1456515523	4485.7688280694	4498.5742559991
4372	2087.3542610033	2651.4600000000	4500.0799545772	4485.8303633601	4498.5065825348
4373	2089.5702570253	2671.6300000000	4500.0363480737	4485.8958476424	4498.4377633163
4374	2092.1004622712	2488.3039147397	4500.0175025521	4485.9650680319	4498.3678758054
4375	2094.8902472397	2489.0827348871	4500.0260885231	4486.0378116446	4498.2969974638
4376	2097.8849824295	2489.8514864119	4500.0647764973	4486.1138655961	4498.2252057533
4377	2101.0300383391	2490.5716431216	4500.1362369852	4486.1930170022	4498.1525781356
4378	2104.2707854675	2587.5600000000	4500.2431404974	4486.2750529788	4498.0791920724
4379	2107.5525943131	2626.5300000000	4500.3881575445	4486.3597606415	4498.0051250254
4380	2110.8208353747	2492.0552824369	4500.5739586370	4486.4469271063	4497.9304544564
4381	2114.0208791509	2622.9000000000	4500.8032142855	4486.5363394888	4497.8552578270
4382	2117.0980961405	2612.6600000000	4501.0785950005	4486.6277849048	4497.7796125991
4383	2119.9978568421	2627.6200000000	4501.4027712926	4486.7210504701	4497.7035962344
4384	2122.6655317544	2621.8000000000	4501.7784136725	4486.8159233006	4497.6272861946
4385	2125.0464913761	2562.8500000000	4502.2081926506	4486.9121905119	4497.5507599413
4386	2127.0861062058	2488.5094650923	4502.6934566087	4487.0096392199	4497.4740949365
4387	2128.7297467423	2486.6247330715	4503.2302654134	4487.1080565402	4497.3973686417
4388	2129.9227834842	2484.2918122203	4503.8133568024	4487.2072295888	4497.3206585187
4389	2130.6105869302	2481.5931468493	4504.4374685135	4487.3069454814	4497.2440420293
4390	2130.7385275789	2478.6353753700	4505.0973382844	4487.4069913338	4497.1675966351
4391	2130.2519759291	2475.5251361936	4505.7877038529	4487.5071542617	4497.0913997979
4392	2129.0963024795	2472.3690677316	4506.5033029567	4487.6072213809	4497.0155289795
4393	2127.2292238044	2469.2738083953	4507.2388733335	4487.7069798072	4496.9400616415
4394	2124.6578407811	2466.3459965960	4507.9891527212	4487.8062166564	4496.8650752458
4395	2121.4016003624	2463.6922707451	4508.7488788574	4487.9047190442	4496.7906472539
4396	2117.4799495015	2461.3985526061	4509.5127894799	4488.0022740865	4496.7168551277
4397	2112.9123351512	2459.4678973514	4510.2756223265	4488.0986688990	4496.6437763289
4398	2107.7420439947	2457.8826435056	4511.0321151349	4488.1936905975	4496.5714883193
4399	2102.1077216361	2456.6251295932	4511.7770056429	4488.2871262978	4496.5000685604
4400	2096.1718534098	2455.6776941388	4512.5050315881	4488.3787631156	4496.4295945142
4401	2090.0969246502	2455.0226756671	4513.2109307084	4488.4683881667	4496.3601436422
4402	2084.0454206916	2454.6424127024	4513.8894407415	4488.5557885670	4496.2917934063
4403	2078.1798268684	2454.5192437694	4514.5352994252	4488.6407514321	4496.2246212681
4404	2072.6626285149	2454.6355073928	4515.1432444971	4488.7230638779	4496.1587046895
4405	2067.6563109656	2454.9735420969	4515.7080136951	4488.8025130202	4496.0941211320
4406	2063.2860020862	2455.5156864065	4516.2243447569	4488.8788859747	4496.0309480576
4407	2059.5273998686	2456.2442788460	4516.6869754203	4488.9519698571	4495.9692629278
4408	2056.3188448360	2457.1416579401	4517.0906434229	4489.0215517834	4495.9091432044
4409	2053.5986775118	2458.1901622133	4517.4313053734	4489.0874188692	4495.8506663492
4410	2051.3052384192	2459.3721301902	4517.7097933637	4489.1493582304	4495.7939098239
4411	2049.3768680815	2460.6699003953	4517.9281583565	4489.2071569826	4495.7389510902
4412	2047.7519070220	2462.0658113533	4518.0884513145	4489.2606022418	4495.6858676098
4413	2046.3686957640	2463.5422015886	4518.1927232004	4489.3094811236	4495.6347368445
4414	2045.1655748308	2465.0814096258	4518.2430249771	4489.3535807439	4495.5856362560
4415	2044.0808847457	2466.6657739896	4518.2414076071	4489.3926882184	4495.5386433060
4416	2043.0633449256	2468.2797984909	4518.1899220533	4489.4265906630	4495.4938354563
4417	2042.1031903627	2469.9166480869	4518.0906192784	4489.4550751933	4495.4512901686
4418	2041.2010349426	2471.5716530211	4517.9455502451	4489.4779289252	4495.4110849046
4419	2040.3574925511	2473.2401435370	4517.7567659161	4489.4949389744	4495.3732971261
4420	2039.5731770739	2474.9174498783	4517.5263172542	4489.5058924568	4495.3380042948
4421	2038.8487023969	2476.5989022884	4517.2562552220	4489.5105764880	4495.3052838723
4422	2038.1846824057	2478.2798310109	4516.9486307824	4489.5087781839	4495.2752133205
4423	2037.5817309861	2479.9555662895	4516.6054948981	4489.5002846603	4495.2478701011
4424	2037.0404620239	2481.6214383675	4516.2288985317	4489.4848830330	4495.2233316758
4425	2036.5614894047	2483.2727774887	4515.8208926460	4489.4623604176	4495.2016755063
4426	2036.1454270145	2484.9049138965	4515.3835282037	4489.4325808896	4495.1829571181
4427	2035.7928887388	2486.5131778346	4514.9188561677	4489.3957163622	4495.1671442911
4428	2035.5044884635	2488.0928995464	4514.4289275005	4489.3520157084	4495.1541828690
4429	2035.2808400742	2489.6394092756	4513.9157931649	4489.3017278010	4495.1440186956
4430	2035.1225574569	2491.1480372656	4513.3815041237	4489.2451015130	4495.1365976144
4431	2035.0302544971	2492.6141137601	4512.8281113396	4489.1823857171	4495.1318654692
4432	2035.0045450807	2494.0329690026	4512.2576657753	4489.1138292862	4495.1297681037
4433	2035.0460430934	2495.3999332367	4511.6722183935	4489.0396810934	4495.1302513615
4434	2035.1553624210	2496.7103367059	4511.0738201570	4488.9601900113	4495.1332610863
4435	2035.3331169491	2497.9595096538	4510.4645220284	4488.8756049130	4495.1387431218
4436	2035.5799205636	2499.1427823239	4509.8463749707	4488.7861746712	4495.1466433116
4437	2035.8963871502	2500.2554849598	4509.2214299463	4488.6921481589	4495.1569074996
4438	2036.2831305947	2501.2929478051	4508.5917379182	4488.5937742489	4495.1694815292
4439	2036.7407647828	2502.2505011033	4507.9593498490	4488.4913018141	4495.1843112443
4440	2037.2699036002	2503.1234750980	4507.3263167014	4488.3849797275	4495.2013424885
4441	2037.8711609327	2503.9072000327	4506.6946894382	4488.2750568618	4495.2205211055
4442	2038.5451506661	2504.5970061510	4506.0665190220	4488.1617820899	4495.2417929389
4443	2039.2924866861	2505.1882236964	4505.4438564158	4488.0454042848	4495.2651038325
4444	2040.1137828784	2505.6761829125	4504.8287525820	4487.9261723193	4495.2903996299
4445	2041.0096531289	2506.0562140429	4504.2232584836	4487.8043350662	4495.3176261748
4446	2041.9807113232	2506.3236473311	4503.6294250832	4487.6801413985	4495.3467293108
4447	2043.0275713471	2506.4738130207	4503.0493033435	4487.5538401891	4495.3776548818
4448	2044.1508470864	2506.5020413552	4502.4849442273	4487.4256803108	4495.4103487313
4449	2045.3511524267	2506.4036625783	4501.9383986974	4487.2959106365	4495.4447567030
4450	2046.6291012539	2506.1740069333	4501.4117177163	4487.1647800390	4495.4808246407
4451	2047.9853074538	2505.8084046640	4500.9069522469	4487.0325373914	4495.5184983879
4452	2049.4203849120	2505.3021860139	4500.4261532519	4486.8994315663	4495.5577237884
4453	2050.9349475142	2504.6506812265	4499.9709222611	4486.7657114368	4495.5984466858
4454	2052.5296091464	2503.8492205453	4499.5410630720	4486.6316258756	4495.6406129239
4455	2054.2049836941	2502.8975356028	4499.1359300496	4486.4974237557	4495.6841683463
4456	2055.9616850432	2501.8129635862	4498.7548775584	4486.3633539500	4495.7290587967
4457	2057.8003270794	2500.6172430718	4498.3972599632	4486.2296653313	4495.7752301188
4458	2059.7215236885	2499.3321126355	4498.0624316287	4486.0966067724	4495.8226281562
4459	2061.7233960430	2497.9793108536	4497.7497469196	4485.9644271464	4495.8711987526
4460	2063.7940944628	2496.5805763022	4497.4585602007	4485.8333753260	4495.9208877518
4461	2065.9192765545	2495.1576475574	4497.1882258366	4485.7037001842	4495.9716409974
4462	2068.0845999250	2493.7322631954	4496.9380981921	4485.5756505938	4496.0234043330
4463	2070.2757221807	2492.3261617921	4496.7075316320	4485.4494754277	4496.0761236024
4464	2072.4783009285	2490.9610819239	4496.4958805208	4485.3254235587	4496.1297446493
4465	2074.6779937750	2489.6587621668	4496.3024992234	4485.2037438598	4496.1842133173
4466	2076.8604583270	2488.4409410970	4496.1267421044	4485.0846852038	4496.2394754501
4467	2079.0113521909	2487.3293572905	4495.9679635286	4484.9684964637	4496.2954768913
4468	2081.1163329737	2486.3457493235	4495.8255178607	4484.8554265122	4496.3521634848
4469	2083.1610582819	2485.5118557722	4495.6987594654	4484.7457242223	4496.4094810740
4470	2085.1311857223	2484.8494152126	4495.5870427075	4484.6396384668	4496.4673755029
4471	2087.0123729015	2484.3801662208	4495.4897219515	4484.5374181186	4496.5257926149
4472	2088.7902774262	2484.1258473731	4495.4061515624	4484.4392427716	4496.5846782538
4473	2090.4505569031	2484.1081972456	4495.3356859047	4484.3450149033	4496.6439782632
4474	2091.9788689388	2484.3489544143	4495.2776793432	4484.2545677123	4496.7036384870
4475	2093.3608711402	2484.8698574553	4495.2314862426	4484.1677343970	4496.7636047686
4476	2094.5822211138	2485.6926449449	4495.1964609676	4484.0843481559	4496.8238229519
4477	2095.6285764663	2486.8390554592	4495.1719578830	4484.0042421877	4496.8842388805
4478	2096.4855948044	2488.3224621195	4495.1573313535	4483.9272496908	4496.9447983980
4479	2097.1389337349	2490.1227762287	4495.1519357437	4483.8532038637	4497.0054473482
4480	2097.5742508643	2492.2115436347	4495.1551254185	4483.7819379050	4497.0661315747
4481	2097.7772037994	2494.5603101856	4495.1662547424	4483.7132850131	4497.1267969213
4482	2097.7334501469	2497.1406217294	4495.1846780804	4483.6470783866	4497.1873892315
4483	2097.4334265973	2499.9240241142	4495.2097497969	4483.5831512241	4497.2478543491
4484	2096.8866861770	2502.8820631879	4495.2408242568	4483.5213367240	4497.3081381178
4485	2096.1075609962	2505.9862847987	4495.2772558249	4483.4614680848	4497.3681863813
4486	2095.1103831651	2509.2082347946	4495.3183988657	4483.4033785051	4497.4279449831
4487	2093.9094847940	2512.5194590236	4495.3636077441	4483.3469011833	4497.4873597671
4488	2092.5191979930	2515.8915033337	4495.4122368247	4483.2918693181	4497.5463765768
4489	2090.9538548724	2519.2959135730	4495.4636404723	4483.2381161079	4497.6049412560
4490	2089.2277875424	2522.7042355895	4495.5171730515	4483.1854747513	4497.6629996483
4491	2087.3553281132	2526.0880152313	4495.5721889272	4483.1337784467	4497.7204975975
4492	2085.3508086951	2529.4187983463	4495.6280424639	4483.0828603927	4497.7773809472
4493	2083.2285613982	2532.6681307827	4495.6840880265	4483.0325537878	4497.8335955411
4494	2081.0029183329	2535.8075583885	4495.7396799797	4482.9826918305	4497.8890872228
4495	2078.6882116092	2538.8086270116	4495.7941726881	4482.9331077194	4497.9438018361
4496	2076.2987733375	2541.6428825002	4495.8469205165	4482.8836346529	4497.9976852246
4497	2073.8489356280	2544.2818707023	4495.8972778296	4482.8341058296	4498.0506832320
4498	2071.3530305909	2546.6971374658	4495.9445989921	4482.7843544480	4498.1027417021
4499	2068.8253903364	2548.8602286390	4495.9882383688	4482.7342137066	4498.1538064783
4500	2066.2803469747	2550.7426900697	4496.0275503243	4482.6835168040	4498.2038234046
4501	2063.7322326161	2552.3160676060	4496.0618892234	4482.6320969386	4498.2527383245
4502	2061.1953793708	2553.5519070960	4496.0906094308	4482.5797873090	4498.3004970817
4503	2058.6841193489	2554.4217543876	4496.1130653113	4482.5264211136	4498.3470455199
4504	2056.2127846609	2554.9041638659	4496.1286112294	4482.4718315511	4498.3923294828
4505	2053.7957074167	2555.0057240627	4496.1366015500	4482.4158518200	4498.4362948140
4506	2051.4472197268	2554.7400320471	4496.1363906377	4482.3583151186	4498.4788873573
4507	2049.1816537012	2554.1206848880	4496.1274970078	4482.2990546457	4498.5200529563
4508	2047.0133414502	2553.1612796543	4496.1100957772	4482.2379035996	4498.5597374547
4509	2044.9566150841	2551.8754134148	4496.0845262134	4482.1746951790	4498.5978866962
4510	2043.0258067131	2550.2766832386	4496.0511275837	4482.1092625822	4498.6344465245
4511	2041.2352484474	2548.3786861945	4496.0102391555	4482.0414390080	4498.6693627831
4512	2039.5992723972	2546.1950193514	4495.9622001964	4481.9710576546	4498.7025813160
4513	2038.1290106067	2543.7392797782	4495.9073499738	4481.8979517208	4498.7340479666
4514	2036.8227948567	2541.0250645439	4495.8460277550	4481.8219544050	4498.7637085787
4515	2035.6757568618	2538.0659707173	4495.7785728075	4481.7428989057	4498.7915089960
4516	2034.6830283365	2534.8852082092	4495.7053243987	4481.6606184214	4498.8173950621
4517	2033.8397409957	2531.5444382976	4495.6266217961	4481.5749461508	4498.8413126208
4518	2033.1410265538	2528.1149351021	4495.5428042670	4481.4857152921	4498.8632075157
4519	2032.5820167257	2524.6679727426	4495.4542110790	4481.3927590441	4498.8830255905
4520	2032.1578432259	2521.2748253388	4495.3611814994	4481.2959106052	4498.9007126888
4521	2031.8636377691	2615.2100000000	4495.2640547956	4481.1950031740	4498.9162146544
4522	2031.6945320699	2514.9350718774	4495.1631702351	4481.0898699489	4498.9294773309
4523	2031.6456578431	2512.1310140593	4495.0588670853	4480.9804182071	4498.9404630534
4524	2031.7121468033	2509.6658676759	4494.9514846137	4480.8668515405	4498.9492001222
4525	2031.8891306651	2507.5942299950	4494.8413620876	4480.7494476193	4498.9557333290
4526	2032.1717411432	2505.9039908760	4494.7288387745	4480.6284841140	4498.9601074655
4527	2032.5551099523	2504.5663633262	4494.6142539418	4480.5042386950	4498.9623673235
4528	2033.0343688070	2503.5525603530	4494.4979468570	4480.3769890327	4498.9625576945
4529	2033.6046494220	2502.8337949637	4494.3802567874	4480.2470127976	4498.9607233704
4530	2034.2610835119	2502.3812801657	4494.2615230006	4480.1145876600	4498.9569091427
4531	2034.9988027914	2502.1662289664	4494.1420847638	4479.9799912903	4498.9511598033
4532	2035.8129389751	2502.1598543731	4494.0222813446	4479.8435013589	4498.9435201437
4533	2036.6986237778	2502.3333693932	4493.9024520103	4479.7053955363	4498.9340349558
4534	2037.6509889140	2502.6579870340	4493.7829360285	4479.5659514929	4498.9227490312
4535	2038.6651660984	2503.1049203029	4493.6640726665	4479.4254468990	4498.9097071615
4536	2039.7362870458	2503.6453822072	4493.5462011917	4479.2841594251	4498.8949541386
4537	2040.8594834707	2504.2505857543	4493.4296608717	4479.1423667416	4498.8785347540
4538	2042.0298870877	2504.8917439517	4493.3147909737	4479.0003465188	4498.8604937996
4539	2043.2426296117	2505.5400698065	4493.2019307653	4478.8583764273	4498.8408760669
4540	2044.4928427572	2506.1667763262	4493.0914195138	4478.7167341373	4498.8197263477
4541	2045.7756582388	2506.7430765181	4492.9835964867	4478.5756973193	4498.7970894337
4542	2047.0862077713	2507.2401833897	4492.8788009514	4478.4355436438	4498.7730101166
4543	2048.4196230693	2507.6293099482	4492.7773721754	4478.2965507811	4498.7475331881
4544	2049.7710358474	2507.8816692010	4492.6796494260	4478.1589964016	4498.7207034399
4545	2051.1355778204	2507.9684741555	4492.5859719707	4478.0231581757	4498.6925656636
4546	2052.5083807028	2507.8609378190	4492.4966790769	4477.8893137739	4498.6631646511
4547	2053.8845762094	2507.5374412814	4492.4121100121	4477.7577408665	4498.6325451939
4548	2055.2592960547	2507.0050379629	4492.3326040437	4477.6287171240	4498.6007520838
4549	2056.6276719535	2506.2779493660	4492.2585004390	4477.5025202167	4498.5678301124
4550	2057.9848356204	2505.3703969936	4492.1901384656	4477.3794278152	4498.5338240716
4551	2059.3259187701	2504.2966023481	4492.1278573908	4477.2597175896	4498.4987787529
4552	2060.6460531171	2503.0707869323	4492.0719964822	4477.1436672106	4498.4627389481
4553	2061.9403703763	2501.7071722488	4492.0228950070	4477.0315543485	4498.4257494488
4554	2063.2040022622	2500.2199798004	4491.9808922327	4476.9236566736	4498.3878550468
4555	2064.4320804895	2498.6234310895	4491.9462369081	4476.8202518565	4498.3491005338
4556	2065.6197367729	2496.9317476190	4491.9188157073	4476.7216175675	4498.3095307015
4557	2066.7621028270	2495.1591508914	4491.8984247854	4476.6280314770	4498.2691903415
4558	2067.8543103665	2493.3198624094	4491.8848602980	4476.5397712554	4498.2281242456
4559	2068.8914911060	2491.4281036757	4491.8779184003	4476.4571145731	4498.1863772054
4560	2069.8697440052	2489.4980961930	4491.8773952477	4476.3803391006	4498.1439940127
4561	2070.7890370043	2487.5440614638	4491.8830869954	4476.3097225083	4498.1010194592
4562	2071.6503052883	2485.5802209908	4491.8947897990	4476.2455424665	4498.0574983365
4563	2072.4544840424	2483.6207962768	4491.9122998137	4476.1880766456	4498.0134754364
4564	2073.2025084517	2481.6800088243	4491.9354131948	4476.1376027161	4497.9689955505
4565	2073.8953137013	2479.7720801360	4491.9639260977	4476.0943983484	4497.9241034706
4566	2074.5338349763	2477.9112317146	4491.9976346777	4476.0587412129	4497.8788439883
4567	2075.1190074618	2476.1116850627	4492.0363350902	4476.0309089800	4497.8332618954
4568	2075.6517663430	2474.3876616830	4492.0798234905	4476.0111793200	4497.7874019835
4569	2076.1330468050	2472.7533830781	4492.1278960341	4475.9997588440	4497.7413090444
4570	2076.5637840330	2471.2230707508	4492.1803488761	4475.9965699249	4497.6950278697
4571	2076.9449132119	2469.8109462035	4492.2369781719	4476.0014638761	4497.6486032511
4572	2077.2773695271	2468.5312309392	4492.2975800770	4476.0142920111	4497.6020799804
4573	2077.5620881635	2467.3981464602	4492.3619507466	4476.0349056435	4497.5555028492
4574	2077.8000043063	2466.4259142694	4492.4298863361	4476.0631560867	4497.5089166493
4575	2077.9920531406	2465.6287558694	4492.5011830008	4476.0988946541	4497.4623661723
4576	2078.1391698516	2465.0208927629	4492.5756368961	4476.1419726593	4497.4158962100
4577	2078.2422896244	2464.6165464524	4492.6530441773	4476.1922414157	4497.3695515540
4578	2078.3023476441	2464.4299384407	4492.7332009998	4476.2495522368	4497.3233769960
4579	2078.3202790958	2464.4752902304	4492.8159035189	4476.3137564361	4497.2774173277
4580	2078.2970191646	2464.7668233241	4492.9009478899	4476.3847053270	4497.2317173409
4581	2078.2335030357	2465.3187592246	4492.9881302682	4476.4622502231	4497.1863218272
4582	2078.1306658942	2466.1453194345	4493.0772468091	4476.5462424378	4497.1412755783
4583	2077.9894429252	2467.2607254564	4493.1680936681	4476.6365332846	4497.0966233859
4584	2077.8107693138	2468.6791987930	4493.2604670003	4476.7329740770	4497.0524100418
4585	2077.5955802452	2470.4067431619	4493.3541629612	4476.8354161284	4497.0086803376
4586	2077.3448109044	2472.4164911402	4493.4489777061	4476.9437107523	4496.9654790650
4587	2077.0593964767	2474.6733575200	4493.5447073904	4477.0577092622	4496.9228510157
4588	2076.7402721471	2477.1422570933	4493.6411481693	4477.1771643622	4496.8808409815
4589	2076.3883731007	2479.7881046523	4493.7380961983	4477.3014343185	4496.8394937539
4590	2076.0046345226	2482.5758149889	4493.8353476327	4477.4297787879	4496.7988541248
4591	2075.5899915981	2485.4703028952	4493.9326986277	4477.5614574271	4496.7589668858
4592	2075.1453795122	2488.4364831634	4494.0299453389	4477.6957298932	4496.7198768286
4593	2074.6717334500	2491.4392705854	4494.1268839215	4477.8318558427	4496.6816287449
4594	2074.1699885966	2494.4435799534	4494.2233105308	4477.9690949326	4496.6442674264
4595	2073.6410801373	2497.4143260594	4494.3190358595	4478.1067068197	4496.6078376648
4596	2073.0859432570	2500.3164236954	4494.4139287495	4478.2439511608	4496.5723842518
4597	2072.5055131410	2503.1147876536	4494.5078725799	4478.3800876126	4496.5379519792
4598	2071.9007249743	2505.7743327259	4494.6007507299	4478.5143758321	4496.5045856385
4599	2071.2725139421	2508.2599737045	4494.6924465787	4478.6460754759	4496.4723300215
4600	2070.6218152294	2510.5366253814	4494.7828435054	4478.7744462010	4496.4412299199
4601	2069.9495640215	2512.5692025487	4494.8718248891	4478.8987476641	4496.4113301255
4602	2069.2566955034	2514.3226199985	4494.9592741091	4479.0182395221	4496.3826754298
4603	2068.5441448603	2515.7617925227	4495.0450745446	4479.1321814317	4496.3553106246
4604	2067.8128472772	2516.8604700852	4495.1291095746	4479.2398330498	4496.3292805016
4605	2067.0637379394	2517.6277433362	4495.2112625783	4479.3404540332	4496.3046298525
4606	2066.2977520318	2518.0815380976	4495.2914169349	4479.4333040387	4496.2814034690
4607	2065.5158247398	2518.2397801913	4495.3694560236	4479.5176427231	4496.2596461427
4608	2064.7188912482	2518.1203954394	4495.4452632236	4479.5927297433	4496.2394026655
4609	2063.9078867424	2517.7413096637	4495.5187219139	4479.6578247559	4496.2207178289
4610	2063.0837464074	2517.1204486861	4495.5897154738	4479.7121874179	4496.2036364247
4611	2062.2474054283	2516.2757383285	4495.6581272824	4479.7552556054	4496.1881773119
4612	2061.3997989903	2515.2251044130	4495.7238407189	4479.7871800717	4496.1742556185
4613	2060.5418622785	2513.9864727614	4495.7867391625	4479.8082897895	4496.1617605399
4614	2059.6745304779	2512.5777691957	4495.8467059922	4479.8189137315	4496.1505812715
4615	2058.7987387738	2511.0169195377	4495.9036245874	4479.8193808703	4496.1406070086
4616	2057.9154223513	2509.3218496094	4495.9573783271	4479.8100201787	4496.1317269465
4617	2057.0255163954	2507.5104852328	4496.0078505905	4479.7911606292	4496.1238302806
4618	2056.1299560913	2505.6007522297	4496.0549247568	4479.7631311946	4496.1168062063
4619	2055.2296766241	2503.6105764222	4496.0984842051	4479.7262608476	4496.1105439189
4620	2054.3256131790	2501.5578836320	4496.1384123146	4479.6808785607	4496.1049326138
4621	2053.4187009410	2499.4605996812	4496.1745924645	4479.6273133067	4496.0998614863
4622	2052.5098750953	2497.3366503916	4496.2069080339	4479.5658940583	4496.0952197318
4623	2051.6000708270	2495.2039615853	4496.2352424020	4479.4969497881	4496.0908965457
4624	2050.6902233212	2493.0804590841	4496.2594789479	4479.4208094689	4496.0867811232
4625	2049.7812677631	2490.9840687099	4496.2795010509	4479.3378020731	4496.0827626598
4626	2048.8741393378	2488.9327162848	4496.2951920900	4479.2482565737	4496.0787303508
4627	2047.9697732303	2486.9443276305	4496.3064354445	4479.1525019431	4496.0745733916
4628	2047.0691046259	2485.0368285691	4496.3131144936	4479.0508671541	4496.0701809775
4629	2046.1730687096	2483.2281449224	4496.3151126163	4478.9436811794	4496.0654423038
4630	2045.2826006665	2481.5325404576	4496.3123131918	4478.8312729916	4496.0602465660
4631	2044.3986356819	2479.9496307218	4496.3045995994	4478.7139715634	4496.0544829593
4632	2043.5221089407	2478.4753692077	4496.2918552181	4478.5921058675	4496.0480406792
4633	2042.6539556282	2477.1057094076	4496.2739634271	4478.4660048766	4496.0408089210
4634	2041.7951109295	2475.8366048139	4496.2508076057	4478.3359975632	4496.0326768801
4635	2040.9465100296	2474.6640089191	4496.2222711329	4478.2024129002	4496.0235337517
4636	2040.1090881137	2473.5838752157	4496.1882373879	4478.0655798601	4496.0132687313
4637	2039.2837803669	2472.5921571961	4496.1485897499	4477.9258274157	4496.0017710142
4638	2038.4715219744	2471.6848083528	4496.1032115981	4477.7834845396	4495.9889297958
4639	2037.6732481212	2470.8577821781	4496.0519863116	4477.6388802044	4495.9746342714
4640	2036.8898939925	2470.1070321645	4495.9947972696	4477.4923433829	4495.9587736364
4641	2036.1223947735	2469.4285118046	4495.9315278512	4477.3442030477	4495.9412370861
4642	2035.3716856491	2468.8181745906	4495.8620614357	4477.1947881716	4495.9219138159
4643	2034.6387018046	2468.2719740151	4495.7862814021	4477.0444277271	4495.9006930211
4644	2033.9243784251	2467.7858635705	4495.7040711296	4476.8934506869	4495.8774638971
4645	2148.8659667969	2467.3557967492	4495.6153139975	4476.7421860238	4495.8521156393
4646	2155.3649902344	2466.9777270437	4495.5198933848	4476.5909627103	4495.8245374430
4647	2160.4544677734	2466.6476079464	4495.4176926707	4476.4401097192	4495.7946185035
4648	2164.5029296875	2466.3613929498	4495.3085952345	4476.2899560232	4495.7622480163
4649	2167.8375244141	2466.1150355463	4495.1924844552	4476.1408305948	4495.7273151767
4650	2170.7441406250	2465.9044892284	4495.0692437120	4475.9930624068	4495.6897091799
4651	2173.4687500000	2465.7257074885	4494.9387563841	4475.8469804319	4495.6493192215
4652	2176.2169189453	2465.5746438190	4494.8009058507	4475.7029136427	4495.6060344967
4653	2179.1519775391	2465.4472517124	4494.6557086134	4475.5611910119	4495.5597442008
4654	2182.3974609375	2465.3394846612	4494.5037136640	4475.4221415121	4495.5103375294
4655	2186.0356445312	2465.2472961577	4494.3456031167	4475.2860941161	4495.4577036776
4656	2190.1096191406	2465.1666396944	4494.1820590858	4475.1533777965	4495.4017318409
4657	2194.6206054688	2465.0934687638	4494.0137636856	4475.0243215260	4495.3423112146
4658	2199.5281982422	2465.0237368583	4493.8413990304	4474.8992542772	4495.2793309940
4659	2204.7534179688	2464.9533974703	4493.6656472344	4474.7785050229	4495.2126803746
4660	2210.1740722656	2464.8784040923	4493.4871904118	4474.6624027357	4495.1422485517
4661	2215.6297607422	2464.7947102168	4493.3067106770	4474.5512763882	4495.0679247206
4662	2220.9171142578	2464.6982693361	4493.1248901442	4474.4454549532	4494.9895980767
4663	2225.7935791016	2464.5850349428	4492.9424109277	4474.3452674033	4494.9071578153
4664	2229.9754638672	2464.4509605292	4492.7599551417	4474.2513572373	4494.8205468424
4665	2233.1375732422	2464.2919995878	4492.5782049005	4474.1656260582	4494.7299229061
4666	2234.9154052734	2464.1041056111	4492.3978423184	4474.0902899953	4494.6354974651
4667	2234.9025878906	2463.8832320914	4492.2195495096	4474.0275651777	4494.5374819783
4668	2024.8102381277	2463.6253325213	4492.0440085884	4473.9796677346	4494.4360879042
4669	2024.8663615373	2463.3263603931	4491.8719016691	4473.9488137952	4494.3315267016
4670	2024.9654602252	2462.9822691994	4491.7039108660	4473.9372194887	4494.2240098292
4671	2025.1084693763	2462.5890124326	4491.5407182932	4473.9471009443	4494.1137487458
4672	2025.2963241758	2462.1425435850	4491.3830060651	4473.9806742910	4494.0009549101
4673	2025.5299598088	2461.6388161492	4491.2314562959	4474.0401556582	4493.8858397808
4674	2025.8103114605	2461.0737836176	4491.0867510999	4474.1277611750	4493.7686148167
4675	2026.1383143159	2460.4433994826	4490.9495725914	4474.2457069705	4493.6494914763
4676	2026.5149035602	2459.7462176303	4490.8206028846	4474.3953109053	4493.5286812186
4677	2026.9410143786	2458.9911935209	4490.7005240938	4474.5742977653	4493.4063955021
4678	2027.4175819561	2458.1898830081	4490.5900183333	4474.7794940675	4493.2828457857
4679	2027.9455414778	2457.3538419458	4490.4897677173	4475.0077263293	4493.1582435280
4680	2028.5258281290	2456.4946261878	4490.4004543601	4475.2558210676	4493.0328001877
4681	2029.1593770946	2455.6237915879	4490.3227603760	4475.5206047998	4492.9067272237
4682	2029.8468301087	2454.7528939999	4490.2573678791	4475.7989040430	4492.7802360946
4683	2030.5876551003	2453.8934892776	4490.2049589839	4476.0875453144	4492.6535382591
4684	2031.3810265474	2453.0571332748	4490.1662158045	4476.3833551311	4492.5268451759
4685	2032.2261189279	2452.2553818453	4490.1418204553	4476.6831600103	4492.4003683039
4686	2033.1221067198	2451.4997908429	4490.1324550504	4476.9837864692	4492.2743191016
4687	2034.0681644009	2450.8019161214	4490.1388017042	4477.2820610250	4492.1489090279
4688	2035.0634664492	2450.1733135347	4490.1615425309	4477.5748101948	4492.0243495414
4689	2036.1071873427	2449.6255389364	4490.2013596448	4477.8588604958	4491.9008521009
4690	2037.1985015591	2449.1701481805	4490.2589351601	4478.1310384452	4491.7786281650
4691	2038.3365835766	2448.8186971207	4490.3349511912	4478.3881705601	4491.6578891926
4692	2039.5206078730	2448.5827416108	4490.4300898522	4478.6276424846	4491.5388466424
4693	2040.7497489262	2448.4738375046	4490.5450332575	4478.8490763697	4491.4217119730
4694	2042.0231812142	2448.5035406560	4490.6804635213	4479.0526534934	4491.3066966432
4695	2043.3400792149	2448.6834069187	4490.8370627579	4479.2385551334	4491.1940121117
4696	2044.6996174062	2449.0249921465	4491.0155130815	4479.4069625678	4491.0838698372
4697	2046.1009702660	2449.5398521933	4491.2164966064	4479.5580570744	4490.9764812785
4698	2047.5433122723	2450.2395429128	4491.4406954469	4479.6920199311	4490.8720578942
4699	2049.0258179031	2451.1356201589	4491.6887917173	4479.8090324157	4490.7708111432
4700	2050.5476616361	2452.2396397853	4491.9614675318	4479.9092758063	4490.6729524841
4701	2052.1080179494	2453.5631576458	4492.2594050046	4479.9929313807	4490.5786933756
4702	2053.7060613209	2455.1110344678	4492.5832862501	4480.0601804168	4490.4882452765
4703	2055.3409662285	2456.8613504725	4492.9330053363	4480.1112041924	4490.4018196455
4704	2057.0119071502	2458.7854907547	4493.3053041470	4480.1461839856	4490.3196279414
4705	2058.7180585639	2460.8548404090	4493.6961365196	4480.1653010741	4490.2418816227
4706	2060.4585949474	2463.0407845302	4494.1014562917	4480.1687367359	4490.1687921483
4707	2062.2326907788	2465.3147082130	4494.5172173006	4480.1566722488	4490.1005709769
4708	2064.0395205359	2467.6479965523	4494.9393733841	4480.1292888909	4490.0374295672
4709	2065.8782586967	2470.0120346427	4495.3638783795	4480.0867679399	4489.9795793780
4710	2067.7471967369	2472.3782075790	4495.7866861244	4480.0292906737	4489.9272318679
4711	2069.6410941233	2474.7179004559	4496.2037504562	4479.9570383703	4489.8805984957
4712	2071.5538273205	2477.0024983681	4496.6110252126	4479.8701923075	4489.8398907200
4713	2073.4792727932	2479.2033864105	4497.0044642309	4479.7689337633	4489.8053199997
4714	2075.4113070059	2481.2919496777	4497.3800213488	4479.6535386173	4489.7770429960
4715	2077.3438064232	2483.2395732644	4497.7336504037	4479.5246611562	4489.7549971803
4716	2079.2706475097	2485.0176422655	4498.0613052331	4479.3830502686	4489.7390652264
4717	2081.1857067301	2486.5975417757	4498.3589396745	4479.2294548430	4489.7291298084
4718	2083.0828605489	2487.9506568896	4498.6225075655	4479.0646237679	4489.7250736002
4719	2084.9559854307	2489.0483727021	4498.8479627436	4478.8893059319	4489.7267792757
4720	2086.7989578402	2489.8620743079	4499.0312590462	4478.7042502234	4489.7341295088
4721	2088.6056542419	2490.3631468017	4499.1683503109	4478.5102055309	4489.7470069734
4722	2090.3699511005	2490.5229752782	4499.2551903752	4478.3079207430	4489.7652943436
4723	2092.0857248805	2490.3129448323	4499.2877330766	4478.0981447482	4489.7888742932
4724	2093.7468520465	2489.7161111954	4499.2619322526	4477.8816264350	4489.8176294961
4725	2095.3472090633	2488.7622126467	4499.1737417407	4477.6591146919	4489.8514426263
4726	2096.8806723952	2487.4926581020	4499.0191153785	4477.4313584075	4489.8901963578
4727	2098.3411185070	2485.9488564773	4498.7955426162	4477.1991064703	4489.9337733643
4728	2099.7224238633	2484.1722166883	4498.5066553554	4476.9631077687	4489.9820563200
4729	2101.0184649287	2482.2041476511	4498.1576211106	4476.7241111913	4490.0349278987
4730	2102.2231181677	2480.0860582815	4497.7536073960	4476.4828656266	4490.0922707743
4731	2103.3302600450	2477.8593574954	4497.2997817262	4476.2401199632	4490.1539676208
4732	2104.3337670251	2475.5654542087	4496.8013116156	4475.9966230895	4490.2199011121
4733	2105.2291328397	2473.2457573373	4496.2633645784	4475.7531238940	4490.2899539221
4734	2106.0183202883	2470.9416757971	4495.6911081291	4475.5103712654	4490.3640087248
4735	2106.7049094373	2468.6946185039	4495.0897097821	4475.2691140920	4490.4419481941
4736	2107.2924803534	2466.5459943737	4494.4643370519	4475.0301012624	4490.5236550039
4737	2107.7846131029	2464.5372123224	4493.8201574527	4474.7940816652	4490.6090118281
4738	2108.1848877525	2462.7096812658	4493.1623384990	4474.5618041888	4490.6979013408
4739	2108.4968843685	2461.1048101199	4492.4960477052	4474.3340177218	4490.7902062157
4740	2108.7241830176	2459.7640078006	4491.8264525857	4474.1114711527	4490.8858091269
4741	2108.8703637662	2458.7286832237	4491.1587206548	4473.8949133700	4490.9845927483
4742	2108.9390066808	2458.0402453051	4490.4980194270	4473.6850932622	4491.0864397538
4743	2108.9336918279	2457.7401029608	4489.8495164167	4473.4827597178	4491.1912328174
4744	2108.8579992741	2457.8586259089	4489.2183791383	4473.2886616254	4491.2988546129
4745	2108.7155090858	2458.3820270766	4488.6097751061	4473.1035478734	4491.4091878143
4746	2108.5098013295	2459.2854801936	4488.0288718346	4472.9281673504	4491.5221150956
4747	2108.2444560718	2460.5441589894	4487.4808368381	4472.7632689450	4491.6375191306
4748	2107.9230533791	2462.1332371936	4486.9708376311	4472.6096015455	4491.7552825933
4749	2107.5491733180	2464.0278885357	4486.5040417279	4472.4679140406	4491.8752881577
4750	2107.1263959550	2466.2032867453	4486.0856166430	4472.3389553187	4491.9974184976
4751	2106.6583013565	2468.6346055520	4485.7207298907	4472.2234742684	4492.1215562870
4752	2106.1484695891	2471.2970186852	4485.4133064228	4472.1222197782	4492.2475841998
4753	2105.6004807193	2474.1656998747	4485.1623009410	4472.0359407366	4492.3753849100
4754	2105.0179148136	2477.2158228498	4484.9654255842	4471.9653860321	4492.5048410914
4755	2104.4043519385	2480.4225613403	4484.8203924915	4471.9113045533	4492.6358354181
4756	2103.7633721604	2483.7610890756	4484.7249138018	4471.8744451886	4492.7682505639
4757	2103.0985555460	2487.2065797853	4484.6767016541	4471.8555568266	4492.9019692028
4758	2102.4134821617	2490.7342071990	4484.6734681875	4471.8553883558	4493.0368740087
4759	2101.7117320739	2494.3191450462	4484.7129255409	4471.8746886646	4493.1728476555
4760	2100.9968853493	2497.9365670566	4484.7927858534	4471.9142066417	4493.3097728172
4761	2100.2725220544	2501.5616469595	4484.9107612639	4471.9746911756	4493.4475321676
4762	2099.5422222555	2505.1695584847	4485.0645639115	4472.0565342637	4493.5860083809
4763	2098.8095660193	2508.7354753617	4485.2519059351	4472.1587003398	4493.7250841307
4764	2098.0781334122	2512.2345713200	4485.4704994738	4472.2797969466	4493.8646420912
4765	2097.3515045008	2515.6450050210	4485.7180566665	4472.4184316267	4494.0045649362
4766	2096.6332593515	2518.9568748534	4485.9922896523	4472.5732119230	4494.1447353396
4767	2095.9269780309	2522.1632641377	4486.2909105702	4472.7427453780	4494.2850359754
4768	2095.2362406055	2525.2572561942	4486.6116315591	4472.9256395346	4494.4253495176
4769	2094.5646271417	2528.2319343436	4486.9521647581	4473.1205019353	4494.5655586399
4770	2093.9157177060	2531.0803819063	4487.3102223062	4473.3259401230	4494.7055460165
4771	2093.2930923651	2533.7956822027	4487.6835163423	4473.5405616403	4494.8451943212
4772	2092.7003311853	2536.3709185533	4488.0697590055	4473.7629740300	4494.9843862279
4773	2092.1410142333	2538.7991742786	4488.4666624348	4473.9917848347	4495.1230044105
4774	2091.6187215754	2541.0735326992	4488.8719387691	4474.2256015971	4495.2609315431
4775	2091.1370332782	2543.1870771353	4489.2833001476	4474.4630318600	4495.3980502995
4776	2090.6995294082	2545.1328909077	4489.6984587091	4474.7026831661	4495.5342433537
4777	2090.3097900319	2546.9040573366	4490.1151265927	4474.9431630581	4495.6693933795
4778	2089.9713952159	2548.4936597426	4490.5310159374	4475.1830790786	4495.8033830510
4779	2089.6870060616	2549.8947814462	4490.9438388821	4475.4210387705	4495.9360950420
4780	2089.4556078111	2551.1005057678	4491.3513075660	4475.6556496763	4496.0674120265
4781	2089.2752667413	2552.1039160279	4491.7511341279	4475.8855193389	4496.1972166785
4782	2089.1440491293	2552.8980955471	4492.1410307070	4476.1092553009	4496.3253916717
4783	2089.0600212520	2553.4795936870	4492.5187094421	4476.3254651050	4496.4518196803
4784	2089.0212493864	2553.8588239747	4492.8818824723	4476.5327562939	4496.5763833780
4785	2089.0257998096	2554.0496659785	4493.2282619367	4476.7297364104	4496.6989654389
4786	2089.0717387986	2554.0659992668	4493.5555599741	4476.9150129971	4496.8194485369
4787	2089.1571326303	2553.9217034078	4493.8614887236	4477.0871935968	4496.9377153459
4788	2089.2800475818	2553.6306579699	4494.1437603243	4477.2448857522	4497.0536485398
4789	2089.4385499301	2553.2067425215	4494.4000869150	4477.3866970059	4497.1671307926
4790	2089.6307059522	2552.6638366308	4494.6281806349	4477.5112349008	4497.2780447781
4791	2089.8545819251	2552.0158198661	4494.8257536228	4477.6171069794	4497.3862731704
4792	2090.1082441258	2551.2765717959	4494.9905180179	4477.7029207845	4497.4916986434
4793	2090.3897588313	2550.4599719884	4495.1201859591	4477.7672838588	4497.5942038709
4794	2090.6971923186	2549.5799000119	4495.2124695854	4477.8088037451	4497.6936715269
4795	2091.0286108648	2548.6502354348	4495.2657316444	4477.8260879859	4497.7899842854
4796	2091.3820807468	2547.6848578254	4495.2809373177	4477.8177441241	4497.8830248203
4797	2091.7556682416	2546.6976467521	4495.2597023956	4477.7823797024	4497.9726758055
4798	2092.1474396262	2545.7024817831	4495.2036426684	4477.7186022633	4498.0588199149
4799	2092.5554611777	2544.7132424867	4495.1143739261	4477.6250193498	4498.1413398225
4800	2092.9777991731	2543.7438084314	4494.9935119591	4477.5002385044	4498.2201182022
4801	2093.4125198893	2542.8080591854	4494.8426725576	4477.3428672699	4498.2950377279
4802	2093.8576896034	2541.9198743170	4494.6634715119	4477.1520863636	4498.3660072411
4803	2094.3113745923	2541.0911539095	4494.4575246121	4476.9293692019	4498.4330402532
4804	2094.7716411332	2540.3258801050	4494.2264476485	4476.6767623757	4498.4961764430
4805	2095.2365555029	2539.6260555608	4493.9718564113	4476.3963124759	4498.5554554895
4806	2095.7041839785	2538.9936829340	4493.6953666907	4476.0900660935	4498.6109170715
4807	2096.1725928370	2538.4307648818	4493.3985942770	4475.7600698194	4498.6626008680
4808	2096.6398483555	2537.9393040612	4493.0831549605	4475.4083702446	4498.7105465579
4809	2097.1040168108	2537.5213031294	4492.7506645312	4475.0370139601	4498.7547938201
4810	2097.5631644801	2537.1787647436	4492.4027387795	4474.6480475567	4498.7953823334
4811	2098.0153576403	2536.9136915610	4492.0409934956	4474.2435176254	4498.8323517768
4812	2098.4586625684	2536.7280862385	4491.6670444698	4473.8254707572	4498.8657418292
4813	2098.8911455414	2536.6239514335	4491.2825074922	4473.3959535431	4498.8955921694
4814	2099.3108728364	2536.6032898030	4490.8889983530	4472.9570125739	4498.9219424764
4815	2099.7159107304	2536.6681040041	4490.4881328426	4472.5106944406	4498.9448324291
4816	2100.1043255003	2536.8203966941	4490.0815267511	4472.0590457343	4498.9643017063
4817	2100.4741834231	2537.0621705300	4489.6707958688	4471.6041130457	4498.9803899870
4818	2100.8235507760	2537.3954281690	4489.2575559859	4471.1479429659	4498.9931369501
4819	2101.1504938358	2537.8221722682	4488.8434228926	4470.6925820859	4499.0025822745
4820	2101.4530788796	2538.3444054848	4488.4300123792	4470.2400769965	4499.0087656390
4821	2101.7293721844	2538.9641304760	4488.0189402358	4469.7924742888	4499.0117267226
4822	2101.9774400272	2539.6833498987	4487.6118222528	4469.3518205536	4499.0115052042
4823	2102.1959218812	2540.5019114665	4487.2102742203	4468.9201623820	4499.0081407627
4824	2102.3857500046	2541.4110431173	4486.8159119286	4468.4995463648	4499.0016730769
4825	2102.5484298516	2542.3998178453	4486.4303511679	4468.0920190931	4498.9921418258
4826	2102.6854668767	2543.4573086448	4486.0552077285	4467.6996271577	4498.9795866883
4827	2102.7983665342	2544.5725885101	4485.6920974005	4467.3244171497	4498.9640473432
4828	2102.8886342783	2545.7347304352	4485.3426359742	4466.9684356599	4498.9455634696
4829	2102.9577755636	2546.9328074146	4485.0084392398	4466.6337292794	4498.9241747462
4830	2103.0072958442	2548.1558924424	4484.6911229876	4466.3223445990	4498.8999208520
4831	2103.0387005746	2549.3930585128	4484.3923030077	4466.0363282098	4498.8728414659
4832	2103.0534952091	2550.6333786200	4484.1135950905	4465.7777267026	4498.8429762667
4833	2103.0531852020	2551.8659257584	4483.8566150261	4465.5485866685	4498.8103649334
4834	2103.0392760077	2553.0797729221	4483.6229786048	4465.3509546983	4498.7750471449
4835	2103.0132730805	2554.2639931053	4483.4143016168	4465.1868773831	4498.7370625801
4836	2102.9766818748	2555.4076593023	4483.2321998523	4465.0584013137	4498.6964509179
4837	2102.9310078449	2556.4998445073	4483.0782891016	4464.9675730811	4498.6532518372
4838	2102.8777564451	2557.5296217146	4482.9541851549	4464.9164392764	4498.6075050168
4839	2102.8184331299	2558.4860639184	4482.8615038023	4464.9070464903	4498.5592501357
4840	2102.7545433535	2559.3582441128	4482.8018608343	4464.9414413139	4498.5085268728
4841	2102.6875925702	2560.1352352922	4482.7768720409	4465.0216703382	4498.4553749070
4842	2102.6190862345	2560.8061104508	4482.7876512290	4465.1497801540	4498.3998339171
4843	2102.5505298006	2561.3599425827	4482.8333042720	4465.3278173523	4498.3419435822
4844	2102.4834287230	2561.7858046823	4482.9124350596	4465.5578285241	4498.2817435810
4845	2102.4192884559	2562.0760986968	4483.0236474819	4465.8418602603	4498.2192735926
4846	2102.3596144537	2562.2365423864	4483.1655454286	4466.1819591519	4498.1545732957
4847	2102.3059121708	2562.2761824640	4483.3367327898	4466.5787835255	4498.0876823693
4848	2102.2596870614	2562.2040656428	4483.5358134552	4467.0274386502	4498.0186404922
4849	2102.2224445800	2562.0292386360	4483.7613913149	4467.5216415307	4497.9474873435
4850	2102.1956901808	2561.7607481566	4484.0120702587	4468.0551091720	4497.8742626020
4851	2102.1809293183	2561.4076409177	4484.2864541764	4468.6215585788	4497.7990059465
4852	2102.1796674467	2560.9789636325	4484.5831469581	4469.2147067559	4497.7217570560
4853	2102.1934100204	2560.4837630141	4484.9007524936	4469.8282707081	4497.6425556095
4854	2102.2236624937	2559.9310857756	4485.2378746728	4470.4559674401	4497.5614412857
4855	2102.2719303211	2559.3299786301	4485.5931173855	4471.0915139569	4497.4784537636
4856	2102.3397189567	2558.6894882908	4485.9650845218	4471.7286272631	4497.3936327221
4857	2102.4285338551	2558.0186614707	4486.3523799715	4472.3610243636	4497.3070178400
4858	2102.5398804704	2557.3265448829	4486.7536076245	4472.9824222631	4497.2186487964
4859	2102.6752642572	2556.6221852407	4487.1673713706	4473.5865379666	4497.1285652701
4860	2102.8361906696	2555.9146292571	4487.5922750999	4474.1670884786	4497.0368069399
4861	2103.0241651620	2555.2129236451	4488.0269227021	4474.7177908041	4496.9434134849
4862	2103.2406931889	2554.5261151181	4488.4699180673	4475.2323619479	4496.8484245838
4863	2103.4872802045	2553.8632503889	4488.9198650853	4475.7045189147	4496.7518799157
4864	2103.7654316632	2553.2315454402	4489.3753676459	4476.1279787094	4496.6538191593
4865	2104.0766530192	2552.6308933317	4489.8350296391	4476.4964583367	4496.5542819936
4866	2104.4224497271	2552.0593563925	4490.2974549549	4476.8036748014	4496.4533080976
4867	2104.8038138885	2551.5149969517	4490.7612474830	4477.0433451083	4496.3509371500
4868	2105.2196841954	2550.9958773386	4491.2250111134	4477.2106685747	4496.2472088298
4869	2105.6684859871	2550.5000598821	4491.6873497360	4477.3067737679	4496.1421628159
4870	2106.1486446030	2550.0256069115	4492.1468672407	4477.3342715674	4496.0358387872
4871	2106.6585853823	2549.5705807558	4492.6021675174	4477.2957728529	4495.9282764226
4872	2107.1967336644	2549.1330437443	4493.0518544560	4477.1938885041	4495.8195154010
4873	2107.7615147887	2548.7110582059	4493.4945319464	4477.0312294008	4495.7095954013
4874	2108.3513540946	2548.3026864699	4493.9288038784	4476.8104064225	4495.5985561024
4875	2108.9646769213	2547.9059908654	4494.3532741421	4476.5340304490	4495.4864371833
4876	2109.5999086081	2547.5190337215	4494.7665466272	4476.2047123598	4495.3732783227
4877	2110.2554744946	2547.1398773673	4495.1672252237	4475.8250630348	4495.2591191996
4878	2110.9297999199	2546.7665841320	4495.5539138215	4475.3976933536	4495.1439994929
4879	2111.6213102234	2546.3972163447	4495.9252163105	4474.9252141958	4495.0279588815
4880	2112.3284307445	2546.0298363345	4496.2797365806	4474.4102364411	4494.9110370443
4881	2113.0495868226	2545.6619241602	4496.6160785217	4473.8553709692	4494.7932736602
4882	2113.7832037969	2545.2886307992	4496.9331452477	4473.2632286597	4494.6747084081
4883	2114.5277070068	2544.9045249587	4497.2310367686	4472.6364203925	4494.5553809669
4884	2115.2815217917	2544.5041753458	4497.5101523185	4471.9775570470	4494.4353310156
4885	2116.0430734908	2544.0821506676	4497.7708911314	4471.2892495031	4494.3145982329
4886	2116.8107874436	2543.6330196312	4498.0136524414	4470.5741086403	4494.1932222978
4887	2117.5830889894	2543.1513509437	4498.2388354826	4469.8347453383	4494.0712428893
4888	2118.3584034675	2542.6317133122	4498.4468394890	4469.0737704769	4493.9486996861
4889	2119.1351562173	2542.0686754438	4498.6380636947	4468.2937949357	4493.8256323673
4890	2119.9117725781	2541.4568060457	4498.8129073336	4467.4974295944	4493.7020806116
4891	2120.6866778892	2540.7906738250	4498.9717696400	4466.6872853326	4493.5780840981
4892	2121.4582974901	2540.0648474887	4499.1150498477	4465.8659730300	4493.4536825056
4893	2122.2250567200	2539.2738957440	4499.2431471909	4465.0361035663	4493.3289155130
4894	2122.9853809183	2538.4123872980	4499.3564609037	4464.2002878212	4493.2038227992
4895	2123.7376954243	2537.4748908578	4499.4553902200	4463.3611366744	4493.0784440431
4896	2124.4804255774	2536.4559751305	4499.5403343739	4462.5212610054	4492.9528189236
4897	2125.2119967169	2535.3502088232	4499.6116925995	4461.6832716941	4492.8269871196
4898	2125.9308341822	2534.1521606430	4499.6698641309	4460.8497796201	4492.7009883101
4899	2126.6353633126	2532.8563992971	4499.7152482020	4460.0233956630	4492.5748621738
4900	2127.3240094475	2531.4574934926	4499.7482440470	4459.2067307025	4492.4486483898
4901	2127.9951979261	2529.9500119365	4499.7692508999	4458.4023956183	4492.3223866368
4902	2128.6473540879	2528.3285233360	4499.7786679947	4457.6130012901	4492.1961165939
4903	2129.2789032722	2526.5875963982	4499.7768945656	4456.8411585976	4492.0698779399
4904	2129.8882708183	2524.7217998302	4499.7643298465	4456.0894784203	4491.9437103537
4905	2130.4738820655	2522.7257023391	4499.7413730715	4455.3605716381	4491.8176535143
4906	2131.0341623533	2520.5938726320	4499.7084234746	4454.6570491306	4491.6917471004
4907	2131.5675370210	2518.3208794160	4499.6658802900	4453.9815217774	4491.5660307911
4908	2132.0724314078	2515.9012913983	4499.6141427517	4453.3366004582	4491.4405442651
4909	2132.5472708532	2513.3296772860	4499.5536100936	4452.7248960528	4491.3153272015
4910	2132.9909750428	2510.6006057861	4499.4846815500	4452.1484668520	4491.1904212352
4911	2133.4044410475	2507.7086456058	4499.4077563548	4451.6071607920	4491.0658758257
4912	2133.7890602846	2504.6483654522	4499.3232337420	4451.1002732202	4490.9417423884
4913	2134.1462241711	2501.4143340324	4499.2315129458	4450.6270994840	4490.8180723390
4914	2134.4773241245	2498.0011200535	4499.1329932002	4450.1869349308	4490.6949170930
4915	2134.7837515618	2494.4032922227	4499.0280737392	4449.7790749081	4490.5723280658
4916	2135.0668979003	2490.6267590560	4498.9171537970	4449.4028147632	4490.4503566731
4917	2135.3281545572	2486.7227883059	4498.8006326074	4449.0574498436	4490.3290543303
4918	2135.5689129498	2482.7539875340	4498.6789094047	4448.7422754966	4490.2084724531
4919	2135.7905644951	2478.7829643016	4498.5523834228	4448.4565870697	4490.0886624569
4920	2135.9945006106	2474.8723261704	4498.4214538958	4448.1996799103	4489.9696757572
4921	2136.1821127133	2471.0846807017	4498.2865200578	4447.9708493658	4489.8515637697
4922	2136.3547922205	2467.4826354570	4498.1479811428	4447.7693907836	4489.7343779099
4923	2136.5139305495	2464.1287979979	4498.0062363849	4447.5945995112	4489.6181695932
4924	2136.6609191173	2461.0857758858	4497.8616850181	4447.4457708958	4489.5029902352
4925	2136.7971493414	2458.4161766822	4497.7147262765	4447.3222002850	4489.3888912516
4926	2136.9240126387	2456.1679871113	4497.5657593941	4447.2231830262	4489.2759240577
4927	2137.0429004267	2454.3307105481	4497.4151836050	4447.1480144667	4489.1641400691
4928	2137.1552041224	2452.8792295302	4497.2633981432	4447.0959899540	4489.0535907014
4929	2137.2623151432	2451.7884265954	4497.1108022428	4447.0664048355	4488.9443273701
4930	2137.3656249062	2451.0331842813	4496.9577951378	4447.0585544586	4488.8364014908
4931	2137.4665248287	2450.5883851255	4496.8047760624	4447.0717341707	4488.7298644789
4932	2137.5664063278	2450.4289116658	4496.6521442504	4447.1052393192	4488.6247677501
4933	2137.6666608208	2450.5296464398	4496.5002989361	4447.1583652516	4488.5211627198
4934	2137.7686797249	2450.8654719853	4496.3496393535	4447.2304073152	4488.4191008036
4935	2137.8738544573	2451.4112708399	4496.2005647365	4447.3206608574	4488.3186334170
4936	2137.9835764352	2452.1419255412	4496.0534743193	4447.4284212257	4488.2198119755
4937	2138.0992370759	2453.0323186269	4495.9087673359	4447.5529837675	4488.1226878948
4938	2138.2222277966	2454.0573326348	4495.7668430204	4447.6936438302	4488.0273125903
4939	2138.3535884473	2455.1918501025	4495.6281006068	4447.8496967612	4487.9337374775
4940	2138.4929526098	2456.4107535677	4495.4929393292	4448.0204379079	4487.8420139721
4941	2138.6396022987	2457.6889255680	4495.3617584216	4448.2051626177	4487.7521934895
4942	2138.7928195286	2459.0012486412	4495.2349571181	4448.4031662380	4487.6643274453
4943	2138.9518863140	2460.3226053248	4495.1129346527	4448.6137441163	4487.5784672550
4944	2139.1160846695	2461.6278781567	4494.9960902595	4448.8361915999	4487.4946643341
4945	2139.2846966098	2462.8919496744	4494.8848231726	4449.0698040363	4487.4129700982
4946	2139.4570041494	2464.0897024157	4494.7795326259	4449.3138767729	4487.3334359629
4947	2139.6322893030	2465.1960189181	4494.6806178536	4449.5677051570	4487.2561133436
4948	2139.8098340851	2466.1857817195	4494.5884780897	4449.8305845362	4487.1810536559
4949	2139.9889205103	2467.0338733575	4494.5035125682	4450.1018102577	4487.1083083153
4950	2140.1688305931	2467.7221796392	4494.4261205233	4450.3806776691	4487.0379287374
4951	2140.3488463483	2468.2605994499	4494.3567011889	4450.6664821177	4486.9699663377
4952	2140.5282497904	2468.6660349443	4494.2956537991	4450.9585189510	4486.9044725317
4953	2140.7063229340	2468.9553882771	4494.2433775880	4451.2560835163	4486.8414987350
4954	2140.8823477936	2469.1455616031	4494.2002717896	4451.5584711611	4486.7810963632
4955	2141.0556063839	2469.2534570769	4494.1667356380	4451.8649772327	4486.7233168316
4956	2141.2253807194	2469.2959768534	4494.1431683672	4452.1748970786	4486.6682115560
4957	2141.3909528148	2469.2900230872	4494.1299692112	4452.4875260462	4486.6158319517
4958	2141.5516046847	2469.2524979330	4494.1275374042	4452.8021594830	4486.5662294345
4959	2141.7066183436	2469.2003035457	4494.1361500089	4453.1180927362	4486.5194554197
4960	2141.8552758061	2469.1503420798	4494.1555954024	4453.4346211534	4486.4755613229
4961	2141.9968590869	2469.1195156902	4494.1855397907	4453.7510400819	4486.4345985597
4962	2142.1306502004	2469.1247265315	4494.2256493797	4454.0666448692	4486.3966185456
4963	2142.2559311614	2469.1828767586	4494.2755903753	4454.3807308626	4486.3616726962
4964	2142.3719839844	2469.3108685260	4494.3350289834	4454.6925934096	4486.3298124269
4965	2142.4780906839	2469.5256039886	4494.4036314098	4455.0015278576	4486.3010891533
4966	2142.5735332747	2469.8439853010	4494.4810638606	4455.3068295540	4486.2755542910
4967	2142.6575937712	2470.2829146181	4494.5669925415	4455.6077938462	4486.2532592555
4968	2142.7295541881	2470.8592940944	4494.6610836585	4455.9037160816	4486.2342554623
4969	2142.7886965400	2471.5900258848	4494.7630034175	4456.1940549023	4486.2185943269
4970	2142.8343028414	2472.4920121440	4494.8724180245	4456.4789221289	4486.2063272649
4971	2142.8656551070	2473.5821550266	4494.9889936851	4456.7585928769	4486.1975056918
4972	2142.8820353514	2474.8773566875	4495.1123966055	4457.0333422613	4486.1921810233
4973	2142.8827255890	2476.3945192813	4495.2422929915	4457.3034453978	4486.1904046747
4974	2142.8670078346	2478.1505449628	4495.3783490490	4457.5691774014	4486.1922280616
4975	2142.8341641027	2480.1623358867	4495.5202309838	4457.8308133876	4486.1977025996
4976	2142.7834764079	2482.4467942077	4495.6676050020	4458.0886284716	4486.2068797043
4977	2142.7142267649	2485.0208220805	4495.8201373093	4458.3428977689	4486.2198107910
4978	2142.6256971881	2487.9013216599	4495.9774941117	4458.5938963946	4486.2365472755
4979	2142.5171696922	2491.1051951006	4496.1393416151	4458.8418994642	4486.2571405731
4980	2142.3879262918	2494.5957562603	4496.3053460254	4459.0871820929	4486.2816420996
4981	2142.2372490015	2498.1219658086	4496.4751735486	4459.3300193961	4486.3101032703
4982	2142.0644198358	2501.3791961179	4496.6484903904	4459.5706864891	4486.3425755008
4983	2141.8687208095	2504.0628195607	4496.8249627567	4459.8094584872	4486.3791102067
4984	2141.6494339369	2505.8682085095	4497.0042568536	4460.0466105057	4486.4197588035
4985	2141.4058412328	2506.4907353369	4497.1860388869	4460.2824176600	4486.4645727067
4986	2141.1372247118	2505.6257724154	4497.3699750625	4460.5171550653	4486.5136033319
4987	2140.8428663884	2502.9686921174	4497.5557315863	4460.7510978370	4486.5669020946
4988	2140.5220482772	2498.2148668154	4497.7429746641	4460.9845210905	4486.6245204103
4989	2140.1740523928	2491.2577430251	4497.9313705020	4461.2176999409	4486.6865096947
4990	2139.7981607499	2482.7830638339	4498.1205853057	4461.4509095037	4486.7529213631
4991	2139.3936553629	2473.6746464723	4498.3102852813	4461.6844248942	4486.8238068312
4992	2138.9603341377	2464.8163081711	4498.5001366345	4461.9185212277	4486.8992175145
4993	2138.5000585446	2457.0918661608	4498.6898055714	4462.1534736195	4486.9792048285
4994	2138.0152059449	2451.3851376719	4498.8789582977	4462.3895571849	4487.0638201887
4995	2137.5081537003	2448.5799399350	4499.0672610195	4462.6270470392	4487.1531150108
4996	2136.9812791720	2449.5600901806	4499.2543799425	4462.8662182978	4487.2471407102
4997	2136.4369597216	2454.9271570784	4499.4399812727	4463.1073460760	4487.3459487025
4998	2135.8775727105	2464.1537150531	4499.6237312161	4463.3507054892	4487.4495904031
4999	2135.3054955002	2476.4300899688	4499.8052959784	4463.5965716525	4487.5581172277
5000	2134.7231054522	2490.9466076893	4499.9843417656	4463.8452196814	4487.6715805918
5001	2134.1327799278	2506.8935940785	4500.1605347837	4464.0969246912	4487.7900319109
5002	2133.5368962886	2523.4613750003	4500.3335412384	4464.3519617971	4487.9135226005
5003	2132.9378318961	2539.8402763184	4500.5030273357	4464.6106061146	4488.0421040763
5004	2132.3379641115	2555.2206238970	4500.6686592815	4464.8731327589	4488.1758277536
5005	2131.7396702965	2568.7927435997	4500.8301032818	4465.1398168453	4488.3147450481
5006	2131.1453278124	2579.7469612905	4500.9870255423	4465.4109334892	4488.4589073754
5007	2130.5573140208	2587.4742076239	4501.1390922690	4465.6867578059	4488.6083661508
5008	2129.9780062831	2592.1678324168	4501.2859696679	4465.9675649107	4488.7631727900
5009	2129.4097819607	2594.2217902767	4501.4274003976	4466.2536299190	4488.9233787085
5010	2128.8550184151	2594.0300358113	4501.5634329286	4466.5452279459	4489.0890353219
5011	2128.3160930077	2591.9865236279	4501.6941921840	4466.8425008305	4489.2601525715
5012	2127.7953831000	2588.4852083343	4501.8198030871	4467.1450573058	4489.4365745028
5013	2127.2952660535	2744.7100000000	4501.9403905612	4467.4523728284	4489.6181036869
5014	2126.8181192296	2578.6849868461	4502.0560795294	4467.7639228550	4489.8045426951
5015	2126.3663199898	2573.1739898667	4502.1669949151	4468.0791828421	4489.9956940986
5016	2125.9422456955	2567.7810082071	4502.2732616413	4468.3976282464	4490.1913604686
5017	2125.5482737082	2562.8999964749	4502.3750046315	4468.7187345246	4490.3913443764
5018	2125.1867813893	2558.9249092775	4502.4723488087	4469.0419771332	4490.5954483932
5019	2124.8601461003	2556.2137255913	4502.5654190963	4469.3668315288	4490.8034750902
5020	2124.5707452026	2554.9805218671	4502.6543404174	4469.6927731681	4491.0152270387
5021	2124.3209560577	2555.4033989242	4502.7392376953	4470.0192775078	4491.2305068098
5022	2124.1131560271	2557.6604575822	4502.8202358533	4470.3458200044	4491.4491169749
5023	2123.9497224722	2561.9297986606	4502.8974598145	4470.6718761146	4491.6708601051
5024	2123.8330327545	2568.3895229789	4502.9710345023	4470.9969212949	4491.8955387718
5025	2123.7654642354	2576.8359960176	4503.0410848397	4471.3204310021	4492.1229555460
5026	2123.7493942764	2585.5386419023	4503.1077357502	4471.6418806927	4492.3529129990
5027	2123.7872002389	2592.3851494193	4503.1711121568	4471.9607458234	4492.5852137022
5028	2123.8812594843	2595.2632073552	4503.2313389828	4472.2765018508	4492.8196602266
5029	2124.0339493743	2592.6647783256	4503.2885411516	4472.5886242315	4493.0560551436
5030	2124.2476472701	2585.4989202626	4503.3428435862	4472.8965884222	4493.2942010244
5031	2124.5247305333	2575.2789649272	4503.3943712099	4473.1998698794	4493.5339004401
5032	2124.8675765252	2563.5182440805	4503.4432489461	4473.4979440598	4493.7749559621
5033	2125.2785626075	2551.7300894836	4503.4896017178	4473.7902864200	4494.0171701616
5034	2125.7600661414	2541.4278328977	4503.5335544483	4474.0763724167	4494.2603456097
5035	2126.3135712876	2534.1248060839	4503.5752320609	4474.3556775064	4494.5042848778
5036	2126.9369894024	2531.3343408032	4503.6147594788	4474.6276771459	4494.7487905371
5037	2127.6273386415	2534.0563464964	4503.6522616253	4474.8918467916	4494.9936651587
5038	2128.3816371603	2541.2370433230	4503.6878634235	4475.1476619003	4495.2387113139
5039	2129.1969031144	2551.3092291222	4503.7216897966	4475.3945979286	4495.4837315740
5040	2130.0701546593	2562.7057017331	4503.7538656681	4475.6321303330	4495.7285285102
5041	2130.9984099506	2573.8592589947	4503.7845159610	4475.8597345703	4495.9729046937
5042	2131.9786871437	2583.2026987463	4503.8137655985	4476.0768860970	4496.2166626957
5043	2133.0080043941	2589.1688188270	4503.8417395040	4476.2830603698	4496.4596050876
5044	2421.0976562500	2590.1904170759	4503.8685626007	4476.4777328452	4496.7015344404
5045	2452.4140625000	2584.7002913321	4503.8943598118	4476.6603789800	4496.9422533254
5046	2468.3007812500	2572.0219422139	4503.9192560605	4476.8304742308	4497.1815643140
5047	2473.4882812500	2555.0416814556	4503.9433762700	4476.9874940541	4497.4192699772
5048	2472.1132812500	2537.5365235707	4503.9668453637	4477.1309139065	4497.6551728864
5049	2467.6367187500	2523.2834830725	4503.9897882646	4477.2602092449	4497.8890756127
5050	2462.8085937500	2515.1372379677	4504.0123157525	4477.3754244744	4498.1207807274
5051	2459.7695312500	2512.2631202349	4504.0344820322	4477.4788797956	4498.3500908018
5052	2459.9960937500	2512.9041253459	4504.0563271651	4477.5734643579	4498.5768084070
5053	2464.2460937500	2515.3032487724	4504.0778912123	4477.6620673104	4498.8007361143
5054	2472.6835937500	2517.7034859864	4504.0992142352	4477.7475778025	4499.0216764949
5055	2484.8007812500	2518.3478324596	4504.1203362951	4477.8328849835	4499.2394321201
5056	2499.3632812500	2515.4792836637	4504.1412974533	4477.9208780025	4499.4538055611
5057	2514.5351562500	2508.0302587522	4504.1621377709	4478.0144460090	4499.6645993890
5058	2527.8398437500	2497.6908716048	4504.1828973094	4478.1164781522	4499.8716161753
5059	2536.0390625000	2486.8406597830	4504.2036161299	4478.2298635813	4500.0746584910
5060	2535.3398437500	2477.8591608482	4504.2243342939	4478.3574914456	4500.2735289074
5061	2521.2265625000	2473.1259123618	4504.2450918624	4478.5022508945	4500.4680299957
5062	2488.5390625000	2474.2136978854	4504.2659288970	4478.6670310772	4500.6579643272
5063	2159.3007209639	2479.4682849819	4504.2868854587	4478.8547211430	4500.8431344731
5064	2160.6710733459	2486.4286872143	4504.3080016089	4479.0682102412	4501.0233430047
5065	2162.0248652068	2492.6339181455	4504.3293174089	4479.3103875209	4501.1983924931
5066	2163.3591147023	2496.1010190284	4504.3508729199	4479.5841421317	4501.3680855096
5067	2164.6708399877	2496.7591418754	4504.3727082033	4479.8923632226	4501.5322246254
5068	2165.9570592187	2495.0154663884	4504.3948633203	4480.2379399430	4501.6906124118
5069	2167.2147905508	2491.2771722698	4504.4173783322	4480.6237614422	4501.8430514400
5070	2168.4410521394	2485.9514392216	4504.4402933002	4481.0527168694	4501.9893442812
5071	2169.6328621402	2479.4454469458	4504.4636482858	4481.5276953740	4502.1292935067
5072	2170.7872387086	2472.1663751448	4504.4874833500	4482.0498333910	4502.2627016876
5073	2171.9012000001	2464.5214035205	4504.5118385543	4482.6132564993	4502.3893713953
5074	2172.9717641703	2456.9177117752	4504.5367539599	4483.2103375635	4502.5091052009
5075	2173.9959493748	2449.7624796108	4504.5622696281	4483.8334494481	4502.6217056757
5076	2174.9707737690	2443.3835196356	4504.5884256201	4484.4749650179	4502.7269753909
5077	2175.8932555085	2437.7911760806	4504.6152619973	4485.1272571375	4502.8247169177
5078	2176.7604127487	2432.9164260831	4504.6428188209	4485.7826986714	4502.9147328274
5079	2177.5692636453	2428.6902467802	4504.6711361522	4486.4336624844	4502.9968256912
5080	2178.3168263538	2425.0436153090	4504.7002540525	4487.0725214410	4503.0707980803
5081	2179.0001190296	2421.9075088068	4504.7302125831	4487.6916484060	4503.1364525660
5082	2179.6161598283	2419.2129044105	4504.7610518052	4488.2834162438	4503.1935917195
5083	2180.1619669054	2416.8907792575	4504.7928117801	4488.8401978192	4503.2420181120
5084	2180.6345584165	2414.8721104847	4504.8255325692	4489.3543659968	4503.2815343148
5085	2181.0309525170	2413.0878752295	4504.8592542337	4489.8182936412	4503.3119428991
5086	2181.3481673626	2411.4690506288	4504.8940168348	4490.2243536171	4503.3330464361
5087	2181.5832211087	2409.9466138198	4504.9298604338	4490.5649187890	4503.3446474970
5088	2181.7331319108	2408.4515419398	4504.9668250921	4490.8323620216	4503.3465486532
5089	2181.7949179245	2406.9148121258	4505.0049508710	4491.0190561796	4503.3385524757
5090	2181.7655973054	2405.2674015149	4505.0442778316	4491.1173741275	4503.3204615359
5091	2181.6421882088	2403.4402872444	4505.0848460353	4491.1196887301	4503.2920784050
5092	2181.4217087905	2401.3644464513	4505.1266955433	4491.0219763318	4503.2532679451
5093	2181.1011772058	2398.9708562729	4505.1698664170	4490.8346271974	4503.2041441818
5094	2180.6778621237	2396.6053281250	4505.2149101823	4490.5716350712	4503.1448834318
5095	2180.1500342667	2396.2730105394	4505.2644242240	4490.2469936978	4503.0756620116
5096	2179.5162148707	2400.3938863265	4505.3215173916	4489.8746968217	4502.9966562378
5097	2178.7749251716	2411.3879382969	4505.3892985344	4489.4687381875	4502.9080424269
5098	2177.9246864052	2430.2800591571	4505.4708765020	4489.0431115396	4502.8099968955
5099	2176.9640198075	2452.5147811989	4505.5693601439	4488.6118106227	4502.7026959602
5100	2175.8914466143	2472.1415466101	4505.6878583095	4488.1888291812	4502.5863159376
5101	2174.7054880615	2483.2097975785	4505.8294798482	4487.7881609596	4502.4610331442
5102	2173.4046653850	2482.5098803067	4505.9973336096	4487.4237997025	4502.3270238965
5103	2171.9874998207	2477.7957570567	4506.1945284430	4487.1097391543	4502.1844645112
5104	2170.4525126045	2479.5622941055	4506.4241731981	4486.8599730597	4502.0335313049
5105	2168.7982249723	2498.3043577297	4506.6893767241	4486.6884951632	4501.8744005940
5106	2167.0231581599	2535.5498098472	4506.9932478706	4486.6092992091	4501.7072486951
5107	2165.1258334032	2556.9584949393	4507.3388954871	4486.6363789422	4501.5322519249
5108	2163.1047719382	2532.2485963077	4507.7294284230	4486.7837281069	4501.3495865999
5109	2160.9584950006	2483.2396699723	4508.1679555278	4487.0653404477	4501.1594290366
5110	2158.6855238265	2438.7968962220	4508.6575856509	4487.4952097091	4500.9619555516
5111	2156.2843796516	2403.8665797057	4509.2014276419	4488.0832122643	4500.7573424615
5112	2153.7535837119	2377.4153061618	4509.8025903501	4488.8227550004	4500.5457660829
5113	2151.1069764552	2358.4096613292	4510.4627583233	4489.7031274332	4500.3274027323
5114	2148.4196751765	2345.8162309463	4511.1779189029	4490.7136190784	4500.1024287263
5115	2145.7821163830	2338.6016007518	4511.9426351282	4491.8435194519	4499.8710203815
5116	2143.2847365817	2335.7323564844	4512.7514700388	4493.0821180693	4499.6333540143
5117	2141.0179722796	2336.1750838827	4513.5989866742	4494.4187044465	4499.3896059415
5118	2139.0722599839	2338.8963686853	4514.4797480739	4495.8425680991	4499.1399524795
5119	2137.5380362015	2342.8627966309	4515.3883172774	4497.3429985429	4498.8845699450
5120	2136.5057374396	2347.0409534580	4516.3192573244	4498.9092852938	4498.6236346544
5121	2136.0658002051	2350.5906581978	4517.2671312541	4500.5307178674	4498.3573229244
5122	2136.3086610052	2353.4446630512	4518.2265021063	4502.1965857795	4498.0858110715
5123	2137.3247563468	2355.7289535118	4519.1919329204	4503.8961785459	4497.8092754123
5124	2139.2045227371	2357.5695150730	4520.1579867360	4505.6187856823	4497.5278922634
5125	2142.0003972781	2359.0923332282	4521.1192265924	4507.3536967045	4497.2418379413
5126	2145.6128194523	2360.4233934710	4522.0702155293	4509.0902011283	4496.9512887626
5127	2149.9042293372	2361.6886812946	4523.0055165863	4510.8175884693	4496.6564210439
5128	2154.7370670103	2363.0141821928	4523.9196928027	4512.5251482434	4496.3574111017
5129	2159.9737725490	2364.5258816588	4524.8073072181	4514.2021699663	4496.0544352526
5130	2165.4767860310	2366.3240237402	4525.6629228720	4515.8379431538	4495.7476698132
5131	2171.1085475338	2368.4058867008	4526.4811028040	4517.4217573217	4495.4372911000
5132	2176.7314971347	2370.7430073585	4527.2564100536	4518.9444933982	4495.1234754296
5133	2182.2080749114	2373.3069225312	4527.9834076603	4520.4033979622	4494.8063991186
5134	2187.4007209413	2376.0691690366	4528.6566586635	4521.7973090050	4494.4862384835
5135	2192.1718753019	2379.0012836927	4529.2707261029	4523.1250645181	4494.1631698409
5136	2196.3839780708	2382.0748033174	4529.8201730179	4524.3855024929	4493.8373695074
5137	2199.9277552330	2385.2612647284	4530.3007886601	4525.5774609206	4493.5090137995
5138	2202.8070764043	2388.5322047437	4530.7132671289	4526.6997777927	4493.1782790338
5139	2205.0540971078	2391.8591601811	4531.0595287360	4527.7512911006	4492.8453415269
5140	2206.7009728668	2395.2136678585	4531.3414937928	4528.7308388357	4492.5103775953
5141	2207.7798592046	2398.5672645938	4531.5610826109	4529.6372589893	4492.1735635556
5142	2208.3229116444	2401.8914872048	4531.7202155017	4530.4693895528	4491.8350757245
5143	2208.3622857094	2405.1578725093	4531.8208127769	4531.2260685177	4491.4950904183
5144	2207.9301369229	2408.3379573253	4531.8647947479	4531.9061338753	4491.1537839538
5145	2207.0586208083	2411.4032784706	4531.8540817262	4532.5084236169	4490.8113326474
5146	2205.7798928886	2414.3253727631	4531.7905940235	4533.0317757340	4490.4679128158
5147	2204.1261086872	2417.0757770206	4531.6762519512	4533.4750282180	4490.1237007754
5148	2202.1294237273	2419.6260280610	4531.5129758208	4533.8370190602	4489.7788728430
5149	2199.8219935321	2421.9476627022	4531.3026859439	4534.1165862520	4489.4336053350
5150	2197.2359736250	2424.0122177620	4531.0473026320	4534.3125677848	4489.0880745680
5151	2194.4035195292	2425.7912300583	4530.7487461966	4534.4238016500	4488.7424568586
5152	2191.3567867679	2427.2562364090	4530.4089369493	4534.4491258390	4488.3969285234
5153	2188.1279308643	2428.3787736319	4530.0297952016	4534.3873783431	4488.0516658788
5154	2184.7491073418	2429.1303785448	4529.6132412650	4534.2373971538	4487.7068452416
5155	2181.2524717236	2429.4825879657	4529.1611954510	4533.9980202624	4487.3626429282
5156	2177.6701795329	2429.4069387125	4528.6755780711	4533.6680856603	4487.0192352552
5157	2174.0343862929	2428.8749676029	4528.1583094370	4533.2464313389	4486.6767985391
5158	2170.3772475270	2427.8582114548	4527.6113098601	4532.7318952896	4486.3355090967
5159	2166.7309187584	2426.3282070862	4527.0364996519	4532.1233155038	4485.9955432443
5160	2163.1275555103	2424.2697955179	4526.4357991239	4531.4195299727	4485.6570772987
5161	2159.5993133060	2421.7210345831	4525.8111285878	4530.6193766880	4485.3202875762
5162	2156.1783476688	2418.7332863183	4525.1644083550	4529.7216936408	4484.9853503937
5163	2152.8968141218	2415.3579127596	4524.4975587371	4528.7253188226	4484.6524420674
5164	2149.7868681884	2411.6462759434	4523.8125000455	4527.6327010815	4484.3217389142
5165	2146.8806653917	2407.6497379060	4523.1111525918	4526.4607326926	4483.9934172505
5166	2144.2103612551	2403.4196606836	4522.3954366875	4525.2299167874	4483.6676533928
5167	2141.8081113018	2399.0074063127	4521.6672726442	4523.9607564978	4483.3446236578
5168	2139.7060710551	2394.4643368295	4520.9285807734	4522.6737549554	4483.0245043621
5169	2137.9363960381	2389.8418142702	4520.1812813866	4521.3894152920	4482.7074718221
5170	2136.5226501964	2385.1912006713	4519.4272947953	4520.1282406392	4482.3937023545
5171	2135.4540311644	2380.5638580689	4518.6685413111	4518.9107341288	4482.0833722758
5172	2134.7111449987	2376.0111484995	4517.9069412454	4517.7573988926	4481.7766579026
5173	2134.2745977558	2371.5844339993	4517.1444149099	4516.6887380621	4481.4737355514
5174	2134.1249954925	2367.3350766046	4516.3828826160	4515.7252547692	4481.1747815389
5175	2134.2429442652	2363.3144383517	4515.6242646753	4514.8874521456	4480.8799721816
5176	2134.6090501308	2359.5738812770	4514.8704813993	4514.1958333229	4480.5894837960
5177	2135.2039191456	2356.1647674166	4514.1234530995	4513.6709014328	4480.3034926988
5178	2136.0081573665	2353.1384588070	4513.3851000874	4513.3331596072	4480.0221752065
5179	2137.0023708499	2350.5463174844	4512.6573426746	4513.2031109777	4479.7457076356
5180	2138.1671656525	2348.4397054852	4511.9421011726	4513.3012586760	4479.4742663027
5181	2139.4831478309	2346.8554956852	4511.2412958930	4513.6481058339	4479.2080275245
5182	2140.9309234418	2345.7726043188	4510.5568471472	4514.2641555830	4478.9471676174
5183	2142.4910985417	2345.1554584601	4509.8906752467	4515.1699110551	4478.6918628981
5184	2144.1442791873	2344.9684851829	4509.2447005032	4516.3858753819	4478.4422896830
5185	2145.8710714351	2345.1761115612	4508.6208432281	0.0000000000	0.0000000000
5186	2147.6520813418	2345.7427646691	4508.0210237330	0.0000000000	0.0000000000
5187	2149.4679149640	2346.6328715806	4507.4471623293	0.0000000000	0.0000000000
5188	2151.2991783584	2347.8108593695	4506.9011793287	0.0000000000	0.0000000000
5189	2153.1264775815	2349.2411551099	4506.3849950426	0.0000000000	0.0000000000
5190	2154.9304186899	2350.8881858757	4505.9005297826	0.0000000000	0.0000000000
5191	2156.6916077402	2352.7163787411	4505.4497038602	0.0000000000	0.0000000000
5192	2158.3906507892	2354.6901607798	4505.0344375869	0.0000000000	0.0000000000
5193	2160.0081538934	2356.7739590659	4504.6566512742	0.0000000000	0.0000000000
5194	2161.5247231093	2358.9322006734	4504.3182652337	0.0000000000	0.0000000000
5195	2162.9209644937	2361.1293126763	4504.0211997769	0.0000000000	0.0000000000
5196	2164.1774841031	2363.3297221485	4503.7673752153	0.0000000000	0.0000000000
5197	2165.2748879942	2365.4978561641	4503.5587118605	0.0000000000	0.0000000000
5198	2166.1937822235	2367.5981417969	4503.3971300240	0.0000000000	0.0000000000
5199	2166.9147728477	2369.5950061211	4503.2845500173	0.0000000000	0.0000000000
5200	2167.4184659234	2371.4528762105	4503.2228921519	0.0000000000	0.0000000000
5201	2167.6854675072	2373.1361791391	4503.2140767393	0.0000000000	0.0000000000
5202	2167.6963836558	2374.6093419810	4503.2600240912	0.0000000000	0.0000000000
5203	2167.4318204256	2375.8367918100	4503.3626545189	0.0000000000	0.0000000000
5204	2166.8723838735	2376.7829557003	4503.5238883341	0.0000000000	0.0000000000
5205	2165.9986800559	2377.4122607257	4503.7456458483	0.0000000000	0.0000000000
5206	2164.7913150295	2377.6891339603	4504.0298473730	0.0000000000	0.0000000000
5207	2163.2401160394	2377.5780024780	4504.3774274683	0.0000000000	0.0000000000
5208	2161.3717950850	2377.0432933529	4504.7853776889	0.0000000000	0.0000000000
5209	2159.2222853542	2376.0494336588	4505.2497038382	0.0000000000	0.0000000000
5210	2156.8275200349	2374.5608504697	4505.7664117195	0.0000000000	0.0000000000
5211	2154.2234323149	2372.5419708598	4506.3315071361	0.0000000000	0.0000000000
5212	2151.4459553821	2369.9572219028	4506.9409958913	0.0000000000	0.0000000000
5213	2148.5310224244	2366.7710306729	4507.5908837884	0.0000000000	0.0000000000
5214	2145.5145666297	2362.9478242439	4508.2771766308	0.0000000000	0.0000000000
5215	2142.4325211858	2358.4730418374	4508.9958802217	0.0000000000	0.0000000000
5216	2139.3208192808	2353.4161712646	4509.7430003646	0.0000000000	0.0000000000
5217	2136.2153941023	2347.8677124842	4510.5145428627	0.0000000000	0.0000000000
5218	2133.1521788384	2341.9181654550	4511.3065135193	0.0000000000	0.0000000000
5219	2130.1671066770	2335.6580301357	4512.1149181377	0.0000000000	0.0000000000
5220	2127.2961108058	2329.1778064851	4512.9357625213	0.0000000000	0.0000000000
5221	2124.5751244128	2322.5679944618	4513.7650524734	0.0000000000	0.0000000000
5222	2122.0400806858	2315.9190940246	4514.5987937973	0.0000000000	0.0000000000
5223	2119.7269128128	2309.3216051322	4515.4329922964	0.0000000000	0.0000000000
5224	2117.6715539816	2302.8660277434	4516.2636537739	0.0000000000	0.0000000000
5225	2115.9099373802	2296.6428618169	4517.0867840331	0.0000000000	0.0000000000
5226	2114.4779961963	2290.7426073114	4517.8983888775	0.0000000000	0.0000000000
5227	2113.4116636180	2285.2557641856	4518.6944741102	0.0000000000	0.0000000000
5228	2112.7468728330	2280.2728323984	4519.4710455347	0.0000000000	0.0000000000
5229	2112.5195570292	2275.8843119084	4520.2241089542	0.0000000000	0.0000000000
5230	2112.7532936329	2272.1807026743	4520.9496701721	0.0000000000	0.0000000000
5231	2113.4222370233	2269.2525046550	4521.6437349916	0.0000000000	0.0000000000
5232	2114.4881858178	2267.1902178090	4522.3023092162	0.0000000000	0.0000000000
5233	2115.9129386341	2266.0843420952	4522.9213986491	0.0000000000	0.0000000000
5234	2117.6582940897	2266.0253774723	4523.4970090936	0.0000000000	0.0000000000
5235	2119.6860508022	2267.1038238990	4524.0251463531	0.0000000000	0.0000000000
5236	2121.9580073889	2269.4101813341	4524.5018162309	0.0000000000	0.0000000000
5237	2124.4359624676	2272.9829893403	4524.9230245303	0.0000000000	0.0000000000
5238	2127.0817146557	2277.6529458963	4525.2847770545	0.0000000000	0.0000000000
5239	2129.8570625708	2283.1987885849	4525.5830796071	0.0000000000	0.0000000000
5240	2132.7238048305	2289.3992549889	4525.8139379911	0.0000000000	0.0000000000
5241	2135.6437400521	2296.0330826911	4525.9733580101	0.0000000000	0.0000000000
5242	2138.5786668534	2302.8790092743	4526.0573454673	0.0000000000	0.0000000000
5243	2141.4903838517	2309.7157723211	4526.0619061659	0.0000000000	0.0000000000
5244	2144.3406896648	2316.3221094144	4525.9830459094	0.0000000000	0.0000000000
5245	2147.0913829100	2322.4767581369	4525.8167705011	0.0000000000	0.0000000000
5246	2149.7042622050	2327.9998158838	4525.5590857442	0.0000000000	0.0000000000
5247	2152.1411261672	2332.8768192989	4525.2059974421	0.0000000000	0.0000000000
5248	2154.3637734143	2337.1346648387	4524.7535113982	0.0000000000	0.0000000000
5249	2156.3340025637	2340.8002489595	4524.1976334156	0.0000000000	0.0000000000
5250	2158.0221157596	2343.9004681175	4523.5367798541	0.0000000000	0.0000000000
5251	2159.4324292526	2346.4622187692	4522.7790092977	0.0000000000	0.0000000000
5252	2160.5777628199	2348.5123973707	4521.9347908872	0.0000000000	0.0000000000
5253	2161.4709362387	2350.0779003785	4521.0145937629	0.0000000000	0.0000000000
5254	2162.1247692863	2351.1865024493	4520.0288870654	0.0000000000	0.0000000000
5255	2162.5520817399	2351.8694910422	4518.9881399352	0.0000000000	0.0000000000
5256	2162.7656933766	2352.1590318166	4517.9028215128	0.0000000000	0.0000000000
5257	2162.7784239737	2352.0872904321	4516.7834009387	0.0000000000	0.0000000000
5258	2162.6030933084	2351.6864325480	4515.6403473534	0.0000000000	0.0000000000
5259	2162.2525211579	2350.9886238240	4514.4841298975	0.0000000000	0.0000000000
5260	2161.7395272995	2350.0260299196	4513.3252177113	0.0000000000	0.0000000000
5261	2161.0769315102	2348.8308164941	4512.1740799356	0.0000000000	0.0000000000
5262	2160.2775535675	2347.4351492071	4511.0411857106	0.0000000000	0.0000000000
5263	2159.3542132484	2345.8711937182	4509.9370041771	0.0000000000	0.0000000000
5264	2158.3197303302	2344.1711156867	4508.8720044754	0.0000000000	0.0000000000
5265	2157.1869245900	2342.3670807723	4507.8566557460	0.0000000000	0.0000000000
5266	2155.9686158052	2340.4912546343	4506.9014271296	0.0000000000	0.0000000000
5267	2154.6776237530	2338.5758029324	4506.0167877666	0.0000000000	0.0000000000
5268	2153.3267682104	2336.6528913259	4505.2132067974	0.0000000000	0.0000000000
5269	2151.9288689548	2334.7546854744	4504.5011533627	0.0000000000	0.0000000000
5270	2150.4967457634	2332.9133510374	4503.8910966029	0.0000000000	0.0000000000
5271	2149.0432184133	2331.1610536744	4503.3935056585	0.0000000000	0.0000000000
5272	2147.5811066819	2329.5299590448	4503.0188496700	0.0000000000	0.0000000000
5273	2146.1232303462	2328.0522328083	4502.7775977780	0.0000000000	0.0000000000
5274	2144.6824091836	2326.7600406241	4502.6802191230	0.0000000000	0.0000000000
5275	2143.2714629712	2325.6855481520	4502.7371828454	0.0000000000	0.0000000000
5276	2141.9032114863	2324.8609210513	4502.9589580857	0.0000000000	0.0000000000
5277	2140.5904745060	2324.3183249815	4503.3560139846	0.0000000000	0.0000000000
5278	2139.3460718077	2324.0899256022	4503.9388196824	0.0000000000	0.0000000000
5279	2138.1828231684	2324.2078885729	4504.7178443198	0.0000000000	0.0000000000
5280	2137.1135483654	2324.7043795529	4505.7035570371	0.0000000000	0.0000000000
5281	2136.1510671759	2325.6039376514	4506.9064269749	0.0000000000	0.0000000000
5282	2135.3081993772	2326.9005957752	4508.3369232738	0.0000000000	0.0000000000
5283	2134.5977647464	2328.5807602807	4510.0055150742	0.0000000000	0.0000000000
5284	2134.0325830607	2330.6308375242	4511.9226715166	0.0000000000	0.0000000000
5285	2133.6254740975	2333.0372338620	4514.0988617416	0.0000000000	0.0000000000
5286	2133.3892576338	2335.7863556506	4516.5445548896	0.0000000000	0.0000000000
5287	2133.3367534470	2338.8646092463	4519.2702201011	0.0000000000	0.0000000000
5288	2133.4807813141	2342.2584010055	4522.2863265168	0.0000000000	0.0000000000
5289	2133.8341610125	2345.9541372845	4525.6033432770	0.0000000000	0.0000000000
5290	2134.4097123194	2350.1477837348	4529.2317395223	0.0000000000	0.0000000000
5291	2135.2202550119	2355.8735431883	4533.1819843932	0.0000000000	0.0000000000
5292	2136.2786088672	2364.3751777721	4537.4645470302	0.0000000000	0.0000000000
5293	2137.5975936627	2376.8964496132	4542.0898965739	0.0000000000	0.0000000000
5294	2139.1900291755	2394.6811208387	4547.0685021646	0.0000000000	0.0000000000
5295	2141.0687351828	2418.9729535756	4552.4108329430	0.0000000000	0.0000000000
5296	2143.2465314618	2446.4688178930	4558.1273580495	0.0000000000	0.0000000000
5297	2145.7362377897	2455.6780156280	4564.2285466246	0.0000000000	0.0000000000
5298	2148.5506739438	2420.5629565600	4570.7248678089	0.0000000000	0.0000000000
5299	2151.7026597013	2315.0860504682	4577.6267907429	0.0000000000	0.0000000000
